id;usuario;vacante;evaluador;fecha;d1_match_cv;d2_north_star;d3_compensacion;d4_cultura;d5_red_flags;global;global_personal;banda;explicacion;hueco;hash_cv
1;12;110;5;15/07/2026;2;2;4;3;2;3,5;3,4;Media;Punto fuerte: experiencia. Cubre Inglés. Punto débil: encaje con el rol.;Acreditar Microsoft Office: la vacante lo pide y no figura en el CV.;71000804a77686a1db7205c014abe342
2;9;236;5;15/07/2026;2;1;2;1;1;2,3;2,3;Baja;Sin puntos fuertes claros para este puesto. Cubre SAP. Punto débil: habilidades pedidas: le falta Trabajo en equipo, Logística.;Acreditar Trabajo en equipo: la vacante lo pide y no figura en el CV.;2a84e3ebb2f9f0e3841cbb047491fc45
3;47;57;5;15/07/2026;5;2;2;3;3;3,5;3,3;Media;Punto fuerte: encaje con el rol. Cubre Salesforce, Euskera. Punto débil: habilidades pedidas: le falta Atención al cliente, Negociación.;Acreditar Atención al cliente: la vacante lo pide y no figura en el CV.;632cb7af436fcdef206636840f9bd3e9
4;12;96;5;15/07/2026;2;1;3;1;2;2,1;2,3;Baja;Punto fuerte: experiencia. No acredita a buen nivel ninguna de las habilidades pedidas. Punto débil: habilidades pedidas: le falta SQL, Python.;Acreditar SQL: la vacante lo pide y no figura en el CV.;71000804a77686a1db7205c014abe342
5;19;86;5;15/07/2026;5;3;3;1;4;4,2;4,0;Alta;Punto fuerte: encaje con el rol. Cubre Trabajo bajo presión, Empatía, Euskera. Punto débil: retribución.;Acreditar Atención al cliente: la vacante lo pide y no figura en el CV.;07de0c3b759cac6c75f836ee50a4ea34
6;6;215;5;15/07/2026;2;3;4;4;3;3,5;3,8;Media;Punto fuerte: experiencia. Cubre Organización. Punto débil: encaje con el rol.;Acreditar Atención al cliente: la vacante lo pide y no figura en el CV.;20957a05960764518bb49811dc16a350
7;62;185;5;15/07/2026;5;3;5;3;3;4,4;4,2;Alta;Punto fuerte: encaje con el rol. Cubre Atención al cliente, Microsoft Office. Punto débil: habilidades pedidas: le falta Organización, Odoo.;Acreditar Organización: la vacante lo pide y no figura en el CV.;cb24798309bdfcaab479bb037eec32ab
8;63;96;5;15/07/2026;5;3;4;1;4;4,3;4,0;Alta;Punto fuerte: encaje con el rol. Cubre SQL, Análisis estadístico, Euskera. Punto débil: retribución.;Acreditar Python: la vacante lo pide y no figura en el CV.;a76d2d2fdfe4ab06c79ecacf09618e66
9;71;124;5;15/07/2026;2;1;3;3;1;2,2;2,7;Baja;Punto fuerte: experiencia. Cubre SAP. Punto débil: habilidades pedidas: le falta Excel avanzado, Atención al detalle.;Acreditar Excel avanzado: la vacante lo pide y no figura en el CV.;6384f499504c9afb3e5b3fa9933e517e
10;8;184;5;15/07/2026;3;1;3;2;2;2,8;2,6;Baja;Punto fuerte: encaje con el rol. No acredita a buen nivel ninguna de las habilidades pedidas. Punto débil: habilidades pedidas: le falta AutoCAD, Gestión de proyectos.;Acreditar AutoCAD: la vacante lo pide y no figura en el CV.;9091e8fb9fb54d7ae3978b0e9dfdfd4e
11;48;95;5;15/07/2026;5;1;3;4;4;4,1;4,4;Alta;Punto fuerte: encaje con el rol. No acredita a buen nivel ninguna de las habilidades pedidas. Punto débil: habilidades pedidas: le falta Atención al cliente, Orientación a resultados.;Acreditar Atención al cliente: la vacante lo pide y no figura en el CV.;6be6b4c03c998ee742d555c2c8441002
12;74;148;5;15/07/2026;1;1;1;1;1;1,5;1,8;Baja;Sin puntos fuertes claros para este puesto. No acredita a buen nivel ninguna de las habilidades pedidas. Punto débil: encaje con el rol.;Acreditar Logística: la vacante lo pide y no figura en el CV.;670d890f4ae2ab6b18accfa8c5a36fe3
13;1;229;5;15/07/2026;5;2;3;2;3;3,9;3,7;Media;Punto fuerte: encaje con el rol. Cubre Pensamiento crítico. Punto débil: habilidades pedidas: le falta Excel avanzado, Contabilidad.;Acreditar Excel avanzado: la vacante lo pide y no figura en el CV.;a1bec3d7b0af64b7b136dfd2d05d6fb7
14;72;130;5;15/07/2026;3;2;5;4;3;3,7;3,7;Media;Punto fuerte: experiencia. No acredita a buen nivel ninguna de las habilidades pedidas. Punto débil: habilidades pedidas: le falta Docker, Ciberseguridad.;Acreditar Docker: la vacante lo pide y no figura en el CV.;00c6ea09b3c021f3b117297451d698eb
15;20;142;5;15/07/2026;5;1;4;5;2;3,3;3,5;Media;Punto fuerte: encaje con el rol. No acredita a buen nivel ninguna de las habilidades pedidas. Punto débil: habilidades pedidas: le falta Excel avanzado, SAP.;Acreditar Excel avanzado: la vacante lo pide y no figura en el CV.;d63095188ac78085013df7e2e119a597
16;47;129;5;15/07/2026;5;1;4;2;3;3,3;3,3;Media;Punto fuerte: encaje con el rol. Cubre Salesforce. Punto débil: habilidades pedidas: le falta Negociación, Atención al cliente.;Acreditar Negociación: la vacante lo pide y no figura en el CV.;632cb7af436fcdef206636840f9bd3e9
17;15;232;5;15/07/2026;2;1;2;4;1;2,4;2,2;Baja;Punto fuerte: retribución. No acredita a buen nivel ninguna de las habilidades pedidas. Punto débil: habilidades pedidas: le falta Negociación, Gestión de proyectos.;Acreditar Negociación: la vacante lo pide y no figura en el CV.;045acccb8d5df88f9758c8c5ad6ab3da
18;38;90;5;15/07/2026;2;1;3;4;1;2,5;2,3;Baja;Punto fuerte: retribución. No acredita a buen nivel ninguna de las habilidades pedidas. Punto débil: habilidades pedidas: le falta JavaScript, SQL.;Acreditar JavaScript: la vacante lo pide y no figura en el CV.;68f33e0ca8603c304a1b18b11dfd0464
19;54;9;5;15/07/2026;5;1;4;3;3;3,1;2,7;Media;Punto fuerte: encaje con el rol. Cubre Atención al cliente. Punto débil: habilidades pedidas: le falta Odoo, Organización.;Acreditar Odoo: la vacante lo pide y no figura en el CV.;859984ad4520ebcdd0cd73c27c6bb5b8
20;38;85;5;15/07/2026;2;1;4;2;2;2,7;2,7;Baja;Punto fuerte: experiencia. No acredita a buen nivel ninguna de las habilidades pedidas. Punto débil: habilidades pedidas: le falta Atención al cliente, Vocación de servicio.;Acreditar Atención al cliente: la vacante lo pide y no figura en el CV.;68f33e0ca8603c304a1b18b11dfd0464
21;53;183;5;15/07/2026;5;2;4;5;3;4,1;4,1;Alta;Punto fuerte: encaje con el rol. Cubre Negociación. Punto débil: habilidades pedidas: le falta Orientación a resultados, Atención al cliente.;Acreditar Orientación a resultados: la vacante lo pide y no figura en el CV.;d7dc5213f05e3731c1548793a9af61e6
22;74;180;5;15/07/2026;2;1;2;3;1;2,4;2,6;Baja;Punto fuerte: retribución. No acredita a buen nivel ninguna de las habilidades pedidas. Punto débil: habilidades pedidas: le falta Logística, SAP.;Acreditar Logística: la vacante lo pide y no figura en el CV.;670d890f4ae2ab6b18accfa8c5a36fe3
23;52;193;5;15/07/2026;2;1;4;3;2;2,5;3,1;Baja;Punto fuerte: experiencia. No acredita a buen nivel ninguna de las habilidades pedidas. Punto débil: habilidades pedidas: le falta Atención al cliente, Microsoft Office.;Acreditar Atención al cliente: la vacante lo pide y no figura en el CV.;9c968e3db36d38047984c27ed0614858
24;69;223;5;15/07/2026;5;4;2;3;4;4,7;4,6;Alta;Punto fuerte: encaje con el rol. Cubre Empatía, Creatividad. Punto débil: experiencia.;Subir Photoshop de nivel 2 a 3.;7acbc14f03275bc7b352029c8f0b9bc1
25;68;223;5;15/07/2026;2;2;1;3;2;2,6;2,7;Baja;Punto fuerte: retribución. Cubre Empatía. Punto débil: experiencia.;Acreditar Creatividad: la vacante lo pide y no figura en el CV.;e74475b24a3a5e1c4424f7c7a57ca71c
26;23;144;5;15/07/2026;3;1;5;1;2;3,0;2,9;Media;Punto fuerte: experiencia. No acredita a buen nivel ninguna de las habilidades pedidas. Punto débil: habilidades pedidas: le falta Contabilidad, Organización.;Acreditar Contabilidad: la vacante lo pide y no figura en el CV.;c69114ac25b163c11e24ee2b45095c2e
27;67;54;5;15/07/2026;2;1;4;4;2;3,0;3,1;Media;Punto fuerte: experiencia. No acredita a buen nivel ninguna de las habilidades pedidas. Punto débil: habilidades pedidas: le falta Google Analytics, HubSpot.;Acreditar Google Analytics: la vacante lo pide y no figura en el CV.;91cd2ac01281f8d5fa469f6015e9a4ab
28;52;193;3;15/07/2026;2;1;5;3;2;2,6;2,6;Baja;Revisión manual. Punto fuerte: experiencia.;Acreditar Atención al cliente: la vacante lo pide y no figura en el CV.;9c968e3db36d38047984c27ed0614858
29;78;93;5;16/07/2026;2;3;5;4;3;3,6;3,5;Media;Punto fuerte: experiencia. Cubre Francés, Inglés. Punto débil: encaje con el rol.;Acreditar Atención al cliente: la vacante lo pide y no figura en el CV.;215b534770cb82e308cf143763fa6b20
30;23;80;5;16/07/2026;5;2;5;3;3;3,7;3,2;Media;Punto fuerte: encaje con el rol. Cubre Mecanizado CNC, Prevención de riesgos. Punto débil: habilidades pedidas: le falta Trabajo bajo presión, Trabajo en equipo.;Acreditar Trabajo bajo presión: la vacante lo pide y no figura en el CV.;c69114ac25b163c11e24ee2b45095c2e
31;79;9;5;16/07/2026;4;1;2;3;2;3,3;3,0;Media;Punto fuerte: encaje con el rol. No acredita a buen nivel ninguna de las habilidades pedidas. Punto débil: habilidades pedidas: le falta Atención al cliente, Odoo.;Acreditar Atención al cliente: la vacante lo pide y no figura en el CV.;dbc3ae586769d482cb1309411aec185f
32;75;156;5;16/07/2026;1;1;4;3;1;2,3;2,5;Baja;Punto fuerte: experiencia. No acredita a buen nivel ninguna de las habilidades pedidas. Punto débil: encaje con el rol.;Acreditar Negociación: la vacante lo pide y no figura en el CV.;d30d03d751c3dd67c9e53c2c3fd99212
33;21;158;5;16/07/2026;4;1;2;1;1;2,5;3,0;Baja;Punto fuerte: encaje con el rol. No acredita a buen nivel ninguna de las habilidades pedidas. Punto débil: habilidades pedidas: le falta Microsoft Office, Odoo.;Acreditar Microsoft Office: la vacante lo pide y no figura en el CV.;e474a22c958190bad25d49ed5c04aaf3
34;76;146;5;16/07/2026;1;1;2;3;1;1,4;1,1;Baja;Punto fuerte: retribución. No acredita a buen nivel ninguna de las habilidades pedidas. Punto débil: encaje con el rol.;Acreditar JavaScript: la vacante lo pide y no figura en el CV.;4cfd825587a78dd0bc54d9398a050a4f
35;5;96;5;16/07/2026;5;3;5;1;4;4,1;4,1;Alta;Punto fuerte: encaje con el rol. Cubre SQL, Python. Punto débil: retribución.;Acreditar Análisis estadístico: la vacante lo pide y no figura en el CV.;f894e1db4345616d702c24ded0c3174b
36;54;248;5;16/07/2026;5;1;5;3;4;3,2;2,8;Media;Punto fuerte: encaje con el rol. No acredita a buen nivel ninguna de las habilidades pedidas. Punto débil: habilidades pedidas: le falta Prevención de riesgos, Mecanizado CNC.;Acreditar Prevención de riesgos: la vacante lo pide y no figura en el CV.;859984ad4520ebcdd0cd73c27c6bb5b8
37;76;62;5;16/07/2026;4;2;4;3;3;3,6;3,6;Media;Punto fuerte: encaje con el rol. Cubre Organización. Punto débil: habilidades pedidas: le falta Odoo, Microsoft Office.;Acreditar Odoo: la vacante lo pide y no figura en el CV.;4cfd825587a78dd0bc54d9398a050a4f
38;9;53;5;16/07/2026;2;2;2;2;2;2,8;2,7;Baja;Sin puntos fuertes claros para este puesto. Cubre Organización. Punto débil: encaje con el rol.;Acreditar Atención al cliente: la vacante lo pide y no figura en el CV.;2a84e3ebb2f9f0e3841cbb047491fc45
39;62;190;5;16/07/2026;5;2;5;3;4;4,1;3,9;Alta;Punto fuerte: encaje con el rol. Cubre Atención al cliente. Punto débil: habilidades pedidas: le falta Odoo, Organización.;Acreditar Odoo: la vacante lo pide y no figura en el CV.;cb24798309bdfcaab479bb037eec32ab
40;7;223;5;16/07/2026;3;1;4;5;3;3,0;3,2;Media;Punto fuerte: retribución. Cubre Empatía. Punto débil: habilidades pedidas: le falta Creatividad, Photoshop.;Acreditar Creatividad: la vacante lo pide y no figura en el CV.;383eaa5c29506016b589f75b32306891
41;2;174;5;16/07/2026;2;1;2;3;2;2,3;2,7;Baja;Punto fuerte: retribución. No acredita a buen nivel ninguna de las habilidades pedidas. Punto débil: habilidades pedidas: le falta Empatía, Microsoft Office.;Acreditar Empatía: la vacante lo pide y no figura en el CV.;ff6a94069d1ee9118029d75b03c2d938
42;65;88;5;16/07/2026;4;2;4;3;3;3,6;3,4;Media;Punto fuerte: encaje con el rol. Cubre Diseño gráfico. Punto débil: habilidades pedidas: le falta AutoCAD, Atención al detalle.;Acreditar AutoCAD: la vacante lo pide y no figura en el CV.;3cb0682fe51ea684660b1b35c056b93a
43;47;96;5;16/07/2026;2;2;5;1;2;3,2;3,1;Media;Punto fuerte: experiencia. Cubre Euskera. Punto débil: retribución.;Acreditar SQL: la vacante lo pide y no figura en el CV.;632cb7af436fcdef206636840f9bd3e9
44;64;48;5;16/07/2026;1;1;4;2;2;2,4;2,6;Baja;Punto fuerte: experiencia. No acredita a buen nivel ninguna de las habilidades pedidas. Punto débil: encaje con el rol.;Acreditar Microsoft Office: la vacante lo pide y no figura en el CV.;8fcae24fb6920086713d68c73ed9e705
45;22;40;5;16/07/2026;2;2;4;2;2;2,8;3,1;Baja;Punto fuerte: experiencia. No acredita a buen nivel ninguna de las habilidades pedidas. Punto débil: encaje con el rol.;Acreditar Francés: la vacante lo pide y no figura en el CV.;b014218a24551d0c092d944009a50535
46;13;91;5;16/07/2026;5;4;3;3;4;4,8;4,8;Alta;Punto fuerte: encaje con el rol. Cubre Atención al cliente, Orientación a resultados, Negociación. Punto débil: experiencia.;Acreditar Salesforce: la vacante lo pide y no figura en el CV.;378db114d70b4e32b39eb03832f54cb8
47;4;110;5;16/07/2026;4;1;4;3;3;3,4;3,3;Media;Punto fuerte: encaje con el rol. Cubre Inglés. Punto débil: habilidades pedidas: le falta Microsoft Office, Francés.;Acreditar Microsoft Office: la vacante lo pide y no figura en el CV.;c87557ecf671fcc862d8f4c7c86bcd1e
48;79;71;5;16/07/2026;5;2;2;3;3;3,5;3,4;Media;Punto fuerte: encaje con el rol. No acredita a buen nivel ninguna de las habilidades pedidas. Punto débil: habilidades pedidas: le falta Pensamiento crítico, SAP.;Acreditar Pensamiento crítico: la vacante lo pide y no figura en el CV.;dbc3ae586769d482cb1309411aec185f
49;60;185;5;16/07/2026;1;1;3;4;2;2,0;2,2;Baja;Punto fuerte: retribución. No acredita a buen nivel ninguna de las habilidades pedidas. Punto débil: encaje con el rol.;Acreditar Atención al cliente: la vacante lo pide y no figura en el CV.;7fb8cfa04fabdd00e9a549148bd60e44
50;16;93;5;16/07/2026;2;1;3;1;2;2,2;2,3;Baja;Punto fuerte: experiencia. No acredita a buen nivel ninguna de las habilidades pedidas. Punto débil: habilidades pedidas: le falta Atención al cliente, Francés.;Acreditar Atención al cliente: la vacante lo pide y no figura en el CV.;9530d96f3cc7bbb0bbb2b41a3b822435
51;73;106;5;16/07/2026;2;2;3;3;3;3,4;3,3;Media;Punto fuerte: experiencia. Cubre Autonomía. Punto débil: encaje con el rol.;Acreditar Soldadura: la vacante lo pide y no figura en el CV.;c7572b0b01ded11bb39dd474f5304968
52;58;96;5;16/07/2026;5;3;4;1;3;4,1;4,1;Alta;Punto fuerte: encaje con el rol. Cubre SQL, Python, Euskera. Punto débil: retribución.;Acreditar Análisis estadístico: la vacante lo pide y no figura en el CV.;f32dca8b4bbeaf7b99a5388a3ee25d05
53;60;45;5;16/07/2026;1;2;2;5;2;3,0;3,3;Media;Punto fuerte: retribución. Cubre Euskera. Punto débil: encaje con el rol.;Acreditar Atención al detalle: la vacante lo pide y no figura en el CV.;7fb8cfa04fabdd00e9a549148bd60e44
54;21;52;5;16/07/2026;4;1;1;1;2;2,6;2,7;Baja;Punto fuerte: encaje con el rol. No acredita a buen nivel ninguna de las habilidades pedidas. Punto débil: habilidades pedidas: le falta Francés, Microsoft Office.;Acreditar Francés: la vacante lo pide y no figura en el CV.;e474a22c958190bad25d49ed5c04aaf3
55;3;183;5;16/07/2026;2;2;2;2;2;2,5;2,6;Baja;Sin puntos fuertes claros para este puesto. Cubre Negociación. Punto débil: encaje con el rol.;Acreditar Orientación a resultados: la vacante lo pide y no figura en el CV.;41639786d6f8a244b34cde0b836e6d9c
56;13;6;5;16/07/2026;5;2;1;3;2;3,9;3,6;Media;Punto fuerte: encaje con el rol. Cubre Creatividad. Punto débil: experiencia.;Acreditar Empatía: la vacante lo pide y no figura en el CV.;378db114d70b4e32b39eb03832f54cb8
57;36;93;5;16/07/2026;2;1;3;2;3;3,0;3,0;Media;Punto fuerte: experiencia. No acredita a buen nivel ninguna de las habilidades pedidas. Punto débil: habilidades pedidas: le falta Atención al cliente, Francés.;Acreditar Atención al cliente: la vacante lo pide y no figura en el CV.;a9c8adea270d72c098cdcfc98cec0a24
58;40;200;5;16/07/2026;5;1;2;2;2;3,0;2,5;Media;Punto fuerte: encaje con el rol. No acredita a buen nivel ninguna de las habilidades pedidas. Punto débil: habilidades pedidas: le falta Organización, Microsoft Office.;Acreditar Organización: la vacante lo pide y no figura en el CV.;9787e8ce8f1ff73732a864352c285885
59;2;113;5;16/07/2026;3;1;3;3;2;2,7;2,1;Baja;Punto fuerte: encaje con el rol. No acredita a buen nivel ninguna de las habilidades pedidas. Punto débil: habilidades pedidas: le falta Análisis estadístico, SQL.;Acreditar Análisis estadístico: la vacante lo pide y no figura en el CV.;ff6a94069d1ee9118029d75b03c2d938
60;1;83;5;16/07/2026;2;3;3;2;3;3,0;3,0;Media;Punto fuerte: habilidades pedidas (Pensamiento crítico, Euskera). Cubre Pensamiento crítico, Euskera. Punto débil: encaje con el rol.;Acreditar Atención al detalle: la vacante lo pide y no figura en el CV.;a1bec3d7b0af64b7b136dfd2d05d6fb7
61;52;100;5;16/07/2026;2;2;3;3;2;2,8;2,8;Baja;Punto fuerte: experiencia. No acredita a buen nivel ninguna de las habilidades pedidas. Punto débil: encaje con el rol.;Acreditar Atención al cliente: la vacante lo pide y no figura en el CV.;9c968e3db36d38047984c27ed0614858
62;34;183;5;16/07/2026;5;1;3;4;3;3,8;3,7;Media;Punto fuerte: encaje con el rol. No acredita a buen nivel ninguna de las habilidades pedidas. Punto débil: habilidades pedidas: le falta Negociación, Orientación a resultados.;Acreditar Negociación: la vacante lo pide y no figura en el CV.;19a6f235332b07f91f5633b04c2e4e92
63;72;184;5;16/07/2026;5;3;5;5;4;4,3;3,9;Alta;Punto fuerte: encaje con el rol. Cubre AutoCAD, Gestión de proyectos. Punto débil: habilidades pedidas: le falta SAP, Resolución de problemas.;Acreditar SAP: la vacante lo pide y no figura en el CV.;00c6ea09b3c021f3b117297451d698eb
64;70;240;5;16/07/2026;2;1;1;4;2;2,5;2,4;Baja;Punto fuerte: retribución. No acredita a buen nivel ninguna de las habilidades pedidas. Punto débil: habilidades pedidas: le falta Atención al cliente, Salesforce.;Acreditar Atención al cliente: la vacante lo pide y no figura en el CV.;f5afac3bc9ed839fa51c0f7d16a6b1f0
65;38;160;5;16/07/2026;2;1;4;2;2;2,6;3,0;Baja;Punto fuerte: experiencia. No acredita a buen nivel ninguna de las habilidades pedidas. Punto débil: habilidades pedidas: le falta WordPress, Google Analytics.;Acreditar WordPress: la vacante lo pide y no figura en el CV.;68f33e0ca8603c304a1b18b11dfd0464
66;65;88;4;16/07/2026;3;2;4;2;3;3,5;3,5;Media;Revisión manual. Punto fuerte: encaje con el rol.;Acreditar AutoCAD: la vacante lo pide y no figura en el CV.;3cb0682fe51ea684660b1b35c056b93a
67;6;215;4;16/07/2026;1;3;4;3;2;3,7;3,7;Media;Revisión manual. Punto fuerte: experiencia.;Acreditar Atención al cliente: la vacante lo pide y no figura en el CV.;20957a05960764518bb49811dc16a350
68;79;213;5;17/07/2026;5;3;3;2;3;4,3;4,1;Alta;Punto fuerte: encaje con el rol. Cubre Creatividad, Euskera. Punto débil: retribución.;Acreditar Organización: la vacante lo pide y no figura en el CV.;dbc3ae586769d482cb1309411aec185f
69;78;196;5;17/07/2026;5;2;5;1;4;4,0;4,3;Alta;Punto fuerte: encaje con el rol. Cubre Gestión de proyectos, Resolución de problemas. Punto débil: retribución.;Acreditar AutoCAD: la vacante lo pide y no figura en el CV.;215b534770cb82e308cf143763fa6b20
70;8;190;5;17/07/2026;3;1;2;3;2;3,0;3,0;Media;Punto fuerte: encaje con el rol. No acredita a buen nivel ninguna de las habilidades pedidas. Punto débil: habilidades pedidas: le falta Odoo, Atención al cliente.;Acreditar Odoo: la vacante lo pide y no figura en el CV.;9091e8fb9fb54d7ae3978b0e9dfdfd4e
71;64;127;5;17/07/2026;2;1;2;3;1;2,2;2,4;Baja;Punto fuerte: retribución. No acredita a buen nivel ninguna de las habilidades pedidas. Punto débil: habilidades pedidas: le falta QuickBooks, Organización.;Acreditar QuickBooks: la vacante lo pide y no figura en el CV.;8fcae24fb6920086713d68c73ed9e705
72;45;57;5;17/07/2026;3;2;1;3;3;3,3;3,1;Media;Punto fuerte: encaje con el rol. Cubre Euskera. Punto débil: experiencia.;Acreditar Orientación a resultados: la vacante lo pide y no figura en el CV.;79696bcf14d19d8cc255fccfe9b7752e
73;68;220;5;17/07/2026;2;3;5;1;3;3,7;3,9;Media;Punto fuerte: experiencia. Cubre Empatía, Euskera. Punto débil: retribución.;Acreditar Trabajo bajo presión: la vacante lo pide y no figura en el CV.;e74475b24a3a5e1c4424f7c7a57ca71c
74;78;45;5;17/07/2026;2;1;3;5;3;3,0;3,4;Media;Punto fuerte: retribución. No acredita a buen nivel ninguna de las habilidades pedidas. Punto débil: habilidades pedidas: le falta AutoCAD, Diseño gráfico.;Acreditar AutoCAD: la vacante lo pide y no figura en el CV.;215b534770cb82e308cf143763fa6b20
75;18;246;5;17/07/2026;2;1;2;5;2;3,0;3,1;Media;Punto fuerte: retribución. No acredita a buen nivel ninguna de las habilidades pedidas. Punto débil: habilidades pedidas: le falta JavaScript, Git.;Acreditar JavaScript: la vacante lo pide y no figura en el CV.;f75337c1535cca7acdd8d464a5086ad5
76;49;242;5;17/07/2026;1;1;5;3;1;2,8;3,1;Baja;Punto fuerte: experiencia. No acredita a buen nivel ninguna de las habilidades pedidas. Punto débil: encaje con el rol.;Acreditar Pensamiento crítico: la vacante lo pide y no figura en el CV.;0ffba22ba3e4f470126a6a7993f8732a
77;17;242;5;17/07/2026;2;1;4;3;2;2,8;3,2;Baja;Punto fuerte: experiencia. No acredita a buen nivel ninguna de las habilidades pedidas. Punto débil: habilidades pedidas: le falta Pensamiento crítico, Inglés.;Acreditar Pensamiento crítico: la vacante lo pide y no figura en el CV.;f3e4a5aecc6a5f944e9ac15302f98862
78;64;223;5;17/07/2026;5;2;2;4;3;4,2;3,9;Alta;Punto fuerte: encaje con el rol. Cubre Creatividad, Photoshop. Punto débil: habilidades pedidas: le falta Empatía.;Acreditar Empatía: la vacante lo pide y no figura en el CV.;8fcae24fb6920086713d68c73ed9e705
79;43;210;5;17/07/2026;5;2;4;3;3;3,9;3,6;Media;Punto fuerte: encaje con el rol. Cubre Atención al detalle. Punto débil: habilidades pedidas: le falta AutoCAD, Diseño gráfico.;Acreditar AutoCAD: la vacante lo pide y no figura en el CV.;9defc6717147945ac3ef5433653b5bd3
80;26;46;5;17/07/2026;2;2;1;2;2;2,2;2,0;Baja;Sin puntos fuertes claros para este puesto. No acredita a buen nivel ninguna de las habilidades pedidas. Punto débil: experiencia.;Acreditar Comunicación: la vacante lo pide y no figura en el CV.;e18d57d93e73503c7ab01f43e67c99b0
81;1;47;5;17/07/2026;2;2;2;5;2;2,8;2,4;Baja;Punto fuerte: retribución. Cubre Euskera. Punto débil: encaje con el rol.;Acreditar Figma: la vacante lo pide y no figura en el CV.;a1bec3d7b0af64b7b136dfd2d05d6fb7
82;74;21;5;17/07/2026;2;2;3;1;2;2,8;2,2;Baja;Punto fuerte: experiencia. No acredita a buen nivel ninguna de las habilidades pedidas. Punto débil: retribución.;Acreditar Odoo: la vacante lo pide y no figura en el CV.;670d890f4ae2ab6b18accfa8c5a36fe3
83;78;96;5;17/07/2026;4;1;4;2;2;3,0;2,8;Media;Punto fuerte: encaje con el rol. No acredita a buen nivel ninguna de las habilidades pedidas. Punto débil: habilidades pedidas: le falta SQL, Python.;Acreditar SQL: la vacante lo pide y no figura en el CV.;215b534770cb82e308cf143763fa6b20
84;72;245;5;17/07/2026;5;3;5;5;3;4,2;3,9;Alta;Punto fuerte: encaje con el rol. Cubre Gestión de proyectos. Punto débil: habilidades pedidas: le falta Resolución de problemas, Excel avanzado.;Acreditar Resolución de problemas: la vacante lo pide y no figura en el CV.;00c6ea09b3c021f3b117297451d698eb
85;35;193;5;17/07/2026;4;2;3;1;4;3,8;3,7;Media;Punto fuerte: encaje con el rol. Cubre Atención al cliente. Punto débil: retribución.;Acreditar Microsoft Office: la vacante lo pide y no figura en el CV.;2ec93fe739d638737d2fb11b7af497bb
86;6;240;5;17/07/2026;3;2;3;5;2;3,2;3,4;Media;Punto fuerte: retribución. No acredita a buen nivel ninguna de las habilidades pedidas. Punto débil: habilidades pedidas: le falta Atención al cliente, Salesforce.;Acreditar Atención al cliente: la vacante lo pide y no figura en el CV.;20957a05960764518bb49811dc16a350
87;65;28;5;17/07/2026;5;2;5;1;4;4,2;4,1;Alta;Punto fuerte: encaje con el rol. No acredita a buen nivel ninguna de las habilidades pedidas. Punto débil: retribución.;Acreditar Atención al cliente: la vacante lo pide y no figura en el CV.;3cb0682fe51ea684660b1b35c056b93a
88;23;86;5;17/07/2026;5;3;4;2;4;4,6;4,2;Alta;Punto fuerte: encaje con el rol. Cubre Atención al cliente, Empatía, Euskera. Punto débil: retribución.;Acreditar Trabajo bajo presión: la vacante lo pide y no figura en el CV.;c69114ac25b163c11e24ee2b45095c2e
89;32;152;5;17/07/2026;2;2;5;3;3;3,1;2,8;Media;Punto fuerte: experiencia. No acredita a buen nivel ninguna de las habilidades pedidas. Punto débil: encaje con el rol.;Acreditar AutoCAD: la vacante lo pide y no figura en el CV.;75dca3528dcbd1edfbded4bb0601c459
90;68;52;5;17/07/2026;5;2;3;1;3;3,8;3,6;Media;Punto fuerte: encaje con el rol. Cubre Microsoft Office. Punto débil: retribución.;Acreditar Atención al cliente: la vacante lo pide y no figura en el CV.;e74475b24a3a5e1c4424f7c7a57ca71c
91;52;12;5;17/07/2026;3;2;1;4;2;2,9;3,0;Baja;Punto fuerte: retribución. Cubre Inglés. Punto débil: experiencia.;Acreditar Análisis estadístico: la vacante lo pide y no figura en el CV.;9c968e3db36d38047984c27ed0614858
92;79;213;3;17/07/2026;5;3;4;3;4;4,3;4,3;Alta;Revisión manual. Punto fuerte: encaje con el rol.;Acreditar Organización: la vacante lo pide y no figura en el CV.;dbc3ae586769d482cb1309411aec185f
93;76;62;3;17/07/2026;4;2;5;3;2;3,4;3,4;Media;Revisión manual. Punto fuerte: encaje con el rol.;Acreditar Odoo: la vacante lo pide y no figura en el CV.;4cfd825587a78dd0bc54d9398a050a4f
94;71;124;4;17/07/2026;2;1;4;4;2;2,3;2,3;Baja;Revisión manual. Punto fuerte: experiencia.;Acreditar Excel avanzado: la vacante lo pide y no figura en el CV.;6384f499504c9afb3e5b3fa9933e517e
95;36;46;5;18/07/2026;2;2;3;3;2;2,6;2,9;Baja;Punto fuerte: experiencia. Cubre Comunicación. Punto débil: encaje con el rol.;Acreditar Empatía: la vacante lo pide y no figura en el CV.;a9c8adea270d72c098cdcfc98cec0a24
96;41;51;5;18/07/2026;5;2;3;1;3;4,0;4,1;Alta;Punto fuerte: encaje con el rol. Cubre Negociación. Punto débil: retribución.;Acreditar Prevención de riesgos: la vacante lo pide y no figura en el CV.;cf600c52e19afdd30ba63b45cec43695
97;2;200;5;18/07/2026;2;2;5;3;3;3,6;3,9;Media;Punto fuerte: experiencia. No acredita a buen nivel ninguna de las habilidades pedidas. Punto débil: encaje con el rol.;Acreditar Organización: la vacante lo pide y no figura en el CV.;ff6a94069d1ee9118029d75b03c2d938
98;26;223;5;18/07/2026;2;1;2;3;2;2,8;3,1;Baja;Punto fuerte: retribución. No acredita a buen nivel ninguna de las habilidades pedidas. Punto débil: habilidades pedidas: le falta Empatía, Creatividad.;Acreditar Empatía: la vacante lo pide y no figura en el CV.;e18d57d93e73503c7ab01f43e67c99b0
99;67;180;5;18/07/2026;2;1;2;5;1;2,6;2,3;Baja;Punto fuerte: retribución. No acredita a buen nivel ninguna de las habilidades pedidas. Punto débil: habilidades pedidas: le falta Logística, SAP.;Acreditar Logística: la vacante lo pide y no figura en el CV.;91cd2ac01281f8d5fa469f6015e9a4ab
100;27;136;5;18/07/2026;5;2;3;3;2;3,7;3,8;Media;Punto fuerte: encaje con el rol. No acredita a buen nivel ninguna de las habilidades pedidas. Punto débil: habilidades pedidas: le falta Figma, Photoshop.;Acreditar Figma: la vacante lo pide y no figura en el CV.;a0489a87a3728bb0e3d150e106c9569a
101;21;103;5;18/07/2026;5;2;2;4;2;3,7;3,4;Media;Punto fuerte: encaje con el rol. Cubre Trabajo en equipo. Punto débil: habilidades pedidas: le falta Logística, SAP.;Acreditar Logística: la vacante lo pide y no figura en el CV.;e474a22c958190bad25d49ed5c04aaf3
102;27;10;5;18/07/2026;3;1;1;2;2;2,6;2,4;Baja;Punto fuerte: encaje con el rol. No acredita a buen nivel ninguna de las habilidades pedidas. Punto débil: habilidades pedidas: le falta Resolución de problemas, Prevención de riesgos.;Acreditar Resolución de problemas: la vacante lo pide y no figura en el CV.;a0489a87a3728bb0e3d150e106c9569a
103;56;152;5;18/07/2026;5;3;5;1;5;4,6;4,3;Alta;Punto fuerte: encaje con el rol. Cubre Atención al detalle, AutoCAD. Punto débil: retribución.;Acreditar Diseño gráfico: la vacante lo pide y no figura en el CV.;29f6492552b6da6c91a1e236597abf82
104;50;223;5;18/07/2026;2;2;1;5;1;3,0;2,7;Media;Punto fuerte: retribución. No acredita a buen nivel ninguna de las habilidades pedidas. Punto débil: experiencia.;Acreditar Empatía: la vacante lo pide y no figura en el CV.;bf9ce192c37211714da1407c648bd2d0
105;31;62;5;18/07/2026;5;2;5;3;4;4,7;4,4;Alta;Punto fuerte: encaje con el rol. Cubre Atención al cliente, Organización. Punto débil: habilidades pedidas: le falta Odoo, Microsoft Office.;Acreditar Odoo: la vacante lo pide y no figura en el CV.;f5bdd3f0eb3dad01d633b74b369c9125
106;4;180;5;18/07/2026;5;2;2;5;3;3,4;3,1;Media;Punto fuerte: encaje con el rol. Cubre SAP, Organización. Punto débil: habilidades pedidas: le falta Logística, Excel avanzado.;Acreditar Logística: la vacante lo pide y no figura en el CV.;c87557ecf671fcc862d8f4c7c86bcd1e
107;61;30;5;18/07/2026;4;2;4;2;4;4,1;4,1;Alta;Punto fuerte: encaje con el rol. Cubre Microsoft Office, Euskera. Punto débil: habilidades pedidas: le falta Atención al cliente.;Acreditar Atención al cliente: la vacante lo pide y no figura en el CV.;d7a2a9311dd06523dd3279716cd6f7c7
108;42;233;5;18/07/2026;4;2;3;3;3;3,5;3,3;Media;Punto fuerte: encaje con el rol. Cubre Trabajo bajo presión. Punto débil: habilidades pedidas: le falta Euskera, Atención al cliente.;Acreditar Euskera: la vacante lo pide y no figura en el CV.;7a6776a88d11967e775be432e4a0aef0
109;34;211;5;18/07/2026;2;2;2;5;2;2,7;2,9;Baja;Punto fuerte: retribución. No acredita a buen nivel ninguna de las habilidades pedidas. Punto débil: encaje con el rol.;Acreditar Diseño gráfico: la vacante lo pide y no figura en el CV.;19a6f235332b07f91f5633b04c2e4e92
110;75;230;5;18/07/2026;2;1;5;4;2;2,6;2,3;Baja;Punto fuerte: experiencia. Cubre SAP. Punto débil: habilidades pedidas: le falta Logística, Trabajo en equipo.;Acreditar Logística: la vacante lo pide y no figura en el CV.;d30d03d751c3dd67c9e53c2c3fd99212
111;22;11;5;18/07/2026;2;1;4;2;2;2,5;2,8;Baja;Punto fuerte: experiencia. No acredita a buen nivel ninguna de las habilidades pedidas. Punto débil: habilidades pedidas: le falta Contabilidad, Organización.;Acreditar Contabilidad: la vacante lo pide y no figura en el CV.;b014218a24551d0c092d944009a50535
112;58;215;5;18/07/2026;1;1;2;2;1;1,9;2,1;Baja;Sin puntos fuertes claros para este puesto. No acredita a buen nivel ninguna de las habilidades pedidas. Punto débil: encaje con el rol.;Acreditar Organización: la vacante lo pide y no figura en el CV.;f32dca8b4bbeaf7b99a5388a3ee25d05
113;58;54;5;18/07/2026;3;1;2;3;2;2,7;2,2;Baja;Punto fuerte: encaje con el rol. No acredita a buen nivel ninguna de las habilidades pedidas. Punto débil: habilidades pedidas: le falta Google Analytics, HubSpot.;Acreditar Google Analytics: la vacante lo pide y no figura en el CV.;f32dca8b4bbeaf7b99a5388a3ee25d05
114;48;192;5;18/07/2026;4;1;4;4;4;3,8;3,8;Media;Punto fuerte: encaje con el rol. No acredita a buen nivel ninguna de las habilidades pedidas. Punto débil: habilidades pedidas: le falta Odoo, Organización.;Acreditar Odoo: la vacante lo pide y no figura en el CV.;6be6b4c03c998ee742d555c2c8441002
115;73;50;5;18/07/2026;5;2;2;3;3;3,9;4,2;Media;Punto fuerte: encaje con el rol. Cubre AutoCAD. Punto débil: habilidades pedidas: le falta SAP, Resolución de problemas.;Acreditar SAP: la vacante lo pide y no figura en el CV.;c7572b0b01ded11bb39dd474f5304968
116;44;103;5;18/07/2026;2;1;1;3;1;2,2;2,4;Baja;Punto fuerte: retribución. No acredita a buen nivel ninguna de las habilidades pedidas. Punto débil: habilidades pedidas: le falta Trabajo en equipo, Logística.;Acreditar Trabajo en equipo: la vacante lo pide y no figura en el CV.;2fd67b166cd5705953353f5169d02f1f
117;6;6;5;18/07/2026;2;1;3;5;3;2,9;2,3;Baja;Punto fuerte: retribución. No acredita a buen nivel ninguna de las habilidades pedidas. Punto débil: habilidades pedidas: le falta Empatía, Creatividad.;Acreditar Empatía: la vacante lo pide y no figura en el CV.;20957a05960764518bb49811dc16a350
118;74;3;5;18/07/2026;4;3;1;5;2;3,9;3,7;Media;Punto fuerte: retribución. Cubre Ciberseguridad, Euskera. Punto débil: experiencia.;Acreditar Redes: la vacante lo pide y no figura en el CV.;670d890f4ae2ab6b18accfa8c5a36fe3
119;25;152;5;18/07/2026;2;1;3;1;1;2,1;2,3;Baja;Punto fuerte: experiencia. No acredita a buen nivel ninguna de las habilidades pedidas. Punto débil: habilidades pedidas: le falta Atención al detalle, AutoCAD.;Acreditar Atención al detalle: la vacante lo pide y no figura en el CV.;38357ca63edb529b559f755942888aca
120;71;3;5;18/07/2026;2;2;1;5;2;3,0;2,8;Media;Punto fuerte: retribución. Cubre Euskera. Punto débil: experiencia.;Acreditar Ciberseguridad: la vacante lo pide y no figura en el CV.;6384f499504c9afb3e5b3fa9933e517e
121;36;12;5;18/07/2026;4;3;2;3;3;4,2;4,2;Alta;Punto fuerte: encaje con el rol. Cubre Análisis estadístico. Punto débil: experiencia.;Acreditar Inglés: la vacante lo pide y no figura en el CV.;a9c8adea270d72c098cdcfc98cec0a24
122;77;156;5;18/07/2026;5;1;2;3;2;3,2;3,1;Media;Punto fuerte: encaje con el rol. No acredita a buen nivel ninguna de las habilidades pedidas. Punto débil: habilidades pedidas: le falta Negociación, Atención al cliente.;Acreditar Negociación: la vacante lo pide y no figura en el CV.;6b2ecdff913c1a67b7a1efcffbace6d8
123;12;124;5;18/07/2026;2;1;3;3;1;2,6;2,5;Baja;Punto fuerte: experiencia. No acredita a buen nivel ninguna de las habilidades pedidas. Punto débil: habilidades pedidas: le falta SAP, Excel avanzado.;Acreditar SAP: la vacante lo pide y no figura en el CV.;71000804a77686a1db7205c014abe342
124;12;54;5;18/07/2026;2;2;1;4;2;3,2;3,1;Media;Punto fuerte: retribución. Cubre Creatividad. Punto débil: experiencia.;Acreditar Google Analytics: la vacante lo pide y no figura en el CV.;71000804a77686a1db7205c014abe342
125;10;132;5;18/07/2026;2;1;5;3;2;3,1;2,8;Media;Punto fuerte: experiencia. No acredita a buen nivel ninguna de las habilidades pedidas. Punto débil: habilidades pedidas: le falta Atención al cliente, Microsoft Office.;Acreditar Atención al cliente: la vacante lo pide y no figura en el CV.;5dc3326fef2f12734c32694a65dda3fb
126;25;12;5;18/07/2026;2;2;1;3;3;3,0;2,8;Media;Punto fuerte: retribución. Cubre Inglés. Punto débil: experiencia.;Acreditar Análisis estadístico: la vacante lo pide y no figura en el CV.;38357ca63edb529b559f755942888aca
127;54;213;5;18/07/2026;5;3;5;5;4;5,0;4,8;Alta;Punto fuerte: encaje con el rol. Cubre Trabajo bajo presión, Euskera. Punto débil: habilidades pedidas: le falta Creatividad, Organización.;Acreditar Creatividad: la vacante lo pide y no figura en el CV.;859984ad4520ebcdd0cd73c27c6bb5b8
128;17;153;5;18/07/2026;2;1;2;5;1;2,8;3,1;Baja;Punto fuerte: retribución. No acredita a buen nivel ninguna de las habilidades pedidas. Punto débil: habilidades pedidas: le falta WordPress, Creatividad.;Acreditar WordPress: la vacante lo pide y no figura en el CV.;f3e4a5aecc6a5f944e9ac15302f98862
129;70;236;5;18/07/2026;1;1;1;2;2;2,1;2,2;Baja;Sin puntos fuertes claros para este puesto. No acredita a buen nivel ninguna de las habilidades pedidas. Punto débil: encaje con el rol.;Acreditar Trabajo en equipo: la vacante lo pide y no figura en el CV.;f5afac3bc9ed839fa51c0f7d16a6b1f0
130;4;63;5;18/07/2026;5;3;5;1;4;4,2;4,1;Alta;Punto fuerte: encaje con el rol. Cubre Odoo, Organización. Punto débil: retribución.;Acreditar Atención al cliente: la vacante lo pide y no figura en el CV.;c87557ecf671fcc862d8f4c7c86bcd1e
131;26;113;5;18/07/2026;5;2;1;2;3;3,3;3,6;Media;Punto fuerte: encaje con el rol. Cubre SQL. Punto débil: experiencia.;Acreditar Análisis estadístico: la vacante lo pide y no figura en el CV.;e18d57d93e73503c7ab01f43e67c99b0
132;8;190;4;18/07/2026;3;1;2;3;2;3,4;3,4;Media;Revisión manual. Punto fuerte: encaje con el rol.;Acreditar Odoo: la vacante lo pide y no figura en el CV.;9091e8fb9fb54d7ae3978b0e9dfdfd4e
133;54;248;4;18/07/2026;5;1;5;3;4;3,7;3,7;Media;Revisión manual. Punto fuerte: encaje con el rol.;Acreditar Prevención de riesgos: la vacante lo pide y no figura en el CV.;859984ad4520ebcdd0cd73c27c6bb5b8
134;48;213;5;19/07/2026;2;2;2;4;2;3,0;3,0;Media;Punto fuerte: retribución. No acredita a buen nivel ninguna de las habilidades pedidas. Punto débil: encaje con el rol.;Acreditar Trabajo bajo presión: la vacante lo pide y no figura en el CV.;6be6b4c03c998ee742d555c2c8441002
135;80;242;5;19/07/2026;2;2;1;3;1;3,1;3,0;Media;Punto fuerte: retribución. Cubre Inglés, Comunicación. Punto débil: experiencia.;Acreditar Pensamiento crítico: la vacante lo pide y no figura en el CV.;0ab41c1e90b3e44375989152324bc3dc
136;56;211;5;19/07/2026;5;4;5;2;5;4,8;4,4;Alta;Punto fuerte: encaje con el rol. Cubre Atención al detalle, AutoCAD. Punto débil: retribución.;Acreditar Diseño gráfico: la vacante lo pide y no figura en el CV.;29f6492552b6da6c91a1e236597abf82
137;75;121;5;19/07/2026;1;2;5;4;2;3,1;3,3;Media;Punto fuerte: experiencia. No acredita a buen nivel ninguna de las habilidades pedidas. Punto débil: encaje con el rol.;Acreditar Microsoft Office: la vacante lo pide y no figura en el CV.;d30d03d751c3dd67c9e53c2c3fd99212
138;4;20;5;19/07/2026;5;2;3;2;3;3,5;3,2;Media;Punto fuerte: encaje con el rol. Cubre Odoo, Organización. Punto débil: habilidades pedidas: le falta Atención al cliente, Microsoft Office.;Acreditar Atención al cliente: la vacante lo pide y no figura en el CV.;c87557ecf671fcc862d8f4c7c86bcd1e
139;64;148;5;19/07/2026;3;1;3;2;2;2,8;2,5;Baja;Punto fuerte: encaje con el rol. No acredita a buen nivel ninguna de las habilidades pedidas. Punto débil: habilidades pedidas: le falta Logística, Trabajo en equipo.;Acreditar Logística: la vacante lo pide y no figura en el CV.;8fcae24fb6920086713d68c73ed9e705
140;39;236;5;19/07/2026;2;1;1;1;2;2,3;2,7;Baja;Sin puntos fuertes claros para este puesto. Cubre SAP. Punto débil: habilidades pedidas: le falta Trabajo en equipo, Logística.;Acreditar Trabajo en equipo: la vacante lo pide y no figura en el CV.;d866939a94fc049e27104c52373baea1
141;58;200;5;19/07/2026;1;1;3;1;1;1,8;2,1;Baja;Punto fuerte: experiencia. No acredita a buen nivel ninguna de las habilidades pedidas. Punto débil: encaje con el rol.;Acreditar Organización: la vacante lo pide y no figura en el CV.;f32dca8b4bbeaf7b99a5388a3ee25d05
142;78;50;5;19/07/2026;5;2;4;5;3;4,0;3,9;Alta;Punto fuerte: encaje con el rol. Cubre Resolución de problemas. Punto débil: habilidades pedidas: le falta SAP, AutoCAD.;Acreditar SAP: la vacante lo pide y no figura en el CV.;215b534770cb82e308cf143763fa6b20
143;26;54;5;19/07/2026;2;1;2;3;2;2,3;2,1;Baja;Punto fuerte: retribución. No acredita a buen nivel ninguna de las habilidades pedidas. Punto débil: habilidades pedidas: le falta Google Analytics, HubSpot.;Acreditar Google Analytics: la vacante lo pide y no figura en el CV.;e18d57d93e73503c7ab01f43e67c99b0
144;16;211;5;19/07/2026;1;2;1;2;1;2,2;2,3;Baja;Sin puntos fuertes claros para este puesto. Cubre Atención al detalle. Punto débil: encaje con el rol.;Acreditar Diseño gráfico: la vacante lo pide y no figura en el CV.;9530d96f3cc7bbb0bbb2b41a3b822435
145;64;236;5;19/07/2026;2;1;4;1;2;2,8;2,8;Baja;Punto fuerte: experiencia. No acredita a buen nivel ninguna de las habilidades pedidas. Punto débil: habilidades pedidas: le falta Trabajo en equipo, SAP.;Acreditar Trabajo en equipo: la vacante lo pide y no figura en el CV.;8fcae24fb6920086713d68c73ed9e705
146;27;86;5;19/07/2026;2;2;3;1;3;2,8;2,8;Baja;Punto fuerte: experiencia. Cubre Atención al cliente, Euskera. Punto débil: retribución.;Acreditar Trabajo bajo presión: la vacante lo pide y no figura en el CV.;a0489a87a3728bb0e3d150e106c9569a
147;65;63;5;19/07/2026;5;1;5;1;3;3,4;3,1;Media;Punto fuerte: encaje con el rol. No acredita a buen nivel ninguna de las habilidades pedidas. Punto débil: habilidades pedidas: le falta Atención al cliente, Organización.;Acreditar Atención al cliente: la vacante lo pide y no figura en el CV.;3cb0682fe51ea684660b1b35c056b93a
148;48;149;5;19/07/2026;2;2;2;5;2;2,7;3,2;Baja;Punto fuerte: retribución. No acredita a buen nivel ninguna de las habilidades pedidas. Punto débil: encaje con el rol.;Acreditar Creatividad: la vacante lo pide y no figura en el CV.;6be6b4c03c998ee742d555c2c8441002
149;40;30;5;19/07/2026;5;1;2;1;2;3,2;2,9;Media;Punto fuerte: encaje con el rol. No acredita a buen nivel ninguna de las habilidades pedidas. Punto débil: habilidades pedidas: le falta Atención al cliente, Microsoft Office.;Acreditar Atención al cliente: la vacante lo pide y no figura en el CV.;9787e8ce8f1ff73732a864352c285885
150;80;15;5;19/07/2026;1;2;2;2;2;2,6;2,2;Baja;Sin puntos fuertes claros para este puesto. Cubre Microsoft Office, Inglés. Punto débil: encaje con el rol.;Acreditar Francés: la vacante lo pide y no figura en el CV.;0ab41c1e90b3e44375989152324bc3dc
151;18;177;5;19/07/2026;2;2;3;3;2;2,9;2,7;Baja;Punto fuerte: experiencia. Cubre Atención al cliente. Punto débil: encaje con el rol.;Acreditar Odoo: la vacante lo pide y no figura en el CV.;f75337c1535cca7acdd8d464a5086ad5
152;30;151;5;19/07/2026;2;2;1;4;2;2,9;2,9;Baja;Punto fuerte: retribución. Cubre Empatía. Punto débil: experiencia.;Acreditar Creatividad: la vacante lo pide y no figura en el CV.;fdb15b3bc12281881d7d7b584622407a
153;35;141;5;19/07/2026;4;3;3;1;4;3,9;4,0;Media;Punto fuerte: encaje con el rol. Cubre Inglés, Atención al cliente. Punto débil: retribución.;Acreditar Microsoft Office: la vacante lo pide y no figura en el CV.;2ec93fe739d638737d2fb11b7af497bb
154;37;229;5;19/07/2026;2;1;4;1;2;2,9;2,7;Baja;Punto fuerte: experiencia. No acredita a buen nivel ninguna de las habilidades pedidas. Punto débil: habilidades pedidas: le falta Excel avanzado, Contabilidad.;Acreditar Excel avanzado: la vacante lo pide y no figura en el CV.;31b3d37b09ab14302024065358c62f20
155;16;9;5;19/07/2026;1;1;3;4;2;1,7;2,0;Baja;Punto fuerte: retribución. No acredita a buen nivel ninguna de las habilidades pedidas. Punto débil: encaje con el rol.;Acreditar Atención al cliente: la vacante lo pide y no figura en el CV.;9530d96f3cc7bbb0bbb2b41a3b822435
156;18;229;5;19/07/2026;2;1;4;1;2;2,0;2,1;Baja;Punto fuerte: experiencia. No acredita a buen nivel ninguna de las habilidades pedidas. Punto débil: habilidades pedidas: le falta Excel avanzado, Contabilidad.;Acreditar Excel avanzado: la vacante lo pide y no figura en el CV.;f75337c1535cca7acdd8d464a5086ad5
157;44;53;5;19/07/2026;3;1;1;3;1;2,3;2,6;Baja;Punto fuerte: encaje con el rol. No acredita a buen nivel ninguna de las habilidades pedidas. Punto débil: habilidades pedidas: le falta Atención al cliente, Odoo.;Acreditar Atención al cliente: la vacante lo pide y no figura en el CV.;2fd67b166cd5705953353f5169d02f1f
158;14;248;5;19/07/2026;5;3;4;3;3;4,4;4,2;Alta;Punto fuerte: encaje con el rol. Cubre Prevención de riesgos, Mecanizado CNC. Punto débil: habilidades pedidas: le falta Autonomía.;Acreditar Autonomía: la vacante lo pide y no figura en el CV.;885480c884ed8190dc3fb64ffb791b29
159;71;152;5;19/07/2026;2;1;3;1;1;1,7;2,2;Baja;Punto fuerte: experiencia. No acredita a buen nivel ninguna de las habilidades pedidas. Punto débil: habilidades pedidas: le falta Atención al detalle, AutoCAD.;Acreditar Atención al detalle: la vacante lo pide y no figura en el CV.;6384f499504c9afb3e5b3fa9933e517e
160;71;54;5;19/07/2026;3;2;1;5;2;3,3;2,9;Media;Punto fuerte: retribución. No acredita a buen nivel ninguna de las habilidades pedidas. Punto débil: experiencia.;Acreditar Google Analytics: la vacante lo pide y no figura en el CV.;6384f499504c9afb3e5b3fa9933e517e
161;31;246;5;19/07/2026;5;1;2;3;2;3,4;3,0;Media;Punto fuerte: encaje con el rol. No acredita a buen nivel ninguna de las habilidades pedidas. Punto débil: habilidades pedidas: le falta JavaScript, Git.;Acreditar JavaScript: la vacante lo pide y no figura en el CV.;f5bdd3f0eb3dad01d633b74b369c9125
162;52;240;5;19/07/2026;3;2;2;5;3;2,9;3,1;Baja;Punto fuerte: retribución. Cubre Orientación a resultados. Punto débil: habilidades pedidas: le falta Atención al cliente, Salesforce.;Acreditar Atención al cliente: la vacante lo pide y no figura en el CV.;9c968e3db36d38047984c27ed0614858
163;79;180;5;19/07/2026;5;1;2;3;2;2,7;2,2;Baja;Punto fuerte: encaje con el rol. No acredita a buen nivel ninguna de las habilidades pedidas. Punto débil: habilidades pedidas: le falta Logística, SAP.;Acreditar Logística: la vacante lo pide y no figura en el CV.;dbc3ae586769d482cb1309411aec185f
164;12;28;5;19/07/2026;1;2;3;1;1;1,8;1,7;Baja;Punto fuerte: experiencia. Cubre Inglés. Punto débil: encaje con el rol.;Acreditar Atención al cliente: la vacante lo pide y no figura en el CV.;71000804a77686a1db7205c014abe342
165;1;201;5;20/07/2026;2;1;2;5;2;2,7;2,7;Baja;Punto fuerte: retribución. No acredita a buen nivel ninguna de las habilidades pedidas. Punto débil: habilidades pedidas: le falta Atención al cliente, Salesforce.;Acreditar Atención al cliente: la vacante lo pide y no figura en el CV.;a1bec3d7b0af64b7b136dfd2d05d6fb7
166;57;196;5;20/07/2026;5;3;3;1;3;3,7;3,5;Media;Punto fuerte: encaje con el rol. Cubre Gestión de proyectos, Resolución de problemas. Punto débil: retribución.;Acreditar AutoCAD: la vacante lo pide y no figura en el CV.;32e0331dbc878ffbd95b2b90ac4d72f2
167;43;21;5;20/07/2026;5;1;2;1;3;3,3;3,3;Media;Punto fuerte: encaje con el rol. No acredita a buen nivel ninguna de las habilidades pedidas. Punto débil: habilidades pedidas: le falta Microsoft Office, Atención al cliente.;Acreditar Microsoft Office: la vacante lo pide y no figura en el CV.;9defc6717147945ac3ef5433653b5bd3
168;1;50;5;20/07/2026;2;1;2;5;1;2,6;2,9;Baja;Punto fuerte: retribución. No acredita a buen nivel ninguna de las habilidades pedidas. Punto débil: habilidades pedidas: le falta SAP, AutoCAD.;Acreditar SAP: la vacante lo pide y no figura en el CV.;a1bec3d7b0af64b7b136dfd2d05d6fb7
169;64;180;5;20/07/2026;2;2;1;4;2;2,7;2,7;Baja;Punto fuerte: retribución. No acredita a buen nivel ninguna de las habilidades pedidas. Punto débil: experiencia.;Acreditar Logística: la vacante lo pide y no figura en el CV.;8fcae24fb6920086713d68c73ed9e705
170;29;100;5;20/07/2026;2;2;2;3;2;2,6;2,9;Baja;Punto fuerte: retribución. Cubre Atención al cliente. Punto débil: encaje con el rol.;Acreditar Microsoft Office: la vacante lo pide y no figura en el CV.;b613a75bd33c952658043c1eb97e8249
171;32;199;5;20/07/2026;4;4;5;3;4;4,6;4,4;Alta;Punto fuerte: experiencia. Cubre Análisis estadístico, Pensamiento crítico. Punto débil: retribución.;Subir Inglés de nivel 2 a 3.;75dca3528dcbd1edfbded4bb0601c459
172;26;160;5;20/07/2026;2;1;1;3;2;2,1;2,1;Baja;Punto fuerte: retribución. No acredita a buen nivel ninguna de las habilidades pedidas. Punto débil: habilidades pedidas: le falta WordPress, Google Analytics.;Acreditar WordPress: la vacante lo pide y no figura en el CV.;e18d57d93e73503c7ab01f43e67c99b0
173;15;180;5;20/07/2026;1;1;3;2;1;2,0;2,3;Baja;Punto fuerte: experiencia. No acredita a buen nivel ninguna de las habilidades pedidas. Punto débil: encaje con el rol.;Acreditar Logística: la vacante lo pide y no figura en el CV.;045acccb8d5df88f9758c8c5ad6ab3da
174;9;232;5;20/07/2026;2;1;1;5;2;2,4;2,0;Baja;Punto fuerte: retribución. No acredita a buen nivel ninguna de las habilidades pedidas. Punto débil: habilidades pedidas: le falta Negociación, Gestión de proyectos.;Acreditar Negociación: la vacante lo pide y no figura en el CV.;2a84e3ebb2f9f0e3841cbb047491fc45
175;20;185;5;20/07/2026;2;1;5;2;3;2,9;3,0;Baja;Punto fuerte: experiencia. No acredita a buen nivel ninguna de las habilidades pedidas. Punto débil: habilidades pedidas: le falta Atención al cliente, Microsoft Office.;Acreditar Atención al cliente: la vacante lo pide y no figura en el CV.;d63095188ac78085013df7e2e119a597
176;53;86;5;20/07/2026;1;3;5;4;3;3,7;4,0;Media;Punto fuerte: experiencia. Cubre Empatía. Punto débil: encaje con el rol.;Acreditar Trabajo bajo presión: la vacante lo pide y no figura en el CV.;d7dc5213f05e3731c1548793a9af61e6
177;16;153;5;20/07/2026;2;1;3;1;2;2,1;2,2;Baja;Punto fuerte: experiencia. No acredita a buen nivel ninguna de las habilidades pedidas. Punto débil: habilidades pedidas: le falta WordPress, Creatividad.;Acreditar WordPress: la vacante lo pide y no figura en el CV.;9530d96f3cc7bbb0bbb2b41a3b822435
178;14;6;5;20/07/2026;2;1;4;5;1;2,3;2,4;Baja;Punto fuerte: retribución. No acredita a buen nivel ninguna de las habilidades pedidas. Punto débil: habilidades pedidas: le falta Empatía, Creatividad.;Acreditar Empatía: la vacante lo pide y no figura en el CV.;885480c884ed8190dc3fb64ffb791b29
179;65;246;5;20/07/2026;5;1;4;4;3;3,8;3,6;Media;Punto fuerte: encaje con el rol. Cubre SQL. Punto débil: habilidades pedidas: le falta JavaScript, Git.;Acreditar JavaScript: la vacante lo pide y no figura en el CV.;3cb0682fe51ea684660b1b35c056b93a
180;3;53;5;20/07/2026;3;2;2;1;3;3,3;3,3;Media;Punto fuerte: encaje con el rol. No acredita a buen nivel ninguna de las habilidades pedidas. Punto débil: retribución.;Acreditar Atención al cliente: la vacante lo pide y no figura en el CV.;41639786d6f8a244b34cde0b836e6d9c
181;2;218;5;20/07/2026;5;1;5;3;4;3,8;3,7;Media;Punto fuerte: encaje con el rol. No acredita a buen nivel ninguna de las habilidades pedidas. Punto débil: habilidades pedidas: le falta Trabajo en equipo, Trabajo bajo presión.;Acreditar Trabajo en equipo: la vacante lo pide y no figura en el CV.;ff6a94069d1ee9118029d75b03c2d938
182;2;54;5;20/07/2026;2;1;5;4;2;2,7;2,9;Baja;Punto fuerte: experiencia. No acredita a buen nivel ninguna de las habilidades pedidas. Punto débil: habilidades pedidas: le falta Google Analytics, HubSpot.;Acreditar Google Analytics: la vacante lo pide y no figura en el CV.;ff6a94069d1ee9118029d75b03c2d938
183;17;92;5;20/07/2026;2;1;5;3;2;2,9;3,3;Baja;Punto fuerte: experiencia. No acredita a buen nivel ninguna de las habilidades pedidas. Punto débil: habilidades pedidas: le falta Comunicación, Creatividad.;Acreditar Comunicación: la vacante lo pide y no figura en el CV.;f3e4a5aecc6a5f944e9ac15302f98862
184;34;248;5;20/07/2026;2;1;4;3;2;2,9;3,1;Baja;Punto fuerte: experiencia. No acredita a buen nivel ninguna de las habilidades pedidas. Punto débil: habilidades pedidas: le falta Prevención de riesgos, Mecanizado CNC.;Acreditar Prevención de riesgos: la vacante lo pide y no figura en el CV.;19a6f235332b07f91f5633b04c2e4e92
185;51;95;5;20/07/2026;5;1;3;3;3;3,6;3,1;Media;Punto fuerte: encaje con el rol. No acredita a buen nivel ninguna de las habilidades pedidas. Punto débil: habilidades pedidas: le falta Atención al cliente, Orientación a resultados.;Acreditar Atención al cliente: la vacante lo pide y no figura en el CV.;09d8964fac3b34e828c77f23f93ac102
186;27;57;5;20/07/2026;4;4;1;2;3;4,3;4,1;Alta;Punto fuerte: encaje con el rol. Cubre Orientación a resultados, Atención al cliente, Salesforce. Punto débil: experiencia.;La retribución queda por debajo de su mínimo: solo compensa si prioriza la experiencia.;a0489a87a3728bb0e3d150e106c9569a
187;55;144;5;20/07/2026;2;2;3;2;3;3,2;3,3;Media;Punto fuerte: experiencia. Cubre Organización. Punto débil: encaje con el rol.;Acreditar Contabilidad: la vacante lo pide y no figura en el CV.;bdc486f200cf51150a14741a79615248
188;78;210;5;20/07/2026;3;2;5;3;3;3,4;3,4;Media;Punto fuerte: experiencia. No acredita a buen nivel ninguna de las habilidades pedidas. Punto débil: habilidades pedidas: le falta AutoCAD, Diseño gráfico.;Acreditar AutoCAD: la vacante lo pide y no figura en el CV.;215b534770cb82e308cf143763fa6b20
189;46;229;5;20/07/2026;2;3;4;1;3;3,4;3,5;Media;Punto fuerte: experiencia. Cubre Pensamiento crítico. Punto débil: retribución.;Acreditar Contabilidad: la vacante lo pide y no figura en el CV.;bd22d806c7aa9abe89853a933bae69c6
190;82;32;5;20/07/2026;3;2;3;4;3;3,2;3,3;Media;Punto fuerte: retribución. Cubre Inglés. Punto débil: habilidades pedidas: le falta Trabajo bajo presión, Atención al cliente.;Acreditar Trabajo bajo presión: la vacante lo pide y no figura en el CV.;3ec0b79b25325c03b9a45736b8998523
191;62;183;5;20/07/2026;4;2;4;3;2;3,5;3,5;Media;Punto fuerte: encaje con el rol. Cubre Atención al cliente. Punto débil: habilidades pedidas: le falta Negociación, Salesforce.;Acreditar Negociación: la vacante lo pide y no figura en el CV.;cb24798309bdfcaab479bb037eec32ab
192;61;177;5;20/07/2026;3;2;3;3;2;2,6;2,2;Baja;Punto fuerte: encaje con el rol. Cubre Microsoft Office. Punto débil: habilidades pedidas: le falta Atención al cliente, Organización.;Acreditar Atención al cliente: la vacante lo pide y no figura en el CV.;d7a2a9311dd06523dd3279716cd6f7c7
193;20;57;5;20/07/2026;2;1;3;4;2;2,7;2,8;Baja;Punto fuerte: retribución. No acredita a buen nivel ninguna de las habilidades pedidas. Punto débil: habilidades pedidas: le falta Orientación a resultados, Atención al cliente.;Acreditar Orientación a resultados: la vacante lo pide y no figura en el CV.;d63095188ac78085013df7e2e119a597
194;57;92;5;20/07/2026;1;2;5;2;3;3,0;3,1;Media;Punto fuerte: experiencia. No acredita a buen nivel ninguna de las habilidades pedidas. Punto débil: encaje con el rol.;Acreditar Comunicación: la vacante lo pide y no figura en el CV.;32e0331dbc878ffbd95b2b90ac4d72f2
195;46;92;5;20/07/2026;2;1;5;1;2;2,3;2,4;Baja;Punto fuerte: experiencia. No acredita a buen nivel ninguna de las habilidades pedidas. Punto débil: habilidades pedidas: le falta Comunicación, Creatividad.;Acreditar Comunicación: la vacante lo pide y no figura en el CV.;bd22d806c7aa9abe89853a933bae69c6
196;26;180;5;20/07/2026;2;2;1;3;2;2,9;2,5;Baja;Punto fuerte: retribución. Cubre SAP. Punto débil: experiencia.;Acreditar Logística: la vacante lo pide y no figura en el CV.;e18d57d93e73503c7ab01f43e67c99b0
197;43;152;5;20/07/2026;5;2;4;1;3;3,2;3,1;Media;Punto fuerte: encaje con el rol. Cubre Atención al detalle. Punto débil: retribución.;Acreditar AutoCAD: la vacante lo pide y no figura en el CV.;9defc6717147945ac3ef5433653b5bd3
198;63;3;5;20/07/2026;5;1;2;5;2;3,7;3,6;Media;Punto fuerte: encaje con el rol. Cubre Euskera. Punto débil: habilidades pedidas: le falta Ciberseguridad, Docker.;Acreditar Ciberseguridad: la vacante lo pide y no figura en el CV.;a76d2d2fdfe4ab06c79ecacf09618e66
199;9;96;5;20/07/2026;3;2;2;1;2;2,6;2,4;Baja;Punto fuerte: encaje con el rol. Cubre Análisis estadístico. Punto débil: retribución.;Acreditar SQL: la vacante lo pide y no figura en el CV.;2a84e3ebb2f9f0e3841cbb047491fc45
200;76;45;5;20/07/2026;1;1;1;3;1;2,1;2,1;Baja;Punto fuerte: retribución. No acredita a buen nivel ninguna de las habilidades pedidas. Punto débil: encaje con el rol.;Acreditar Atención al detalle: la vacante lo pide y no figura en el CV.;4cfd825587a78dd0bc54d9398a050a4f
201;44;236;5;20/07/2026;2;1;2;3;2;2,4;2,6;Baja;Punto fuerte: retribución. No acredita a buen nivel ninguna de las habilidades pedidas. Punto débil: habilidades pedidas: le falta Trabajo en equipo, SAP.;Acreditar Trabajo en equipo: la vacante lo pide y no figura en el CV.;2fd67b166cd5705953353f5169d02f1f
202;47;129;4;20/07/2026;5;1;4;2;4;3,1;3,1;Media;Revisión manual. Punto fuerte: encaje con el rol.;Acreditar Negociación: la vacante lo pide y no figura en el CV.;632cb7af436fcdef206636840f9bd3e9
203;41;32;5;21/07/2026;2;2;4;2;2;3,4;3,0;Media;Punto fuerte: experiencia. No acredita a buen nivel ninguna de las habilidades pedidas. Punto débil: encaje con el rol.;Acreditar Trabajo bajo presión: la vacante lo pide y no figura en el CV.;cf600c52e19afdd30ba63b45cec43695
204;8;121;5;21/07/2026;2;1;4;1;2;2,7;2,7;Baja;Punto fuerte: experiencia. No acredita a buen nivel ninguna de las habilidades pedidas. Punto débil: habilidades pedidas: le falta Microsoft Office, Organización.;Acreditar Microsoft Office: la vacante lo pide y no figura en el CV.;9091e8fb9fb54d7ae3978b0e9dfdfd4e
205;60;217;5;21/07/2026;2;1;3;2;1;2,5;2,5;Baja;Punto fuerte: experiencia. No acredita a buen nivel ninguna de las habilidades pedidas. Punto débil: habilidades pedidas: le falta Atención al cliente, Organización.;Acreditar Atención al cliente: la vacante lo pide y no figura en el CV.;7fb8cfa04fabdd00e9a549148bd60e44
206;66;140;5;21/07/2026;4;2;4;4;2;3,7;3,3;Media;Punto fuerte: encaje con el rol. Cubre Vocación de servicio, Atención al cliente. Punto débil: habilidades pedidas: le falta Trabajo en equipo, Euskera.;Acreditar Trabajo en equipo: la vacante lo pide y no figura en el CV.;b2853efa8162d2f61ec7179884b4a842
207;47;151;5;21/07/2026;5;2;2;5;3;3,7;3,5;Media;Punto fuerte: encaje con el rol. Cubre Creatividad. Punto débil: habilidades pedidas: le falta Photoshop, Empatía.;Acreditar Photoshop: la vacante lo pide y no figura en el CV.;632cb7af436fcdef206636840f9bd3e9
208;31;20;5;21/07/2026;5;3;4;3;3;4,2;4,1;Alta;Punto fuerte: encaje con el rol. Cubre Atención al cliente, Organización. Punto débil: habilidades pedidas: le falta Odoo, Microsoft Office.;Acreditar Odoo: la vacante lo pide y no figura en el CV.;f5bdd3f0eb3dad01d633b74b369c9125
209;79;97;5;21/07/2026;5;1;1;4;2;3,4;3,3;Media;Punto fuerte: encaje con el rol. No acredita a buen nivel ninguna de las habilidades pedidas. Punto débil: habilidades pedidas: le falta SAP, Atención al detalle.;Acreditar SAP: la vacante lo pide y no figura en el CV.;dbc3ae586769d482cb1309411aec185f
210;33;199;5;21/07/2026;5;3;4;4;4;5,0;4,8;Alta;Punto fuerte: encaje con el rol. Cubre Atención al detalle. Punto débil: habilidades pedidas: le falta Inglés.;Acreditar Inglés: la vacante lo pide y no figura en el CV.;f56a53d6d06a56c7dbc5480afd08848d
211;35;20;5;21/07/2026;4;2;3;1;3;3,4;3,6;Media;Punto fuerte: encaje con el rol. Cubre Atención al cliente. Punto débil: retribución.;Acreditar Odoo: la vacante lo pide y no figura en el CV.;2ec93fe739d638737d2fb11b7af497bb
212;73;51;5;21/07/2026;2;2;3;3;1;2,1;2,3;Baja;Punto fuerte: experiencia. Cubre Gestión de proyectos. Punto débil: probabilidad de entrevista.;Acreditar Negociación: la vacante lo pide y no figura en el CV.;c7572b0b01ded11bb39dd474f5304968
213;79;63;5;21/07/2026;4;2;3;1;3;3,5;3,9;Media;Punto fuerte: encaje con el rol. Cubre Euskera. Punto débil: retribución.;Acreditar Atención al cliente: la vacante lo pide y no figura en el CV.;dbc3ae586769d482cb1309411aec185f
214;70;192;5;21/07/2026;2;2;2;3;3;2,8;2,6;Baja;Punto fuerte: retribución. No acredita a buen nivel ninguna de las habilidades pedidas. Punto débil: encaje con el rol.;Acreditar Odoo: la vacante lo pide y no figura en el CV.;f5afac3bc9ed839fa51c0f7d16a6b1f0
215;69;134;5;21/07/2026;5;2;4;3;3;4,0;3,9;Alta;Punto fuerte: encaje con el rol. Cubre Creatividad, Google Analytics. Punto débil: habilidades pedidas: le falta HubSpot, WordPress.;Acreditar HubSpot: la vacante lo pide y no figura en el CV.;7acbc14f03275bc7b352029c8f0b9bc1
216;69;24;5;21/07/2026;2;3;3;1;3;3,1;3,2;Media;Punto fuerte: habilidades pedidas (Euskera, Inglés). Cubre Euskera, Inglés. Punto débil: retribución.;Subir Trabajo bajo presión de nivel 2 a 3.;7acbc14f03275bc7b352029c8f0b9bc1
217;42;95;5;21/07/2026;4;1;3;3;3;3,0;3,0;Media;Punto fuerte: encaje con el rol. No acredita a buen nivel ninguna de las habilidades pedidas. Punto débil: habilidades pedidas: le falta Atención al cliente, Orientación a resultados.;Acreditar Atención al cliente: la vacante lo pide y no figura en el CV.;7a6776a88d11967e775be432e4a0aef0
218;6;199;5;21/07/2026;5;3;4;5;4;4,8;4,9;Alta;Punto fuerte: encaje con el rol. Cubre Análisis estadístico, Pensamiento crítico, Atención al detalle. Punto débil: habilidades pedidas: le falta Inglés.;Acreditar Inglés: la vacante lo pide y no figura en el CV.;20957a05960764518bb49811dc16a350
219;22;50;5;21/07/2026;5;3;3;5;4;4,5;4,1;Alta;Punto fuerte: encaje con el rol. Cubre SAP, AutoCAD, Resolución de problemas. Punto débil: habilidades pedidas: le falta Excel avanzado.;Acreditar Excel avanzado: la vacante lo pide y no figura en el CV.;b014218a24551d0c092d944009a50535
220;15;240;5;21/07/2026;3;1;2;3;2;2,6;2,8;Baja;Punto fuerte: encaje con el rol. No acredita a buen nivel ninguna de las habilidades pedidas. Punto débil: habilidades pedidas: le falta Atención al cliente, Salesforce.;Acreditar Atención al cliente: la vacante lo pide y no figura en el CV.;045acccb8d5df88f9758c8c5ad6ab3da
221;75;190;5;21/07/2026;2;1;4;2;2;2,8;3,0;Baja;Punto fuerte: experiencia. No acredita a buen nivel ninguna de las habilidades pedidas. Punto débil: habilidades pedidas: le falta Odoo, Atención al cliente.;Acreditar Odoo: la vacante lo pide y no figura en el CV.;d30d03d751c3dd67c9e53c2c3fd99212
222;15;156;5;21/07/2026;2;1;3;4;2;2,6;2,9;Baja;Punto fuerte: retribución. No acredita a buen nivel ninguna de las habilidades pedidas. Punto débil: habilidades pedidas: le falta Negociación, Atención al cliente.;Acreditar Negociación: la vacante lo pide y no figura en el CV.;045acccb8d5df88f9758c8c5ad6ab3da
223;30;180;5;21/07/2026;3;2;1;3;2;2,6;2,4;Baja;Punto fuerte: encaje con el rol. Cubre Excel avanzado. Punto débil: experiencia.;Acreditar SAP: la vacante lo pide y no figura en el CV.;fdb15b3bc12281881d7d7b584622407a
224;58;180;5;21/07/2026;2;1;3;5;1;2,7;2,9;Baja;Punto fuerte: retribución. Cubre Excel avanzado. Punto débil: habilidades pedidas: le falta Logística, SAP.;Acreditar Logística: la vacante lo pide y no figura en el CV.;f32dca8b4bbeaf7b99a5388a3ee25d05
225;14;50;5;21/07/2026;5;3;2;5;1;3,5;3,4;Media;Punto fuerte: encaje con el rol. Cubre AutoCAD, Resolución de problemas. Punto débil: probabilidad de entrevista.;Acreditar SAP: la vacante lo pide y no figura en el CV.;885480c884ed8190dc3fb64ffb791b29
226;5;3;5;21/07/2026;5;3;5;4;4;4,5;4,6;Alta;Punto fuerte: encaje con el rol. Cubre Ciberseguridad, Docker. Punto débil: habilidades pedidas: le falta Redes.;Acreditar Redes: la vacante lo pide y no figura en el CV.;f894e1db4345616d702c24ded0c3174b
227;58;215;3;21/07/2026;1;2;2;1;1;1,9;1,9;Baja;Revisión manual. Sin puntos fuertes claros para este puesto.;Acreditar Organización: la vacante lo pide y no figura en el CV.;f32dca8b4bbeaf7b99a5388a3ee25d05
228;70;240;4;21/07/2026;1;1;2;5;1;2,5;2,5;Baja;Revisión manual. Punto fuerte: retribución.;Acreditar Atención al cliente: la vacante lo pide y no figura en el CV.;f5afac3bc9ed839fa51c0f7d16a6b1f0
229;79;48;5;22/07/2026;4;1;2;2;2;2,8;2,2;Baja;Punto fuerte: encaje con el rol. No acredita a buen nivel ninguna de las habilidades pedidas. Punto débil: habilidades pedidas: le falta Microsoft Office, Odoo.;Acreditar Microsoft Office: la vacante lo pide y no figura en el CV.;dbc3ae586769d482cb1309411aec185f
230;81;47;5;22/07/2026;2;1;1;4;1;2,2;2,2;Baja;Punto fuerte: retribución. No acredita a buen nivel ninguna de las habilidades pedidas. Punto débil: habilidades pedidas: le falta Figma, Creatividad.;Acreditar Figma: la vacante lo pide y no figura en el CV.;11bbeacc030854ec0ebf30b0b36ff61f
231;31;236;5;22/07/2026;2;1;3;3;1;2,1;1,8;Baja;Punto fuerte: experiencia. No acredita a buen nivel ninguna de las habilidades pedidas. Punto débil: habilidades pedidas: le falta Trabajo en equipo, SAP.;Acreditar Trabajo en equipo: la vacante lo pide y no figura en el CV.;f5bdd3f0eb3dad01d633b74b369c9125
232;86;57;5;22/07/2026;1;1;1;5;1;2,1;2,1;Baja;Punto fuerte: retribución. No acredita a buen nivel ninguna de las habilidades pedidas. Punto débil: encaje con el rol.;Acreditar Orientación a resultados: la vacante lo pide y no figura en el CV.;82e41edab78b099f53a87437726ed822
233;38;238;5;22/07/2026;2;1;3;1;2;2,8;3,1;Baja;Punto fuerte: experiencia. No acredita a buen nivel ninguna de las habilidades pedidas. Punto débil: habilidades pedidas: le falta Atención al cliente, Trabajo en equipo.;Acreditar Atención al cliente: la vacante lo pide y no figura en el CV.;68f33e0ca8603c304a1b18b11dfd0464
234;77;180;5;22/07/2026;5;1;1;5;2;3,2;2,7;Media;Punto fuerte: encaje con el rol. No acredita a buen nivel ninguna de las habilidades pedidas. Punto débil: habilidades pedidas: le falta Logística, SAP.;Acreditar Logística: la vacante lo pide y no figura en el CV.;6b2ecdff913c1a67b7a1efcffbace6d8
235;80;54;5;22/07/2026;1;1;1;4;1;2,0;2,2;Baja;Punto fuerte: retribución. Cubre Creatividad. Punto débil: encaje con el rol.;Acreditar Google Analytics: la vacante lo pide y no figura en el CV.;0ab41c1e90b3e44375989152324bc3dc
236;51;156;5;22/07/2026;5;1;3;3;2;3,2;3,5;Media;Punto fuerte: encaje con el rol. No acredita a buen nivel ninguna de las habilidades pedidas. Punto débil: habilidades pedidas: le falta Negociación, Atención al cliente.;Acreditar Negociación: la vacante lo pide y no figura en el CV.;09d8964fac3b34e828c77f23f93ac102
237;87;127;5;22/07/2026;5;1;5;5;3;3,6;3,4;Media;Punto fuerte: encaje con el rol. Cubre Excel avanzado. Punto débil: habilidades pedidas: le falta QuickBooks, Organización.;Acreditar QuickBooks: la vacante lo pide y no figura en el CV.;89728c973c760f1cb456fcbc23c4b8e8
238;69;149;5;22/07/2026;4;4;2;3;3;4,0;3,7;Alta;Punto fuerte: encaje con el rol. Cubre Creatividad, Figma, Empatía. Punto débil: experiencia.;Sumar experiencia práctica en el sector (prácticas o proyecto).;7acbc14f03275bc7b352029c8f0b9bc1
239;42;110;5;22/07/2026;5;2;2;3;3;3,5;3,4;Media;Punto fuerte: encaje con el rol. No acredita a buen nivel ninguna de las habilidades pedidas. Punto débil: habilidades pedidas: le falta Microsoft Office, Francés.;Acreditar Microsoft Office: la vacante lo pide y no figura en el CV.;7a6776a88d11967e775be432e4a0aef0
240;28;219;5;22/07/2026;5;2;2;3;3;3,9;4,2;Media;Punto fuerte: encaje con el rol. Cubre Gestión de proyectos, SAP. Punto débil: habilidades pedidas: le falta AutoCAD, Resolución de problemas.;Acreditar AutoCAD: la vacante lo pide y no figura en el CV.;3d4aa4595655d0cacd2dda308651f1ce
241;78;88;5;22/07/2026;2;1;4;5;2;2,6;2,4;Baja;Punto fuerte: retribución. No acredita a buen nivel ninguna de las habilidades pedidas. Punto débil: habilidades pedidas: le falta Diseño gráfico, AutoCAD.;Acreditar Diseño gráfico: la vacante lo pide y no figura en el CV.;215b534770cb82e308cf143763fa6b20
242;60;132;5;22/07/2026;2;2;1;3;1;2,4;2,3;Baja;Punto fuerte: retribución. Cubre Euskera. Punto débil: experiencia.;Acreditar Atención al cliente: la vacante lo pide y no figura en el CV.;7fb8cfa04fabdd00e9a549148bd60e44
243;30;64;5;22/07/2026;2;1;3;1;1;2,1;1,8;Baja;Punto fuerte: experiencia. No acredita a buen nivel ninguna de las habilidades pedidas. Punto débil: habilidades pedidas: le falta Atención al cliente, Organización.;Acreditar Atención al cliente: la vacante lo pide y no figura en el CV.;fdb15b3bc12281881d7d7b584622407a
244;86;86;5;22/07/2026;2;2;1;5;2;2,9;3,2;Baja;Punto fuerte: retribución. Cubre Empatía. Punto débil: experiencia.;Acreditar Trabajo bajo presión: la vacante lo pide y no figura en el CV.;82e41edab78b099f53a87437726ed822
245;45;132;5;22/07/2026;2;1;3;3;2;2,6;3,1;Baja;Punto fuerte: experiencia. Cubre Euskera. Punto débil: habilidades pedidas: le falta Atención al cliente, Microsoft Office.;Acreditar Atención al cliente: la vacante lo pide y no figura en el CV.;79696bcf14d19d8cc255fccfe9b7752e
246;69;192;5;22/07/2026;2;1;3;3;2;2,7;2,5;Baja;Punto fuerte: experiencia. No acredita a buen nivel ninguna de las habilidades pedidas. Punto débil: habilidades pedidas: le falta Organización, Atención al cliente.;Acreditar Organización: la vacante lo pide y no figura en el CV.;7acbc14f03275bc7b352029c8f0b9bc1
247;3;215;5;22/07/2026;3;1;3;1;3;2,7;3,0;Baja;Punto fuerte: encaje con el rol. Cubre Microsoft Office. Punto débil: habilidades pedidas: le falta Organización, Atención al cliente.;Acreditar Organización: la vacante lo pide y no figura en el CV.;41639786d6f8a244b34cde0b836e6d9c
248;34;187;5;22/07/2026;5;2;1;4;3;3,6;4,0;Media;Punto fuerte: encaje con el rol. No acredita a buen nivel ninguna de las habilidades pedidas. Punto débil: experiencia.;Acreditar Negociación: la vacante lo pide y no figura en el CV.;19a6f235332b07f91f5633b04c2e4e92
249;40;247;5;22/07/2026;1;1;1;5;2;2,3;2,1;Baja;Punto fuerte: retribución. No acredita a buen nivel ninguna de las habilidades pedidas. Punto débil: encaje con el rol.;Acreditar Negociación: la vacante lo pide y no figura en el CV.;9787e8ce8f1ff73732a864352c285885
250;29;88;5;22/07/2026;2;1;2;3;1;2,1;2,0;Baja;Punto fuerte: retribución. No acredita a buen nivel ninguna de las habilidades pedidas. Punto débil: habilidades pedidas: le falta Diseño gráfico, AutoCAD.;Acreditar Diseño gráfico: la vacante lo pide y no figura en el CV.;b613a75bd33c952658043c1eb97e8249
251;37;92;5;22/07/2026;2;1;4;1;2;2,8;2,4;Baja;Punto fuerte: experiencia. No acredita a buen nivel ninguna de las habilidades pedidas. Punto débil: habilidades pedidas: le falta Comunicación, Creatividad.;Acreditar Comunicación: la vacante lo pide y no figura en el CV.;31b3d37b09ab14302024065358c62f20
252;7;158;5;22/07/2026;5;1;5;2;2;3,0;2,8;Media;Punto fuerte: encaje con el rol. No acredita a buen nivel ninguna de las habilidades pedidas. Punto débil: habilidades pedidas: le falta Microsoft Office, Atención al cliente.;Acreditar Microsoft Office: la vacante lo pide y no figura en el CV.;383eaa5c29506016b589f75b32306891
253;11;248;5;22/07/2026;5;2;3;3;3;4,3;4,2;Alta;Punto fuerte: encaje con el rol. Cubre Prevención de riesgos. Punto débil: habilidades pedidas: le falta Mecanizado CNC, Autonomía.;Acreditar Mecanizado CNC: la vacante lo pide y no figura en el CV.;3b883509efc39b7f91f118ac94557999
254;38;95;5;22/07/2026;3;2;4;3;3;3,2;3,6;Media;Punto fuerte: experiencia. Cubre Negociación. Punto débil: habilidades pedidas: le falta Atención al cliente, Orientación a resultados.;Acreditar Atención al cliente: la vacante lo pide y no figura en el CV.;68f33e0ca8603c304a1b18b11dfd0464
255;15;148;5;22/07/2026;2;1;3;2;1;2,3;2,6;Baja;Punto fuerte: experiencia. No acredita a buen nivel ninguna de las habilidades pedidas. Punto débil: habilidades pedidas: le falta Logística, Trabajo en equipo.;Acreditar Logística: la vacante lo pide y no figura en el CV.;045acccb8d5df88f9758c8c5ad6ab3da
256;88;57;5;22/07/2026;5;3;3;3;3;4,0;3,7;Alta;Punto fuerte: encaje con el rol. Cubre Orientación a resultados, Salesforce, Negociación. Punto débil: habilidades pedidas: le falta Atención al cliente.;Acreditar Atención al cliente: la vacante lo pide y no figura en el CV.;003d3d1722fa228dec7454b99b38765f
257;23;148;5;22/07/2026;5;2;4;2;4;4,2;4,3;Alta;Punto fuerte: encaje con el rol. Cubre Logística. Punto débil: habilidades pedidas: le falta Trabajo en equipo, SAP.;Acreditar Trabajo en equipo: la vacante lo pide y no figura en el CV.;c69114ac25b163c11e24ee2b45095c2e
258;25;21;5;22/07/2026;5;4;3;1;4;4,6;4,0;Alta;Punto fuerte: encaje con el rol. Cubre Odoo, Atención al cliente. Punto débil: retribución.;Acreditar Microsoft Office: la vacante lo pide y no figura en el CV.;38357ca63edb529b559f755942888aca
259;69;44;5;22/07/2026;5;3;2;2;3;4,1;3,8;Alta;Punto fuerte: encaje con el rol. Cubre Google Analytics, Creatividad, Euskera. Punto débil: experiencia.;Acreditar WordPress: la vacante lo pide y no figura en el CV.;7acbc14f03275bc7b352029c8f0b9bc1
260;84;113;5;22/07/2026;5;1;2;3;3;3,2;3,0;Media;Punto fuerte: encaje con el rol. No acredita a buen nivel ninguna de las habilidades pedidas. Punto débil: habilidades pedidas: le falta Análisis estadístico, Python.;Acreditar Análisis estadístico: la vacante lo pide y no figura en el CV.;0831ec1ffe1f6dbf748301b6844105b2
261;56;196;5;23/07/2026;2;2;5;1;3;3,2;2,8;Media;Punto fuerte: experiencia. Cubre Gestión de proyectos, AutoCAD. Punto débil: retribución.;Acreditar Resolución de problemas: la vacante lo pide y no figura en el CV.;29f6492552b6da6c91a1e236597abf82
262;35;129;5;23/07/2026;4;3;3;1;3;3,5;3,4;Media;Punto fuerte: encaje con el rol. Cubre Atención al cliente. Punto débil: retribución.;Acreditar Salesforce: la vacante lo pide y no figura en el CV.;2ec93fe739d638737d2fb11b7af497bb
263;89;246;5;23/07/2026;5;2;1;5;2;3,7;3,7;Media;Punto fuerte: encaje con el rol. Cubre Git. Punto débil: experiencia.;Acreditar JavaScript: la vacante lo pide y no figura en el CV.;e55d60a89641a3f36c331a954f73d14f
264;47;63;5;23/07/2026;2;2;5;1;3;3,5;3,4;Media;Punto fuerte: experiencia. Cubre Euskera. Punto débil: retribución.;Acreditar Atención al cliente: la vacante lo pide y no figura en el CV.;632cb7af436fcdef206636840f9bd3e9
265;18;236;5;23/07/2026;5;2;4;3;4;3,9;3,9;Media;Punto fuerte: encaje con el rol. Cubre Euskera. Punto débil: habilidades pedidas: le falta Trabajo en equipo, SAP.;Acreditar Trabajo en equipo: la vacante lo pide y no figura en el CV.;f75337c1535cca7acdd8d464a5086ad5
266;39;57;5;23/07/2026;2;1;1;1;1;1,2;1,0;Baja;Sin puntos fuertes claros para este puesto. No acredita a buen nivel ninguna de las habilidades pedidas. Punto débil: habilidades pedidas: le falta Orientación a resultados, Atención al cliente.;Acreditar Orientación a resultados: la vacante lo pide y no figura en el CV.;d866939a94fc049e27104c52373baea1
267;62;248;5;23/07/2026;3;1;5;3;2;2,3;2,0;Baja;Punto fuerte: experiencia. No acredita a buen nivel ninguna de las habilidades pedidas. Punto débil: habilidades pedidas: le falta Prevención de riesgos, Mecanizado CNC.;Acreditar Prevención de riesgos: la vacante lo pide y no figura en el CV.;cb24798309bdfcaab479bb037eec32ab
268;51;28;5;23/07/2026;2;1;5;4;2;2,9;3,4;Baja;Punto fuerte: experiencia. No acredita a buen nivel ninguna de las habilidades pedidas. Punto débil: habilidades pedidas: le falta Atención al cliente, Francés.;Acreditar Atención al cliente: la vacante lo pide y no figura en el CV.;09d8964fac3b34e828c77f23f93ac102
269;71;51;5;23/07/2026;2;1;3;1;1;2,3;2,3;Baja;Punto fuerte: experiencia. No acredita a buen nivel ninguna de las habilidades pedidas. Punto débil: habilidades pedidas: le falta Negociación, Prevención de riesgos.;Acreditar Negociación: la vacante lo pide y no figura en el CV.;6384f499504c9afb3e5b3fa9933e517e
270;64;47;5;23/07/2026;5;2;2;5;2;3,5;3,1;Media;Punto fuerte: encaje con el rol. Cubre Creatividad. Punto débil: habilidades pedidas: le falta Figma, Empatía.;Acreditar Figma: la vacante lo pide y no figura en el CV.;8fcae24fb6920086713d68c73ed9e705
271;6;242;5;23/07/2026;3;2;5;3;3;3,6;3,7;Media;Punto fuerte: experiencia. Cubre Pensamiento crítico. Punto débil: habilidades pedidas: le falta Inglés, Comunicación.;Acreditar Inglés: la vacante lo pide y no figura en el CV.;20957a05960764518bb49811dc16a350
272;9;190;5;23/07/2026;2;2;2;3;2;3,2;3,4;Media;Punto fuerte: retribución. Cubre Organización. Punto débil: encaje con el rol.;Acreditar Odoo: la vacante lo pide y no figura en el CV.;2a84e3ebb2f9f0e3841cbb047491fc45
273;69;100;5;23/07/2026;2;2;2;1;2;2,8;2,9;Baja;Sin puntos fuertes claros para este puesto. No acredita a buen nivel ninguna de las habilidades pedidas. Punto débil: retribución.;Acreditar Atención al cliente: la vacante lo pide y no figura en el CV.;7acbc14f03275bc7b352029c8f0b9bc1
274;57;124;5;23/07/2026;5;1;3;3;2;3,6;3,4;Media;Punto fuerte: encaje con el rol. No acredita a buen nivel ninguna de las habilidades pedidas. Punto débil: habilidades pedidas: le falta SAP, Excel avanzado.;Acreditar SAP: la vacante lo pide y no figura en el CV.;32e0331dbc878ffbd95b2b90ac4d72f2
275;28;248;5;23/07/2026;5;2;5;3;3;4,2;4,6;Alta;Punto fuerte: encaje con el rol. Cubre Mecanizado CNC. Punto débil: habilidades pedidas: le falta Prevención de riesgos, Autonomía.;Acreditar Prevención de riesgos: la vacante lo pide y no figura en el CV.;3d4aa4595655d0cacd2dda308651f1ce
276;43;124;5;23/07/2026;4;3;3;4;3;4,1;4,1;Alta;Punto fuerte: encaje con el rol. Cubre Atención al detalle, Pensamiento crítico. Punto débil: habilidades pedidas: le falta SAP, Excel avanzado.;Acreditar SAP: la vacante lo pide y no figura en el CV.;9defc6717147945ac3ef5433653b5bd3
277;70;180;5;23/07/2026;2;2;1;5;1;2,8;2,9;Baja;Punto fuerte: retribución. Cubre Excel avanzado. Punto débil: experiencia.;Acreditar Logística: la vacante lo pide y no figura en el CV.;f5afac3bc9ed839fa51c0f7d16a6b1f0
278;68;40;5;23/07/2026;5;2;3;3;3;3,6;4,2;Media;Punto fuerte: encaje con el rol. Cubre Inglés, Microsoft Office. Punto débil: habilidades pedidas: le falta Francés.;Acreditar Francés: la vacante lo pide y no figura en el CV.;e74475b24a3a5e1c4424f7c7a57ca71c
279;29;174;5;23/07/2026;2;1;3;3;2;2,4;2,5;Baja;Punto fuerte: experiencia. No acredita a buen nivel ninguna de las habilidades pedidas. Punto débil: habilidades pedidas: le falta Empatía, Microsoft Office.;Acreditar Empatía: la vacante lo pide y no figura en el CV.;b613a75bd33c952658043c1eb97e8249
280;53;160;5;23/07/2026;5;1;5;5;3;3,8;3,6;Media;Punto fuerte: encaje con el rol. No acredita a buen nivel ninguna de las habilidades pedidas. Punto débil: habilidades pedidas: le falta WordPress, Google Analytics.;Acreditar WordPress: la vacante lo pide y no figura en el CV.;d7dc5213f05e3731c1548793a9af61e6
281;2;177;5;23/07/2026;2;1;4;3;3;3,1;3,2;Media;Punto fuerte: experiencia. No acredita a buen nivel ninguna de las habilidades pedidas. Punto débil: habilidades pedidas: le falta Atención al cliente, Odoo.;Acreditar Atención al cliente: la vacante lo pide y no figura en el CV.;ff6a94069d1ee9118029d75b03c2d938
282;52;243;5;23/07/2026;5;2;3;4;3;3,6;3,6;Media;Punto fuerte: encaje con el rol. Cubre Euskera. Punto débil: habilidades pedidas: le falta Excel avanzado, Power BI.;Acreditar Excel avanzado: la vacante lo pide y no figura en el CV.;9c968e3db36d38047984c27ed0614858
283;85;174;5;23/07/2026;2;1;4;3;3;3,2;3,2;Media;Punto fuerte: experiencia. No acredita a buen nivel ninguna de las habilidades pedidas. Punto débil: habilidades pedidas: le falta Empatía, Microsoft Office.;Acreditar Empatía: la vacante lo pide y no figura en el CV.;5c4e1357a35f409ae56311fce6ced4de
284;25;234;5;23/07/2026;2;1;1;4;1;2,4;2,4;Baja;Punto fuerte: retribución. No acredita a buen nivel ninguna de las habilidades pedidas. Punto débil: habilidades pedidas: le falta Mecanizado CNC, Autonomía.;Acreditar Mecanizado CNC: la vacante lo pide y no figura en el CV.;38357ca63edb529b559f755942888aca
285;6;180;5;23/07/2026;2;2;3;5;2;3,0;3,1;Media;Punto fuerte: retribución. Cubre Organización. Punto débil: encaje con el rol.;Acreditar Logística: la vacante lo pide y no figura en el CV.;20957a05960764518bb49811dc16a350
286;88;177;5;23/07/2026;5;2;4;3;3;3,7;3,9;Media;Punto fuerte: encaje con el rol. No acredita a buen nivel ninguna de las habilidades pedidas. Punto débil: habilidades pedidas: le falta Atención al cliente, Odoo.;Acreditar Atención al cliente: la vacante lo pide y no figura en el CV.;003d3d1722fa228dec7454b99b38765f
287;49;90;5;23/07/2026;5;2;3;3;3;4,0;4,2;Alta;Punto fuerte: encaje con el rol. Cubre SQL, Euskera. Punto débil: habilidades pedidas: le falta JavaScript, Git.;Acreditar JavaScript: la vacante lo pide y no figura en el CV.;0ffba22ba3e4f470126a6a7993f8732a
288;64;218;5;23/07/2026;2;1;3;1;2;2,3;1,9;Baja;Punto fuerte: experiencia. No acredita a buen nivel ninguna de las habilidades pedidas. Punto débil: habilidades pedidas: le falta Trabajo en equipo, Trabajo bajo presión.;Acreditar Trabajo en equipo: la vacante lo pide y no figura en el CV.;8fcae24fb6920086713d68c73ed9e705
289;50;44;5;23/07/2026;2;1;1;5;1;2,7;2,6;Baja;Punto fuerte: retribución. No acredita a buen nivel ninguna de las habilidades pedidas. Punto débil: habilidades pedidas: le falta Google Analytics, Creatividad.;Acreditar Google Analytics: la vacante lo pide y no figura en el CV.;bf9ce192c37211714da1407c648bd2d0
290;21;156;5;23/07/2026;4;2;1;3;3;3,5;3,5;Media;Punto fuerte: encaje con el rol. No acredita a buen nivel ninguna de las habilidades pedidas. Punto débil: experiencia.;Acreditar Negociación: la vacante lo pide y no figura en el CV.;e474a22c958190bad25d49ed5c04aaf3
291;70;106;5;23/07/2026;3;1;3;1;1;2,6;2,3;Baja;Punto fuerte: encaje con el rol. No acredita a buen nivel ninguna de las habilidades pedidas. Punto débil: habilidades pedidas: le falta Soldadura, Prevención de riesgos.;Acreditar Soldadura: la vacante lo pide y no figura en el CV.;f5afac3bc9ed839fa51c0f7d16a6b1f0
292;72;153;5;23/07/2026;2;1;5;3;2;2,8;2,8;Baja;Punto fuerte: experiencia. No acredita a buen nivel ninguna de las habilidades pedidas. Punto débil: habilidades pedidas: le falta WordPress, Creatividad.;Acreditar WordPress: la vacante lo pide y no figura en el CV.;00c6ea09b3c021f3b117297451d698eb
293;87;67;5;23/07/2026;5;1;5;2;3;3,8;3,6;Media;Punto fuerte: encaje con el rol. No acredita a buen nivel ninguna de las habilidades pedidas. Punto débil: habilidades pedidas: le falta Prevención de riesgos, Mecanizado CNC.;Acreditar Prevención de riesgos: la vacante lo pide y no figura en el CV.;89728c973c760f1cb456fcbc23c4b8e8
294;8;6;5;23/07/2026;1;1;2;2;1;1,9;2,0;Baja;Sin puntos fuertes claros para este puesto. No acredita a buen nivel ninguna de las habilidades pedidas. Punto débil: encaje con el rol.;Acreditar Empatía: la vacante lo pide y no figura en el CV.;9091e8fb9fb54d7ae3978b0e9dfdfd4e
295;57;196;4;23/07/2026;5;3;3;2;4;3,9;3,9;Media;Revisión manual. Punto fuerte: encaje con el rol.;Acreditar AutoCAD: la vacante lo pide y no figura en el CV.;32e0331dbc878ffbd95b2b90ac4d72f2
296;1;144;5;24/07/2026;5;2;3;1;3;3,3;3,2;Media;Punto fuerte: encaje con el rol. Cubre Organización. Punto débil: retribución.;Acreditar Contabilidad: la vacante lo pide y no figura en el CV.;a1bec3d7b0af64b7b136dfd2d05d6fb7
297;75;243;5;24/07/2026;4;2;2;5;3;3,6;3,4;Media;Punto fuerte: retribución. Cubre Power BI. Punto débil: habilidades pedidas: le falta Excel avanzado, SQL.;Acreditar Excel avanzado: la vacante lo pide y no figura en el CV.;d30d03d751c3dd67c9e53c2c3fd99212
298;50;64;5;24/07/2026;2;1;3;4;2;2,7;2,7;Baja;Punto fuerte: retribución. No acredita a buen nivel ninguna de las habilidades pedidas. Punto débil: habilidades pedidas: le falta Atención al cliente, Organización.;Acreditar Atención al cliente: la vacante lo pide y no figura en el CV.;bf9ce192c37211714da1407c648bd2d0
299;2;168;5;24/07/2026;5;2;4;3;3;3,7;3,2;Media;Punto fuerte: encaje con el rol. Cubre Mecanizado CNC. Punto débil: habilidades pedidas: le falta Prevención de riesgos, Trabajo en equipo.;Acreditar Prevención de riesgos: la vacante lo pide y no figura en el CV.;ff6a94069d1ee9118029d75b03c2d938
300;83;223;5;24/07/2026;2;1;4;3;2;2,9;2,8;Baja;Punto fuerte: experiencia. No acredita a buen nivel ninguna de las habilidades pedidas. Punto débil: habilidades pedidas: le falta Empatía, Creatividad.;Acreditar Empatía: la vacante lo pide y no figura en el CV.;0da3bf552eaaf1b9ddbdb332ac2cb1a9
301;2;234;5;24/07/2026;5;2;3;3;3;4,1;3,8;Alta;Punto fuerte: encaje con el rol. Cubre Mecanizado CNC. Punto débil: habilidades pedidas: le falta Autonomía, Prevención de riesgos.;Acreditar Autonomía: la vacante lo pide y no figura en el CV.;ff6a94069d1ee9118029d75b03c2d938
302;44;183;5;24/07/2026;2;1;3;4;2;2,7;3,1;Baja;Punto fuerte: retribución. No acredita a buen nivel ninguna de las habilidades pedidas. Punto débil: habilidades pedidas: le falta Negociación, Orientación a resultados.;Acreditar Negociación: la vacante lo pide y no figura en el CV.;2fd67b166cd5705953353f5169d02f1f
303;71;30;5;24/07/2026;5;2;3;1;3;4,0;3,9;Alta;Punto fuerte: encaje con el rol. Cubre Euskera. Punto débil: retribución.;Acreditar Atención al cliente: la vacante lo pide y no figura en el CV.;6384f499504c9afb3e5b3fa9933e517e
304;38;174;5;24/07/2026;5;3;4;3;4;4,6;4,6;Alta;Punto fuerte: encaje con el rol. Cubre Empatía, Negociación. Punto débil: habilidades pedidas: le falta Microsoft Office.;Acreditar Microsoft Office: la vacante lo pide y no figura en el CV.;68f33e0ca8603c304a1b18b11dfd0464
305;19;176;5;24/07/2026;5;2;2;1;3;3,3;3,0;Media;Punto fuerte: encaje con el rol. Cubre Euskera. Punto débil: retribución.;Acreditar Atención al cliente: la vacante lo pide y no figura en el CV.;07de0c3b759cac6c75f836ee50a4ea34
306;73;222;5;24/07/2026;3;2;1;3;2;3,0;3,2;Media;Punto fuerte: encaje con el rol. Cubre Autonomía, Euskera. Punto débil: experiencia.;Acreditar Prevención de riesgos: la vacante lo pide y no figura en el CV.;c7572b0b01ded11bb39dd474f5304968
307;77;140;5;24/07/2026;3;3;1;4;3;3,7;3,4;Media;Punto fuerte: retribución. Cubre Euskera. Punto débil: experiencia.;Acreditar Vocación de servicio: la vacante lo pide y no figura en el CV.;6b2ecdff913c1a67b7a1efcffbace6d8
308;43;28;5;24/07/2026;5;1;4;1;3;3,3;3,1;Media;Punto fuerte: encaje con el rol. Cubre Inglés. Punto débil: habilidades pedidas: le falta Atención al cliente, Francés.;Acreditar Atención al cliente: la vacante lo pide y no figura en el CV.;9defc6717147945ac3ef5433653b5bd3
309;9;44;5;24/07/2026;2;1;1;3;2;2,0;2,2;Baja;Punto fuerte: retribución. No acredita a buen nivel ninguna de las habilidades pedidas. Punto débil: habilidades pedidas: le falta Google Analytics, Creatividad.;Acreditar Google Analytics: la vacante lo pide y no figura en el CV.;2a84e3ebb2f9f0e3841cbb047491fc45
310;85;134;5;24/07/2026;2;1;4;3;2;2,9;2,8;Baja;Punto fuerte: experiencia. No acredita a buen nivel ninguna de las habilidades pedidas. Punto débil: habilidades pedidas: le falta Creatividad, Google Analytics.;Acreditar Creatividad: la vacante lo pide y no figura en el CV.;5c4e1357a35f409ae56311fce6ced4de
311;52;41;5;24/07/2026;2;2;1;5;2;2,6;2,4;Baja;Punto fuerte: retribución. Cubre Gestión de proyectos, Euskera. Punto débil: experiencia.;Acreditar Prevención de riesgos: la vacante lo pide y no figura en el CV.;9c968e3db36d38047984c27ed0614858
312;44;215;5;24/07/2026;2;1;2;3;1;2,2;2,3;Baja;Punto fuerte: retribución. No acredita a buen nivel ninguna de las habilidades pedidas. Punto débil: habilidades pedidas: le falta Organización, Atención al cliente.;Acreditar Organización: la vacante lo pide y no figura en el CV.;2fd67b166cd5705953353f5169d02f1f
313;60;46;5;24/07/2026;5;5;1;5;4;5,0;4,9;Alta;Punto fuerte: encaje con el rol. Cubre Comunicación, Empatía, Euskera. Punto débil: experiencia.;Sumar experiencia práctica en el sector (prácticas o proyecto).;7fb8cfa04fabdd00e9a549148bd60e44
314;77;129;5;24/07/2026;5;1;2;5;2;3,0;2,8;Media;Punto fuerte: encaje con el rol. Cubre Orientación a resultados. Punto débil: habilidades pedidas: le falta Salesforce, Negociación.;Acreditar Salesforce: la vacante lo pide y no figura en el CV.;6b2ecdff913c1a67b7a1efcffbace6d8
315;13;153;5;24/07/2026;5;2;2;3;3;3,9;3,7;Media;Punto fuerte: encaje con el rol. Cubre Creatividad. Punto débil: habilidades pedidas: le falta WordPress, HubSpot.;Acreditar WordPress: la vacante lo pide y no figura en el CV.;378db114d70b4e32b39eb03832f54cb8
316;69;136;5;24/07/2026;4;3;2;3;3;3,6;3,6;Media;Punto fuerte: encaje con el rol. Cubre Figma, Empatía. Punto débil: experiencia.;Subir Photoshop de nivel 2 a 3.;7acbc14f03275bc7b352029c8f0b9bc1
317;15;46;5;24/07/2026;4;3;3;3;3;4,1;3,9;Alta;Punto fuerte: encaje con el rol. Cubre Comunicación, Empatía, Creatividad. Punto débil: habilidades pedidas: le falta Euskera.;Acreditar Euskera: la vacante lo pide y no figura en el CV.;045acccb8d5df88f9758c8c5ad6ab3da
318;1;158;5;24/07/2026;1;2;3;2;3;2,5;2,9;Baja;Punto fuerte: experiencia. No acredita a buen nivel ninguna de las habilidades pedidas. Punto débil: encaje con el rol.;Acreditar Microsoft Office: la vacante lo pide y no figura en el CV.;a1bec3d7b0af64b7b136dfd2d05d6fb7
319;30;113;5;24/07/2026;5;4;1;5;4;4,6;4,7;Alta;Punto fuerte: encaje con el rol. Cubre Análisis estadístico, SQL. Punto débil: experiencia.;Subir Python de nivel 2 a 3.;fdb15b3bc12281881d7d7b584622407a
320;34;67;5;24/07/2026;2;1;4;1;2;2,7;3,0;Baja;Punto fuerte: experiencia. No acredita a buen nivel ninguna de las habilidades pedidas. Punto débil: habilidades pedidas: le falta Prevención de riesgos, Mecanizado CNC.;Acreditar Prevención de riesgos: la vacante lo pide y no figura en el CV.;19a6f235332b07f91f5633b04c2e4e92
321;86;218;5;24/07/2026;2;1;3;1;2;2,6;2,5;Baja;Punto fuerte: experiencia. No acredita a buen nivel ninguna de las habilidades pedidas. Punto débil: habilidades pedidas: le falta Trabajo en equipo, Trabajo bajo presión.;Acreditar Trabajo en equipo: la vacante lo pide y no figura en el CV.;82e41edab78b099f53a87437726ed822
322;65;41;5;24/07/2026;2;1;4;4;2;2,6;2,3;Baja;Punto fuerte: experiencia. No acredita a buen nivel ninguna de las habilidades pedidas. Punto débil: habilidades pedidas: le falta Gestión de proyectos, Prevención de riesgos.;Acreditar Gestión de proyectos: la vacante lo pide y no figura en el CV.;3cb0682fe51ea684660b1b35c056b93a
323;21;178;5;24/07/2026;4;1;1;2;2;2,9;3,1;Baja;Punto fuerte: encaje con el rol. No acredita a buen nivel ninguna de las habilidades pedidas. Punto débil: habilidades pedidas: le falta Negociación, Salesforce.;Acreditar Negociación: la vacante lo pide y no figura en el CV.;e474a22c958190bad25d49ed5c04aaf3
324;76;64;5;24/07/2026;4;2;2;3;2;3,5;3,2;Media;Punto fuerte: encaje con el rol. Cubre Organización. Punto débil: habilidades pedidas: le falta Atención al cliente, Odoo.;Acreditar Atención al cliente: la vacante lo pide y no figura en el CV.;4cfd825587a78dd0bc54d9398a050a4f
325;20;96;5;24/07/2026;5;1;5;1;4;3,2;2,9;Media;Punto fuerte: encaje con el rol. No acredita a buen nivel ninguna de las habilidades pedidas. Punto débil: habilidades pedidas: le falta Python, Análisis estadístico.;Acreditar Python: la vacante lo pide y no figura en el CV.;d63095188ac78085013df7e2e119a597
326;84;50;5;24/07/2026;3;2;1;3;3;3,0;3,0;Media;Punto fuerte: encaje con el rol. No acredita a buen nivel ninguna de las habilidades pedidas. Punto débil: experiencia.;Acreditar SAP: la vacante lo pide y no figura en el CV.;0831ec1ffe1f6dbf748301b6844105b2
327;87;200;5;24/07/2026;5;1;5;4;3;3,7;3,7;Media;Punto fuerte: encaje con el rol. No acredita a buen nivel ninguna de las habilidades pedidas. Punto débil: habilidades pedidas: le falta Organización, Microsoft Office.;Acreditar Organización: la vacante lo pide y no figura en el CV.;89728c973c760f1cb456fcbc23c4b8e8
328;81;50;5;24/07/2026;4;2;1;4;3;3,4;3,2;Media;Punto fuerte: encaje con el rol. Cubre Excel avanzado. Punto débil: experiencia.;Acreditar SAP: la vacante lo pide y no figura en el CV.;11bbeacc030854ec0ebf30b0b36ff61f
329;25;57;5;24/07/2026;4;2;2;3;2;3,6;3,8;Media;Punto fuerte: encaje con el rol. Cubre Atención al cliente, Negociación. Punto débil: habilidades pedidas: le falta Orientación a resultados, Salesforce.;Acreditar Orientación a resultados: la vacante lo pide y no figura en el CV.;38357ca63edb529b559f755942888aca
330;5;88;5;24/07/2026;2;2;5;2;3;3,1;3,1;Media;Punto fuerte: experiencia. No acredita a buen nivel ninguna de las habilidades pedidas. Punto débil: encaje con el rol.;Acreditar Diseño gráfico: la vacante lo pide y no figura en el CV.;f894e1db4345616d702c24ded0c3174b
331;22;193;5;24/07/2026;1;2;5;2;2;3,1;3,1;Media;Punto fuerte: experiencia. No acredita a buen nivel ninguna de las habilidades pedidas. Punto débil: encaje con el rol.;Acreditar Atención al cliente: la vacante lo pide y no figura en el CV.;b014218a24551d0c092d944009a50535
332;34;15;5;24/07/2026;2;1;2;4;1;2,1;1,7;Baja;Punto fuerte: retribución. No acredita a buen nivel ninguna de las habilidades pedidas. Punto débil: habilidades pedidas: le falta Microsoft Office, Francés.;Acreditar Microsoft Office: la vacante lo pide y no figura en el CV.;19a6f235332b07f91f5633b04c2e4e92
333;54;185;5;24/07/2026;4;2;4;4;2;3,6;3,3;Media;Punto fuerte: encaje con el rol. Cubre Atención al cliente. Punto débil: habilidades pedidas: le falta Microsoft Office, Organización.;Acreditar Microsoft Office: la vacante lo pide y no figura en el CV.;859984ad4520ebcdd0cd73c27c6bb5b8
334;14;10;5;24/07/2026;5;4;3;5;4;4,9;4,6;Alta;Punto fuerte: encaje con el rol. Cubre Resolución de problemas, Prevención de riesgos, Mecanizado CNC. Punto débil: experiencia.;Pocas mejoras posibles: preparar la entrevista.;885480c884ed8190dc3fb64ffb791b29
335;77;48;5;24/07/2026;4;1;1;5;2;2,7;2,7;Baja;Punto fuerte: retribución. No acredita a buen nivel ninguna de las habilidades pedidas. Punto débil: habilidades pedidas: le falta Microsoft Office, Odoo.;Acreditar Microsoft Office: la vacante lo pide y no figura en el CV.;6b2ecdff913c1a67b7a1efcffbace6d8
336;64;174;5;24/07/2026;3;1;3;4;3;2,8;2,7;Baja;Punto fuerte: retribución. No acredita a buen nivel ninguna de las habilidades pedidas. Punto débil: habilidades pedidas: le falta Empatía, Microsoft Office.;Acreditar Empatía: la vacante lo pide y no figura en el CV.;8fcae24fb6920086713d68c73ed9e705
337;35;28;5;24/07/2026;5;2;3;1;3;3,7;3,6;Media;Punto fuerte: encaje con el rol. Cubre Atención al cliente, Inglés. Punto débil: retribución.;Acreditar Francés: la vacante lo pide y no figura en el CV.;2ec93fe739d638737d2fb11b7af497bb
338;13;21;5;24/07/2026;1;2;2;3;2;2,4;2,6;Baja;Punto fuerte: retribución. Cubre Atención al cliente. Punto débil: encaje con el rol.;Acreditar Odoo: la vacante lo pide y no figura en el CV.;378db114d70b4e32b39eb03832f54cb8
339;87;248;5;24/07/2026;5;1;5;3;3;3,6;3,4;Media;Punto fuerte: encaje con el rol. No acredita a buen nivel ninguna de las habilidades pedidas. Punto débil: habilidades pedidas: le falta Prevención de riesgos, Mecanizado CNC.;Acreditar Prevención de riesgos: la vacante lo pide y no figura en el CV.;89728c973c760f1cb456fcbc23c4b8e8
340;42;110;4;24/07/2026;4;3;3;2;3;4,0;4,0;Alta;Revisión manual. Punto fuerte: encaje con el rol.;Acreditar Microsoft Office: la vacante lo pide y no figura en el CV.;7a6776a88d11967e775be432e4a0aef0
341;81;47;3;24/07/2026;1;1;1;3;2;1,7;1,7;Baja;Revisión manual. Punto fuerte: retribución.;Acreditar Figma: la vacante lo pide y no figura en el CV.;11bbeacc030854ec0ebf30b0b36ff61f
342;38;238;4;24/07/2026;2;1;3;1;3;2,8;2,8;Baja;Revisión manual. Punto fuerte: experiencia.;Acreditar Atención al cliente: la vacante lo pide y no figura en el CV.;68f33e0ca8603c304a1b18b11dfd0464
343;23;30;5;25/07/2026;2;2;5;1;3;3,5;3,2;Media;Punto fuerte: experiencia. Cubre Atención al cliente, Euskera. Punto débil: retribución.;Acreditar Microsoft Office: la vacante lo pide y no figura en el CV.;c69114ac25b163c11e24ee2b45095c2e
344;71;97;5;25/07/2026;2;2;1;5;2;2,9;3,1;Baja;Punto fuerte: retribución. Cubre SAP. Punto débil: experiencia.;Acreditar Atención al detalle: la vacante lo pide y no figura en el CV.;6384f499504c9afb3e5b3fa9933e517e
345;35;218;5;25/07/2026;5;2;4;1;3;3,9;3,4;Media;Punto fuerte: encaje con el rol. Cubre Trabajo bajo presión. Punto débil: retribución.;Acreditar Trabajo en equipo: la vacante lo pide y no figura en el CV.;2ec93fe739d638737d2fb11b7af497bb
346;71;219;5;25/07/2026;1;1;1;5;1;2,3;2,6;Baja;Punto fuerte: retribución. Cubre SAP. Punto débil: encaje con el rol.;Acreditar AutoCAD: la vacante lo pide y no figura en el CV.;6384f499504c9afb3e5b3fa9933e517e
347;49;146;5;25/07/2026;5;2;5;1;4;4,2;4,4;Alta;Punto fuerte: encaje con el rol. Cubre SQL. Punto débil: retribución.;Acreditar JavaScript: la vacante lo pide y no figura en el CV.;0ffba22ba3e4f470126a6a7993f8732a
348;23;129;5;25/07/2026;3;2;4;3;3;3,7;3,5;Media;Punto fuerte: experiencia. Cubre Atención al cliente. Punto débil: habilidades pedidas: le falta Salesforce, Negociación.;Acreditar Salesforce: la vacante lo pide y no figura en el CV.;c69114ac25b163c11e24ee2b45095c2e
349;61;183;5;25/07/2026;5;2;4;5;4;4,6;4,3;Alta;Punto fuerte: encaje con el rol. Cubre Salesforce. Punto débil: habilidades pedidas: le falta Negociación, Orientación a resultados.;Acreditar Negociación: la vacante lo pide y no figura en el CV.;d7a2a9311dd06523dd3279716cd6f7c7
350;46;126;5;25/07/2026;2;1;4;3;2;2,5;2,2;Baja;Punto fuerte: experiencia. Cubre Euskera. Punto débil: habilidades pedidas: le falta Orientación a resultados, Atención al cliente.;Acreditar Orientación a resultados: la vacante lo pide y no figura en el CV.;bd22d806c7aa9abe89853a933bae69c6
351;19;80;5;25/07/2026;5;2;4;1;3;3,9;3,7;Media;Punto fuerte: encaje con el rol. Cubre Trabajo bajo presión. Punto débil: retribución.;Acreditar Mecanizado CNC: la vacante lo pide y no figura en el CV.;07de0c3b759cac6c75f836ee50a4ea34
352;92;201;5;25/07/2026;2;1;2;3;2;2,9;3,2;Baja;Punto fuerte: retribución. No acredita a buen nivel ninguna de las habilidades pedidas. Punto débil: habilidades pedidas: le falta Atención al cliente, Salesforce.;Acreditar Atención al cliente: la vacante lo pide y no figura en el CV.;507bc7580a51d87e07b5c014e3951fd6
353;36;100;5;25/07/2026;2;2;3;2;3;3,2;3,2;Media;Punto fuerte: experiencia. No acredita a buen nivel ninguna de las habilidades pedidas. Punto débil: encaje con el rol.;Acreditar Atención al cliente: la vacante lo pide y no figura en el CV.;a9c8adea270d72c098cdcfc98cec0a24
354;65;3;5;25/07/2026;5;2;4;5;4;4,2;4,0;Alta;Punto fuerte: encaje con el rol. Cubre Docker. Punto débil: habilidades pedidas: le falta Ciberseguridad, Redes.;Acreditar Ciberseguridad: la vacante lo pide y no figura en el CV.;3cb0682fe51ea684660b1b35c056b93a
355;25;242;5;25/07/2026;1;4;2;3;3;3,4;3,4;Media;Punto fuerte: habilidades pedidas (Pensamiento crítico, Inglés). Cubre Pensamiento crítico, Inglés, Negociación. Punto débil: encaje con el rol.;Acreditar Comunicación: la vacante lo pide y no figura en el CV.;38357ca63edb529b559f755942888aca
356;66;32;5;25/07/2026;5;2;4;3;2;4,1;4,3;Alta;Punto fuerte: encaje con el rol. Cubre Atención al cliente. Punto débil: habilidades pedidas: le falta Trabajo bajo presión, Euskera.;Acreditar Trabajo bajo presión: la vacante lo pide y no figura en el CV.;b2853efa8162d2f61ec7179884b4a842
357;85;246;5;25/07/2026;5;2;4;4;3;4,1;4,0;Alta;Punto fuerte: encaje con el rol. Cubre Java. Punto débil: habilidades pedidas: le falta JavaScript, Git.;Acreditar JavaScript: la vacante lo pide y no figura en el CV.;5c4e1357a35f409ae56311fce6ced4de
358;69;233;5;25/07/2026;2;3;3;1;3;3,6;3,8;Media;Punto fuerte: habilidades pedidas (Euskera, Inglés). Cubre Euskera, Inglés. Punto débil: retribución.;Acreditar Atención al cliente: la vacante lo pide y no figura en el CV.;7acbc14f03275bc7b352029c8f0b9bc1
359;19;218;5;25/07/2026;4;2;4;1;3;3,3;3,2;Media;Punto fuerte: encaje con el rol. Cubre Trabajo bajo presión. Punto débil: retribución.;Acreditar Trabajo en equipo: la vacante lo pide y no figura en el CV.;07de0c3b759cac6c75f836ee50a4ea34
360;57;176;5;25/07/2026;2;1;4;3;2;2,3;2,2;Baja;Punto fuerte: experiencia. No acredita a buen nivel ninguna de las habilidades pedidas. Punto débil: habilidades pedidas: le falta Euskera, Atención al cliente.;Acreditar Euskera: la vacante lo pide y no figura en el CV.;32e0331dbc878ffbd95b2b90ac4d72f2
361;90;200;5;25/07/2026;5;1;5;1;3;3,4;3,4;Media;Punto fuerte: encaje con el rol. No acredita a buen nivel ninguna de las habilidades pedidas. Punto débil: habilidades pedidas: le falta Organización, Microsoft Office.;Acreditar Organización: la vacante lo pide y no figura en el CV.;76f8de286439e9508b10f9e90bf2fedc
362;39;67;5;25/07/2026;5;2;2;1;2;3,3;3,0;Media;Punto fuerte: encaje con el rol. Cubre Prevención de riesgos, Autonomía. Punto débil: retribución.;Acreditar Mecanizado CNC: la vacante lo pide y no figura en el CV.;d866939a94fc049e27104c52373baea1
363;21;236;5;25/07/2026;4;2;2;1;1;2,6;2,5;Baja;Punto fuerte: encaje con el rol. Cubre Trabajo en equipo. Punto débil: retribución.;Acreditar SAP: la vacante lo pide y no figura en el CV.;e474a22c958190bad25d49ed5c04aaf3
364;63;45;5;25/07/2026;2;2;3;3;1;3,1;2,9;Media;Punto fuerte: experiencia. Cubre Euskera. Punto débil: probabilidad de entrevista.;Acreditar Atención al detalle: la vacante lo pide y no figura en el CV.;a76d2d2fdfe4ab06c79ecacf09618e66
365;86;44;5;25/07/2026;3;2;2;5;2;2,8;2,9;Baja;Punto fuerte: retribución. Cubre Creatividad. Punto débil: habilidades pedidas: le falta Google Analytics, WordPress.;Acreditar Google Analytics: la vacante lo pide y no figura en el CV.;82e41edab78b099f53a87437726ed822
366;65;248;5;25/07/2026;5;2;5;3;4;3,7;3,4;Media;Punto fuerte: encaje con el rol. Cubre Autonomía. Punto débil: habilidades pedidas: le falta Prevención de riesgos, Mecanizado CNC.;Acreditar Prevención de riesgos: la vacante lo pide y no figura en el CV.;3cb0682fe51ea684660b1b35c056b93a
367;38;192;5;25/07/2026;4;2;4;3;3;3,7;3,6;Media;Punto fuerte: encaje con el rol. No acredita a buen nivel ninguna de las habilidades pedidas. Punto débil: habilidades pedidas: le falta Odoo, Organización.;Acreditar Odoo: la vacante lo pide y no figura en el CV.;68f33e0ca8603c304a1b18b11dfd0464
368;25;85;5;25/07/2026;1;2;2;1;2;2,0;2,5;Baja;Sin puntos fuertes claros para este puesto. Cubre Atención al cliente. Punto débil: encaje con el rol.;Acreditar Vocación de servicio: la vacante lo pide y no figura en el CV.;38357ca63edb529b559f755942888aca
369;91;28;5;25/07/2026;4;2;4;3;3;3,9;3,9;Media;Punto fuerte: encaje con el rol. Cubre Inglés. Punto débil: habilidades pedidas: le falta Atención al cliente, Francés.;Acreditar Atención al cliente: la vacante lo pide y no figura en el CV.;be9bfff5f85dbd1ee4d9197b95ba39c9
370;87;185;5;25/07/2026;5;1;5;4;3;3,8;3,5;Media;Punto fuerte: encaje con el rol. No acredita a buen nivel ninguna de las habilidades pedidas. Punto débil: habilidades pedidas: le falta Atención al cliente, Microsoft Office.;Acreditar Atención al cliente: la vacante lo pide y no figura en el CV.;89728c973c760f1cb456fcbc23c4b8e8
371;31;193;5;25/07/2026;5;1;4;3;1;3,4;3,4;Media;Punto fuerte: encaje con el rol. Cubre Atención al cliente. Punto débil: habilidades pedidas: le falta Microsoft Office, Odoo.;Acreditar Microsoft Office: la vacante lo pide y no figura en el CV.;f5bdd3f0eb3dad01d633b74b369c9125
372;91;168;5;25/07/2026;3;1;2;3;2;2,9;2,5;Baja;Punto fuerte: encaje con el rol. No acredita a buen nivel ninguna de las habilidades pedidas. Punto débil: habilidades pedidas: le falta Prevención de riesgos, Mecanizado CNC.;Acreditar Prevención de riesgos: la vacante lo pide y no figura en el CV.;be9bfff5f85dbd1ee4d9197b95ba39c9
373;84;177;5;25/07/2026;2;1;3;3;1;2,2;2,0;Baja;Punto fuerte: experiencia. No acredita a buen nivel ninguna de las habilidades pedidas. Punto débil: habilidades pedidas: le falta Atención al cliente, Odoo.;Acreditar Atención al cliente: la vacante lo pide y no figura en el CV.;0831ec1ffe1f6dbf748301b6844105b2
374;28;168;5;25/07/2026;1;2;3;3;2;3,1;3,3;Media;Punto fuerte: experiencia. Cubre Mecanizado CNC, Trabajo en equipo. Punto débil: encaje con el rol.;Acreditar Prevención de riesgos: la vacante lo pide y no figura en el CV.;3d4aa4595655d0cacd2dda308651f1ce
375;27;140;5;25/07/2026;2;3;2;1;3;3,2;3,3;Media;Punto fuerte: habilidades pedidas (Atención al cliente, Euskera). Cubre Atención al cliente, Euskera. Punto débil: retribución.;Acreditar Vocación de servicio: la vacante lo pide y no figura en el CV.;a0489a87a3728bb0e3d150e106c9569a
376;13;178;5;25/07/2026;5;2;1;3;3;3,8;3,7;Media;Punto fuerte: encaje con el rol. Cubre Negociación, Atención al cliente. Punto débil: experiencia.;Acreditar Salesforce: la vacante lo pide y no figura en el CV.;378db114d70b4e32b39eb03832f54cb8
377;46;217;5;25/07/2026;1;1;5;1;3;2,7;2,4;Baja;Punto fuerte: experiencia. No acredita a buen nivel ninguna de las habilidades pedidas. Punto débil: encaje con el rol.;Acreditar Atención al cliente: la vacante lo pide y no figura en el CV.;bd22d806c7aa9abe89853a933bae69c6
378;75;243;3;25/07/2026;4;3;3;5;3;3,7;3,7;Media;Revisión manual. Punto fuerte: retribución.;Acreditar Excel avanzado: la vacante lo pide y no figura en el CV.;d30d03d751c3dd67c9e53c2c3fd99212
379;21;156;3;25/07/2026;4;2;1;2;4;3,2;3,2;Media;Revisión manual. Punto fuerte: encaje con el rol.;Acreditar Negociación: la vacante lo pide y no figura en el CV.;e474a22c958190bad25d49ed5c04aaf3
380;71;219;4;25/07/2026;1;1;1;5;1;2,4;2,4;Baja;Revisión manual. Punto fuerte: retribución.;Acreditar AutoCAD: la vacante lo pide y no figura en el CV.;6384f499504c9afb3e5b3fa9933e517e
381;69;44;3;25/07/2026;5;3;2;2;3;3,9;3,9;Media;Revisión manual. Punto fuerte: encaje con el rol.;Acreditar WordPress: la vacante lo pide y no figura en el CV.;7acbc14f03275bc7b352029c8f0b9bc1
382;87;248;4;25/07/2026;5;1;5;3;3;3,5;3,5;Media;Revisión manual. Punto fuerte: encaje con el rol.;Acreditar Prevención de riesgos: la vacante lo pide y no figura en el CV.;89728c973c760f1cb456fcbc23c4b8e8
383;29;83;5;26/07/2026;3;2;4;3;3;3,2;2,9;Media;Punto fuerte: experiencia. No acredita a buen nivel ninguna de las habilidades pedidas. Punto débil: habilidades pedidas: le falta Pensamiento crítico, Atención al detalle.;Acreditar Pensamiento crítico: la vacante lo pide y no figura en el CV.;b613a75bd33c952658043c1eb97e8249
384;2;178;5;26/07/2026;2;2;3;3;2;2,8;2,6;Baja;Punto fuerte: experiencia. No acredita a buen nivel ninguna de las habilidades pedidas. Punto débil: encaje con el rol.;Acreditar Negociación: la vacante lo pide y no figura en el CV.;ff6a94069d1ee9118029d75b03c2d938
385;4;46;5;26/07/2026;2;2;4;4;3;3,4;3,5;Media;Punto fuerte: experiencia. Cubre Creatividad. Punto débil: encaje con el rol.;Acreditar Comunicación: la vacante lo pide y no figura en el CV.;c87557ecf671fcc862d8f4c7c86bcd1e
386;70;124;5;26/07/2026;5;2;2;3;3;3,6;3,3;Media;Punto fuerte: encaje con el rol. Cubre Excel avanzado. Punto débil: habilidades pedidas: le falta SAP, Atención al detalle.;Acreditar SAP: la vacante lo pide y no figura en el CV.;f5afac3bc9ed839fa51c0f7d16a6b1f0
387;50;182;5;26/07/2026;5;2;1;5;2;3,6;3,7;Media;Punto fuerte: encaje con el rol. Cubre Análisis estadístico, Inglés, Atención al detalle. Punto débil: experiencia.;Acreditar Pensamiento crítico: la vacante lo pide y no figura en el CV.;bf9ce192c37211714da1407c648bd2d0
388;57;219;5;26/07/2026;5;3;2;5;3;4,3;3,9;Alta;Punto fuerte: encaje con el rol. Cubre Resolución de problemas, Gestión de proyectos. Punto débil: experiencia.;Acreditar AutoCAD: la vacante lo pide y no figura en el CV.;32e0331dbc878ffbd95b2b90ac4d72f2
389;5;240;5;26/07/2026;1;2;4;2;2;2,5;2,6;Baja;Punto fuerte: experiencia. Cubre Orientación a resultados. Punto débil: encaje con el rol.;Acreditar Atención al cliente: la vacante lo pide y no figura en el CV.;f894e1db4345616d702c24ded0c3174b
390;23;168;5;26/07/2026;5;3;5;3;4;4,7;4,2;Alta;Punto fuerte: encaje con el rol. Cubre Prevención de riesgos, Mecanizado CNC. Punto débil: habilidades pedidas: le falta Trabajo en equipo, Trabajo bajo presión.;Acreditar Trabajo en equipo: la vacante lo pide y no figura en el CV.;c69114ac25b163c11e24ee2b45095c2e
391;18;41;5;26/07/2026;3;2;2;5;2;3,2;3,0;Media;Punto fuerte: retribución. Cubre Euskera. Punto débil: habilidades pedidas: le falta Gestión de proyectos, Prevención de riesgos.;Acreditar Gestión de proyectos: la vacante lo pide y no figura en el CV.;f75337c1535cca7acdd8d464a5086ad5
392;50;232;5;26/07/2026;1;2;1;5;2;2,5;2,9;Baja;Punto fuerte: retribución. No acredita a buen nivel ninguna de las habilidades pedidas. Punto débil: encaje con el rol.;Acreditar Negociación: la vacante lo pide y no figura en el CV.;bf9ce192c37211714da1407c648bd2d0
393;9;134;5;26/07/2026;2;1;2;3;2;2,6;2,8;Baja;Punto fuerte: retribución. No acredita a buen nivel ninguna de las habilidades pedidas. Punto débil: habilidades pedidas: le falta Creatividad, Google Analytics.;Acreditar Creatividad: la vacante lo pide y no figura en el CV.;2a84e3ebb2f9f0e3841cbb047491fc45
394;60;242;5;26/07/2026;2;3;2;3;2;2,8;2,8;Baja;Punto fuerte: habilidades pedidas (Inglés, Comunicación). Cubre Inglés, Comunicación, Negociación. Punto débil: encaje con el rol.;Acreditar Pensamiento crítico: la vacante lo pide y no figura en el CV.;7fb8cfa04fabdd00e9a549148bd60e44
395;8;54;5;26/07/2026;2;1;1;1;1;1,7;1,5;Baja;Sin puntos fuertes claros para este puesto. No acredita a buen nivel ninguna de las habilidades pedidas. Punto débil: habilidades pedidas: le falta Google Analytics, HubSpot.;Acreditar Google Analytics: la vacante lo pide y no figura en el CV.;9091e8fb9fb54d7ae3978b0e9dfdfd4e
396;67;229;5;26/07/2026;5;3;5;1;4;4,4;4,3;Alta;Punto fuerte: encaje con el rol. Cubre Power BI, Pensamiento crítico. Punto débil: retribución.;Acreditar Excel avanzado: la vacante lo pide y no figura en el CV.;91cd2ac01281f8d5fa469f6015e9a4ab
397;21;97;5;26/07/2026;1;1;1;3;1;1,6;2,0;Baja;Punto fuerte: retribución. No acredita a buen nivel ninguna de las habilidades pedidas. Punto débil: encaje con el rol.;Acreditar SAP: la vacante lo pide y no figura en el CV.;e474a22c958190bad25d49ed5c04aaf3
398;83;50;5;26/07/2026;5;2;4;3;3;3,9;3,7;Media;Punto fuerte: encaje con el rol. Cubre SAP, Resolución de problemas. Punto débil: habilidades pedidas: le falta AutoCAD, Excel avanzado.;Acreditar AutoCAD: la vacante lo pide y no figura en el CV.;0da3bf552eaaf1b9ddbdb332ac2cb1a9
399;69;77;5;26/07/2026;5;3;3;2;3;4,1;4,1;Alta;Punto fuerte: encaje con el rol. Cubre Google Analytics, Creatividad. Punto débil: retribución.;Acreditar HubSpot: la vacante lo pide y no figura en el CV.;7acbc14f03275bc7b352029c8f0b9bc1
400;10;15;5;26/07/2026;1;2;5;1;3;3,0;3,0;Media;Punto fuerte: experiencia. No acredita a buen nivel ninguna de las habilidades pedidas. Punto débil: encaje con el rol.;Acreditar Microsoft Office: la vacante lo pide y no figura en el CV.;5dc3326fef2f12734c32694a65dda3fb
401;34;91;5;26/07/2026;5;1;4;3;3;3,2;3,6;Media;Punto fuerte: encaje con el rol. No acredita a buen nivel ninguna de las habilidades pedidas. Punto débil: habilidades pedidas: le falta Atención al cliente, Orientación a resultados.;Acreditar Atención al cliente: la vacante lo pide y no figura en el CV.;19a6f235332b07f91f5633b04c2e4e92
402;36;124;5;26/07/2026;5;1;4;3;2;3,7;3,6;Media;Punto fuerte: encaje con el rol. Cubre SAP. Punto débil: habilidades pedidas: le falta Excel avanzado, Pensamiento crítico.;Acreditar Excel avanzado: la vacante lo pide y no figura en el CV.;a9c8adea270d72c098cdcfc98cec0a24
403;85;198;5;26/07/2026;5;1;5;4;3;4,1;3,9;Alta;Punto fuerte: encaje con el rol. No acredita a buen nivel ninguna de las habilidades pedidas. Punto débil: habilidades pedidas: le falta Ciberseguridad, Docker.;Acreditar Ciberseguridad: la vacante lo pide y no figura en el CV.;5c4e1357a35f409ae56311fce6ced4de
404;22;63;5;26/07/2026;2;1;4;1;3;2,8;3,0;Baja;Punto fuerte: experiencia. No acredita a buen nivel ninguna de las habilidades pedidas. Punto débil: habilidades pedidas: le falta Atención al cliente, Odoo.;Acreditar Atención al cliente: la vacante lo pide y no figura en el CV.;b014218a24551d0c092d944009a50535
405;77;36;5;26/07/2026;5;1;1;4;2;2,8;2,9;Baja;Punto fuerte: encaje con el rol. No acredita a buen nivel ninguna de las habilidades pedidas. Punto débil: habilidades pedidas: le falta Organización, SAP.;Acreditar Organización: la vacante lo pide y no figura en el CV.;6b2ecdff913c1a67b7a1efcffbace6d8
406;34;50;5;26/07/2026;2;1;2;5;1;2,4;2,7;Baja;Punto fuerte: retribución. No acredita a buen nivel ninguna de las habilidades pedidas. Punto débil: habilidades pedidas: le falta SAP, AutoCAD.;Acreditar SAP: la vacante lo pide y no figura en el CV.;19a6f235332b07f91f5633b04c2e4e92
407;70;148;5;26/07/2026;2;1;2;3;2;2,8;2,8;Baja;Punto fuerte: retribución. No acredita a buen nivel ninguna de las habilidades pedidas. Punto débil: habilidades pedidas: le falta Logística, Trabajo en equipo.;Acreditar Logística: la vacante lo pide y no figura en el CV.;f5afac3bc9ed839fa51c0f7d16a6b1f0
408;10;53;5;26/07/2026;1;1;5;2;2;2,3;1,9;Baja;Punto fuerte: experiencia. No acredita a buen nivel ninguna de las habilidades pedidas. Punto débil: encaje con el rol.;Acreditar Atención al cliente: la vacante lo pide y no figura en el CV.;5dc3326fef2f12734c32694a65dda3fb
409;91;47;5;26/07/2026;2;2;2;3;2;3,0;2,9;Media;Punto fuerte: retribución. No acredita a buen nivel ninguna de las habilidades pedidas. Punto débil: encaje con el rol.;Acreditar Figma: la vacante lo pide y no figura en el CV.;be9bfff5f85dbd1ee4d9197b95ba39c9
410;20;222;5;26/07/2026;1;1;5;3;3;2,9;3,1;Baja;Punto fuerte: experiencia. No acredita a buen nivel ninguna de las habilidades pedidas. Punto débil: encaje con el rol.;Acreditar Prevención de riesgos: la vacante lo pide y no figura en el CV.;d63095188ac78085013df7e2e119a597
411;37;45;5;26/07/2026;5;2;3;4;2;3,7;3,4;Media;Punto fuerte: encaje con el rol. Cubre Atención al detalle, Diseño gráfico. Punto débil: habilidades pedidas: le falta AutoCAD, Euskera.;Acreditar AutoCAD: la vacante lo pide y no figura en el CV.;31b3d37b09ab14302024065358c62f20
412;91;173;5;26/07/2026;4;3;3;3;4;4,4;4,2;Alta;Punto fuerte: encaje con el rol. Cubre Negociación. Punto débil: habilidades pedidas: le falta Salesforce, Orientación a resultados.;Acreditar Salesforce: la vacante lo pide y no figura en el CV.;be9bfff5f85dbd1ee4d9197b95ba39c9
413;77;11;5;26/07/2026;5;1;2;4;3;3,5;3,6;Media;Punto fuerte: encaje con el rol. Cubre Contabilidad. Punto débil: habilidades pedidas: le falta Organización, Excel avanzado.;Acreditar Organización: la vacante lo pide y no figura en el CV.;6b2ecdff913c1a67b7a1efcffbace6d8
414;76;200;5;26/07/2026;4;2;1;3;2;3,0;2,8;Media;Punto fuerte: encaje con el rol. Cubre Organización. Punto débil: experiencia.;Acreditar Microsoft Office: la vacante lo pide y no figura en el CV.;4cfd825587a78dd0bc54d9398a050a4f
415;31;137;5;26/07/2026;5;2;3;3;3;3,9;3,6;Media;Punto fuerte: encaje con el rol. Cubre Mecanizado CNC. Punto débil: habilidades pedidas: le falta Autonomía, Resolución de problemas.;Acreditar Autonomía: la vacante lo pide y no figura en el CV.;f5bdd3f0eb3dad01d633b74b369c9125
416;62;192;5;26/07/2026;5;2;4;3;4;4,3;3,8;Alta;Punto fuerte: encaje con el rol. Cubre Atención al cliente. Punto débil: habilidades pedidas: le falta Odoo, Organización.;Acreditar Odoo: la vacante lo pide y no figura en el CV.;cb24798309bdfcaab479bb037eec32ab
417;7;48;5;26/07/2026;5;1;5;4;3;3,6;3,4;Media;Punto fuerte: encaje con el rol. No acredita a buen nivel ninguna de las habilidades pedidas. Punto débil: habilidades pedidas: le falta Microsoft Office, Odoo.;Acreditar Microsoft Office: la vacante lo pide y no figura en el CV.;383eaa5c29506016b589f75b32306891
418;76;198;5;26/07/2026;1;1;3;3;2;1,8;1,8;Baja;Punto fuerte: experiencia. No acredita a buen nivel ninguna de las habilidades pedidas. Punto débil: encaje con el rol.;Acreditar Ciberseguridad: la vacante lo pide y no figura en el CV.;4cfd825587a78dd0bc54d9398a050a4f
419;93;6;5;26/07/2026;1;1;4;5;2;2,6;2,6;Baja;Punto fuerte: retribución. No acredita a buen nivel ninguna de las habilidades pedidas. Punto débil: encaje con el rol.;Acreditar Empatía: la vacante lo pide y no figura en el CV.;7471a6f385b02e1a4dfb6809e06f286e
420;18;250;5;26/07/2026;4;5;3;2;4;4,6;4,7;Alta;Punto fuerte: habilidades pedidas (Inglés, Atención al cliente). Cubre Inglés, Atención al cliente, Euskera. Punto débil: retribución.;La retribución queda por debajo de su mínimo: solo compensa si prioriza la experiencia.;f75337c1535cca7acdd8d464a5086ad5
421;41;210;5;26/07/2026;5;3;5;3;4;4,5;4,7;Alta;Punto fuerte: encaje con el rol. Cubre Atención al detalle, AutoCAD. Punto débil: habilidades pedidas: le falta Diseño gráfico.;Acreditar Diseño gráfico: la vacante lo pide y no figura en el CV.;cf600c52e19afdd30ba63b45cec43695
422;72;54;5;26/07/2026;3;1;5;3;3;3,1;3,1;Media;Punto fuerte: experiencia. No acredita a buen nivel ninguna de las habilidades pedidas. Punto débil: habilidades pedidas: le falta Google Analytics, HubSpot.;Acreditar Google Analytics: la vacante lo pide y no figura en el CV.;00c6ea09b3c021f3b117297451d698eb
423;17;134;5;26/07/2026;3;1;4;3;2;2,8;2,7;Baja;Punto fuerte: experiencia. No acredita a buen nivel ninguna de las habilidades pedidas. Punto débil: habilidades pedidas: le falta Creatividad, Google Analytics.;Acreditar Creatividad: la vacante lo pide y no figura en el CV.;f3e4a5aecc6a5f944e9ac15302f98862
424;13;134;5;27/07/2026;5;2;1;3;2;3,6;3,7;Media;Punto fuerte: encaje con el rol. Cubre Creatividad, Google Analytics. Punto débil: experiencia.;Acreditar HubSpot: la vacante lo pide y no figura en el CV.;378db114d70b4e32b39eb03832f54cb8
425;16;15;5;27/07/2026;2;2;2;1;2;2,7;2,8;Baja;Sin puntos fuertes claros para este puesto. No acredita a buen nivel ninguna de las habilidades pedidas. Punto débil: retribución.;Acreditar Microsoft Office: la vacante lo pide y no figura en el CV.;9530d96f3cc7bbb0bbb2b41a3b822435
426;75;134;5;27/07/2026;3;1;5;4;3;3,8;4,0;Media;Punto fuerte: experiencia. Cubre Creatividad. Punto débil: habilidades pedidas: le falta Google Analytics, HubSpot.;Acreditar Google Analytics: la vacante lo pide y no figura en el CV.;d30d03d751c3dd67c9e53c2c3fd99212
427;38;185;5;27/07/2026;5;1;4;1;3;3,4;3,4;Media;Punto fuerte: encaje con el rol. No acredita a buen nivel ninguna de las habilidades pedidas. Punto débil: habilidades pedidas: le falta Atención al cliente, Microsoft Office.;Acreditar Atención al cliente: la vacante lo pide y no figura en el CV.;68f33e0ca8603c304a1b18b11dfd0464
428;35;48;5;27/07/2026;4;2;3;1;3;3,0;2,8;Media;Punto fuerte: encaje con el rol. Cubre Atención al cliente. Punto débil: retribución.;Acreditar Microsoft Office: la vacante lo pide y no figura en el CV.;2ec93fe739d638737d2fb11b7af497bb
429;47;12;5;27/07/2026;2;2;2;3;2;2,8;2,9;Baja;Punto fuerte: retribución. Cubre Inglés. Punto débil: encaje con el rol.;Acreditar Análisis estadístico: la vacante lo pide y no figura en el CV.;632cb7af436fcdef206636840f9bd3e9
430;87;30;5;27/07/2026;5;1;5;1;2;3,3;2,7;Media;Punto fuerte: encaje con el rol. No acredita a buen nivel ninguna de las habilidades pedidas. Punto débil: habilidades pedidas: le falta Atención al cliente, Microsoft Office.;Acreditar Atención al cliente: la vacante lo pide y no figura en el CV.;89728c973c760f1cb456fcbc23c4b8e8
431;92;196;5;27/07/2026;4;2;4;3;2;4,0;3,9;Alta;Punto fuerte: encaje con el rol. Cubre Excel avanzado. Punto débil: habilidades pedidas: le falta Gestión de proyectos, Resolución de problemas.;Acreditar Gestión de proyectos: la vacante lo pide y no figura en el CV.;507bc7580a51d87e07b5c014e3951fd6
432;64;59;5;27/07/2026;2;1;2;5;1;2,5;2,9;Baja;Punto fuerte: retribución. No acredita a buen nivel ninguna de las habilidades pedidas. Punto débil: habilidades pedidas: le falta Excel avanzado, Power BI.;Acreditar Excel avanzado: la vacante lo pide y no figura en el CV.;8fcae24fb6920086713d68c73ed9e705
433;71;200;5;27/07/2026;5;1;1;3;2;3,2;3,3;Media;Punto fuerte: encaje con el rol. No acredita a buen nivel ninguna de las habilidades pedidas. Punto débil: habilidades pedidas: le falta Organización, Microsoft Office.;Acreditar Organización: la vacante lo pide y no figura en el CV.;6384f499504c9afb3e5b3fa9933e517e
434;25;67;5;27/07/2026;3;3;3;1;3;2,7;2,9;Baja;Punto fuerte: encaje con el rol. Cubre Resolución de problemas. Punto débil: retribución.;Acreditar Prevención de riesgos: la vacante lo pide y no figura en el CV.;38357ca63edb529b559f755942888aca
435;88;63;5;27/07/2026;5;1;5;3;2;3,7;3,9;Media;Punto fuerte: encaje con el rol. Cubre Euskera. Punto débil: habilidades pedidas: le falta Atención al cliente, Odoo.;Acreditar Atención al cliente: la vacante lo pide y no figura en el CV.;003d3d1722fa228dec7454b99b38765f
436;55;250;5;27/07/2026;5;2;4;2;4;4,0;3,8;Alta;Punto fuerte: encaje con el rol. Cubre Euskera. Punto débil: habilidades pedidas: le falta Inglés, Atención al cliente.;Acreditar Inglés: la vacante lo pide y no figura en el CV.;bdc486f200cf51150a14741a79615248
437;85;50;5;27/07/2026;3;2;5;4;3;3,4;2,9;Media;Punto fuerte: experiencia. No acredita a buen nivel ninguna de las habilidades pedidas. Punto débil: habilidades pedidas: le falta SAP, AutoCAD.;Acreditar SAP: la vacante lo pide y no figura en el CV.;5c4e1357a35f409ae56311fce6ced4de
438;37;57;5;27/07/2026;2;2;2;3;1;2,6;2,5;Baja;Punto fuerte: retribución. Cubre Negociación. Punto débil: probabilidad de entrevista.;Acreditar Orientación a resultados: la vacante lo pide y no figura en el CV.;31b3d37b09ab14302024065358c62f20
439;48;91;5;27/07/2026;5;1;4;3;3;3,7;3,6;Media;Punto fuerte: encaje con el rol. No acredita a buen nivel ninguna de las habilidades pedidas. Punto débil: habilidades pedidas: le falta Atención al cliente, Orientación a resultados.;Acreditar Atención al cliente: la vacante lo pide y no figura en el CV.;6be6b4c03c998ee742d555c2c8441002
440;82;54;5;27/07/2026;2;1;2;5;2;2,5;2,1;Baja;Punto fuerte: retribución. No acredita a buen nivel ninguna de las habilidades pedidas. Punto débil: habilidades pedidas: le falta Google Analytics, HubSpot.;Acreditar Google Analytics: la vacante lo pide y no figura en el CV.;3ec0b79b25325c03b9a45736b8998523
441;68;130;5;27/07/2026;5;1;1;4;2;2,9;2,6;Baja;Punto fuerte: encaje con el rol. No acredita a buen nivel ninguna de las habilidades pedidas. Punto débil: habilidades pedidas: le falta Redes, Docker.;Acreditar Redes: la vacante lo pide y no figura en el CV.;e74475b24a3a5e1c4424f7c7a57ca71c
442;51;93;5;27/07/2026;2;2;3;3;3;2,9;3,1;Baja;Punto fuerte: experiencia. Cubre Euskera. Punto débil: encaje con el rol.;Acreditar Atención al cliente: la vacante lo pide y no figura en el CV.;09d8964fac3b34e828c77f23f93ac102
443;22;220;5;27/07/2026;2;2;5;1;3;2,9;3,2;Baja;Punto fuerte: experiencia. Cubre Empatía. Punto débil: retribución.;Acreditar Trabajo bajo presión: la vacante lo pide y no figura en el CV.;b014218a24551d0c092d944009a50535
444;88;40;5;27/07/2026;2;2;5;3;2;3,1;3,4;Media;Punto fuerte: experiencia. No acredita a buen nivel ninguna de las habilidades pedidas. Punto débil: encaje con el rol.;Acreditar Inglés: la vacante lo pide y no figura en el CV.;003d3d1722fa228dec7454b99b38765f
445;14;190;5;27/07/2026;2;1;2;3;2;2,3;2,4;Baja;Punto fuerte: retribución. No acredita a buen nivel ninguna de las habilidades pedidas. Punto débil: habilidades pedidas: le falta Odoo, Atención al cliente.;Acreditar Odoo: la vacante lo pide y no figura en el CV.;885480c884ed8190dc3fb64ffb791b29
446;68;190;5;27/07/2026;5;2;2;3;3;3,9;3,7;Media;Punto fuerte: encaje con el rol. Cubre Odoo. Punto débil: habilidades pedidas: le falta Atención al cliente, Organización.;Acreditar Atención al cliente: la vacante lo pide y no figura en el CV.;e74475b24a3a5e1c4424f7c7a57ca71c
447;77;193;5;27/07/2026;5;1;2;4;1;3,0;3,0;Media;Punto fuerte: encaje con el rol. No acredita a buen nivel ninguna de las habilidades pedidas. Punto débil: habilidades pedidas: le falta Atención al cliente, Microsoft Office.;Acreditar Atención al cliente: la vacante lo pide y no figura en el CV.;6b2ecdff913c1a67b7a1efcffbace6d8
448;76;47;5;27/07/2026;1;2;1;2;1;1,8;1,7;Baja;Sin puntos fuertes claros para este puesto. No acredita a buen nivel ninguna de las habilidades pedidas. Punto débil: encaje con el rol.;Acreditar Figma: la vacante lo pide y no figura en el CV.;4cfd825587a78dd0bc54d9398a050a4f
449;90;190;5;27/07/2026;5;2;5;3;2;4,2;4,3;Alta;Punto fuerte: encaje con el rol. Cubre Atención al cliente. Punto débil: habilidades pedidas: le falta Odoo, Organización.;Acreditar Odoo: la vacante lo pide y no figura en el CV.;76f8de286439e9508b10f9e90bf2fedc
450;17;148;5;27/07/2026;3;1;4;5;3;3,7;3,3;Media;Punto fuerte: retribución. No acredita a buen nivel ninguna de las habilidades pedidas. Punto débil: habilidades pedidas: le falta Logística, Trabajo en equipo.;Acreditar Logística: la vacante lo pide y no figura en el CV.;f3e4a5aecc6a5f944e9ac15302f98862
451;62;227;5;27/07/2026;3;1;3;3;2;2,7;2,9;Baja;Punto fuerte: encaje con el rol. No acredita a buen nivel ninguna de las habilidades pedidas. Punto débil: habilidades pedidas: le falta SQL, Python.;Acreditar SQL: la vacante lo pide y no figura en el CV.;cb24798309bdfcaab479bb037eec32ab
452;89;96;5;27/07/2026;5;2;3;2;3;3,4;3,0;Media;Punto fuerte: encaje con el rol. Cubre Euskera. Punto débil: habilidades pedidas: le falta SQL, Python.;Acreditar SQL: la vacante lo pide y no figura en el CV.;e55d60a89641a3f36c331a954f73d14f
453;50;106;5;27/07/2026;2;2;3;2;2;2,9;3,2;Baja;Punto fuerte: experiencia. No acredita a buen nivel ninguna de las habilidades pedidas. Punto débil: encaje con el rol.;Acreditar Soldadura: la vacante lo pide y no figura en el CV.;bf9ce192c37211714da1407c648bd2d0
454;67;153;5;27/07/2026;2;2;3;4;2;3,5;3,6;Media;Punto fuerte: retribución. No acredita a buen nivel ninguna de las habilidades pedidas. Punto débil: encaje con el rol.;Acreditar WordPress: la vacante lo pide y no figura en el CV.;91cd2ac01281f8d5fa469f6015e9a4ab
455;84;187;5;27/07/2026;2;2;2;3;1;2,4;2,5;Baja;Punto fuerte: retribución. Cubre Negociación, Euskera. Punto débil: probabilidad de entrevista.;Acreditar Salesforce: la vacante lo pide y no figura en el CV.;0831ec1ffe1f6dbf748301b6844105b2
456;78;182;5;27/07/2026;3;2;3;4;3;3,4;3,4;Media;Punto fuerte: retribución. Cubre Inglés. Punto débil: habilidades pedidas: le falta Análisis estadístico, Pensamiento crítico.;Acreditar Análisis estadístico: la vacante lo pide y no figura en el CV.;215b534770cb82e308cf143763fa6b20
457;80;156;5;27/07/2026;2;1;1;3;1;2,4;2,1;Baja;Punto fuerte: retribución. No acredita a buen nivel ninguna de las habilidades pedidas. Punto débil: habilidades pedidas: le falta Atención al cliente, Salesforce.;Acreditar Atención al cliente: la vacante lo pide y no figura en el CV.;0ab41c1e90b3e44375989152324bc3dc
458;51;14;5;27/07/2026;2;1;3;3;3;3,3;3,0;Media;Punto fuerte: experiencia. No acredita a buen nivel ninguna de las habilidades pedidas. Punto débil: habilidades pedidas: le falta Inglés, Pensamiento crítico.;Acreditar Inglés: la vacante lo pide y no figura en el CV.;09d8964fac3b34e828c77f23f93ac102
459;88;95;5;27/07/2026;5;3;3;3;4;4,5;4,2;Alta;Punto fuerte: encaje con el rol. Cubre Orientación a resultados, Negociación. Punto débil: habilidades pedidas: le falta Atención al cliente.;Acreditar Atención al cliente: la vacante lo pide y no figura en el CV.;003d3d1722fa228dec7454b99b38765f
460;96;93;5;27/07/2026;2;2;4;3;2;3,1;3,2;Media;Punto fuerte: experiencia. No acredita a buen nivel ninguna de las habilidades pedidas. Punto débil: encaje con el rol.;Acreditar Atención al cliente: la vacante lo pide y no figura en el CV.;4186f381102a944447440cf53f150937
461;29;146;5;27/07/2026;5;2;5;3;3;4,2;4,4;Alta;Punto fuerte: encaje con el rol. Cubre Git. Punto débil: habilidades pedidas: le falta JavaScript, SQL.;Acreditar JavaScript: la vacante lo pide y no figura en el CV.;b613a75bd33c952658043c1eb97e8249
462;50;41;5;27/07/2026;2;1;1;5;1;2,5;2,6;Baja;Punto fuerte: retribución. No acredita a buen nivel ninguna de las habilidades pedidas. Punto débil: habilidades pedidas: le falta Gestión de proyectos, Prevención de riesgos.;Acreditar Gestión de proyectos: la vacante lo pide y no figura en el CV.;bf9ce192c37211714da1407c648bd2d0
463;68;80;5;27/07/2026;2;1;3;1;2;2,5;2,4;Baja;Punto fuerte: experiencia. No acredita a buen nivel ninguna de las habilidades pedidas. Punto débil: habilidades pedidas: le falta Mecanizado CNC, Trabajo bajo presión.;Acreditar Mecanizado CNC: la vacante lo pide y no figura en el CV.;e74475b24a3a5e1c4424f7c7a57ca71c
464;6;200;5;27/07/2026;2;2;3;5;3;3,3;3,6;Media;Punto fuerte: retribución. Cubre Organización. Punto débil: encaje con el rol.;Acreditar Microsoft Office: la vacante lo pide y no figura en el CV.;20957a05960764518bb49811dc16a350
465;33;182;5;27/07/2026;5;3;3;5;3;4,0;3,7;Alta;Punto fuerte: encaje con el rol. Cubre Atención al detalle. Punto débil: habilidades pedidas: le falta Inglés.;Acreditar Inglés: la vacante lo pide y no figura en el CV.;f56a53d6d06a56c7dbc5480afd08848d
466;74;183;5;27/07/2026;1;2;2;2;1;2,3;2,2;Baja;Sin puntos fuertes claros para este puesto. No acredita a buen nivel ninguna de las habilidades pedidas. Punto débil: encaje con el rol.;Acreditar Negociación: la vacante lo pide y no figura en el CV.;670d890f4ae2ab6b18accfa8c5a36fe3
467;86;200;5;27/07/2026;2;2;2;4;2;3,0;2,9;Media;Punto fuerte: retribución. Cubre Microsoft Office. Punto débil: encaje con el rol.;Acreditar Organización: la vacante lo pide y no figura en el CV.;82e41edab78b099f53a87437726ed822
468;31;137;4;27/07/2026;5;3;4;2;3;3,8;3,8;Media;Revisión manual. Punto fuerte: encaje con el rol.;Acreditar Autonomía: la vacante lo pide y no figura en el CV.;f5bdd3f0eb3dad01d633b74b369c9125
469;92;200;5;28/07/2026;3;1;3;3;3;2,9;3,3;Baja;Punto fuerte: encaje con el rol. No acredita a buen nivel ninguna de las habilidades pedidas. Punto débil: habilidades pedidas: le falta Organización, Microsoft Office.;Acreditar Organización: la vacante lo pide y no figura en el CV.;507bc7580a51d87e07b5c014e3951fd6
470;30;136;5;28/07/2026;1;2;2;3;1;2,0;2,3;Baja;Punto fuerte: retribución. Cubre Empatía. Punto débil: encaje con el rol.;Acreditar Figma: la vacante lo pide y no figura en el CV.;fdb15b3bc12281881d7d7b584622407a
471;68;177;5;28/07/2026;5;3;3;3;3;3,7;3,5;Media;Punto fuerte: encaje con el rol. Cubre Odoo, Microsoft Office. Punto débil: habilidades pedidas: le falta Atención al cliente, Organización.;Acreditar Atención al cliente: la vacante lo pide y no figura en el CV.;e74475b24a3a5e1c4424f7c7a57ca71c
472;69;93;5;28/07/2026;2;2;3;1;2;2,6;2,8;Baja;Punto fuerte: experiencia. Cubre Inglés, Euskera. Punto débil: retribución.;Acreditar Atención al cliente: la vacante lo pide y no figura en el CV.;7acbc14f03275bc7b352029c8f0b9bc1
473;72;142;5;28/07/2026;5;1;4;4;3;3,8;3,4;Media;Punto fuerte: encaje con el rol. No acredita a buen nivel ninguna de las habilidades pedidas. Punto débil: habilidades pedidas: le falta Excel avanzado, Pensamiento crítico.;Acreditar Excel avanzado: la vacante lo pide y no figura en el CV.;00c6ea09b3c021f3b117297451d698eb
474;40;146;5;28/07/2026;2;1;3;1;1;2,2;2,5;Baja;Punto fuerte: experiencia. No acredita a buen nivel ninguna de las habilidades pedidas. Punto débil: habilidades pedidas: le falta JavaScript, Git.;Acreditar JavaScript: la vacante lo pide y no figura en el CV.;9787e8ce8f1ff73732a864352c285885
475;96;41;5;28/07/2026;5;3;2;5;5;4,7;4,4;Alta;Punto fuerte: encaje con el rol. Cubre Gestión de proyectos, AutoCAD. Punto débil: experiencia.;Acreditar Prevención de riesgos: la vacante lo pide y no figura en el CV.;4186f381102a944447440cf53f150937
476;38;32;5;28/07/2026;2;2;4;1;1;2,8;3,2;Baja;Punto fuerte: experiencia. No acredita a buen nivel ninguna de las habilidades pedidas. Punto débil: retribución.;Acreditar Trabajo bajo presión: la vacante lo pide y no figura en el CV.;68f33e0ca8603c304a1b18b11dfd0464
477;19;140;5;28/07/2026;5;2;3;1;3;3,7;3,6;Media;Punto fuerte: encaje con el rol. Cubre Euskera. Punto débil: retribución.;Acreditar Atención al cliente: la vacante lo pide y no figura en el CV.;07de0c3b759cac6c75f836ee50a4ea34
478;78;220;5;28/07/2026;1;1;5;2;2;2,2;2,5;Baja;Punto fuerte: experiencia. No acredita a buen nivel ninguna de las habilidades pedidas. Punto débil: encaje con el rol.;Acreditar Empatía: la vacante lo pide y no figura en el CV.;215b534770cb82e308cf143763fa6b20
479;86;110;5;28/07/2026;3;2;2;3;3;3,3;3,2;Media;Punto fuerte: encaje con el rol. Cubre Microsoft Office, Inglés. Punto débil: habilidades pedidas: le falta Francés, Atención al cliente.;Acreditar Francés: la vacante lo pide y no figura en el CV.;82e41edab78b099f53a87437726ed822
480;62;64;5;28/07/2026;5;2;4;3;4;4,8;4,4;Alta;Punto fuerte: encaje con el rol. Cubre Atención al cliente, Euskera. Punto débil: habilidades pedidas: le falta Organización, Odoo.;Acreditar Organización: la vacante lo pide y no figura en el CV.;cb24798309bdfcaab479bb037eec32ab
481;85;85;5;28/07/2026;2;1;5;1;3;2,9;3,0;Baja;Punto fuerte: experiencia. No acredita a buen nivel ninguna de las habilidades pedidas. Punto débil: habilidades pedidas: le falta Atención al cliente, Vocación de servicio.;Acreditar Atención al cliente: la vacante lo pide y no figura en el CV.;5c4e1357a35f409ae56311fce6ced4de
482;21;168;5;28/07/2026;4;3;2;2;3;3,9;4,1;Media;Punto fuerte: encaje con el rol. Cubre Prevención de riesgos, Trabajo en equipo. Punto débil: experiencia.;Acreditar Mecanizado CNC: la vacante lo pide y no figura en el CV.;e474a22c958190bad25d49ed5c04aaf3
483;88;48;5;28/07/2026;5;1;4;3;3;3,2;3,1;Media;Punto fuerte: encaje con el rol. No acredita a buen nivel ninguna de las habilidades pedidas. Punto débil: habilidades pedidas: le falta Odoo, Organización.;Acreditar Odoo: la vacante lo pide y no figura en el CV.;003d3d1722fa228dec7454b99b38765f
484;67;11;5;28/07/2026;4;1;5;3;3;3,6;3,5;Media;Punto fuerte: experiencia. No acredita a buen nivel ninguna de las habilidades pedidas. Punto débil: habilidades pedidas: le falta Organización, Excel avanzado.;Acreditar Organización: la vacante lo pide y no figura en el CV.;91cd2ac01281f8d5fa469f6015e9a4ab
485;69;146;5;28/07/2026;2;1;5;1;2;3,0;2,7;Media;Punto fuerte: experiencia. No acredita a buen nivel ninguna de las habilidades pedidas. Punto débil: habilidades pedidas: le falta JavaScript, Git.;Acreditar JavaScript: la vacante lo pide y no figura en el CV.;7acbc14f03275bc7b352029c8f0b9bc1
486;81;219;5;28/07/2026;5;2;1;3;2;3,9;3,4;Media;Punto fuerte: encaje con el rol. Cubre Gestión de proyectos. Punto débil: experiencia.;Acreditar AutoCAD: la vacante lo pide y no figura en el CV.;11bbeacc030854ec0ebf30b0b36ff61f
487;29;42;5;28/07/2026;2;1;4;2;2;2,5;2,9;Baja;Punto fuerte: experiencia. No acredita a buen nivel ninguna de las habilidades pedidas. Punto débil: habilidades pedidas: le falta Organización, Trabajo bajo presión.;Acreditar Organización: la vacante lo pide y no figura en el CV.;b613a75bd33c952658043c1eb97e8249
488;84;198;5;28/07/2026;5;2;4;3;3;3,9;3,6;Media;Punto fuerte: encaje con el rol. Cubre Redes. Punto débil: habilidades pedidas: le falta Ciberseguridad, Docker.;Acreditar Ciberseguridad: la vacante lo pide y no figura en el CV.;0831ec1ffe1f6dbf748301b6844105b2
489;74;240;5;28/07/2026;2;1;1;3;1;1,7;1,9;Baja;Punto fuerte: retribución. No acredita a buen nivel ninguna de las habilidades pedidas. Punto débil: habilidades pedidas: le falta Atención al cliente, Salesforce.;Acreditar Atención al cliente: la vacante lo pide y no figura en el CV.;670d890f4ae2ab6b18accfa8c5a36fe3
490;63;227;5;28/07/2026;5;2;1;5;4;4,1;3,9;Alta;Punto fuerte: encaje con el rol. Cubre SQL. Punto débil: experiencia.;Acreditar Python: la vacante lo pide y no figura en el CV.;a76d2d2fdfe4ab06c79ecacf09618e66
491;76;9;5;28/07/2026;4;1;2;3;2;2,7;2,5;Baja;Punto fuerte: encaje con el rol. Cubre Organización. Punto débil: habilidades pedidas: le falta Atención al cliente, Odoo.;Acreditar Atención al cliente: la vacante lo pide y no figura en el CV.;4cfd825587a78dd0bc54d9398a050a4f
492;75;136;5;28/07/2026;2;1;4;4;2;3,0;3,0;Media;Punto fuerte: experiencia. No acredita a buen nivel ninguna de las habilidades pedidas. Punto débil: habilidades pedidas: le falta Figma, Photoshop.;Acreditar Figma: la vacante lo pide y no figura en el CV.;d30d03d751c3dd67c9e53c2c3fd99212
493;61;132;5;28/07/2026;5;2;3;3;3;3,6;3,1;Media;Punto fuerte: encaje con el rol. Cubre Microsoft Office, Euskera. Punto débil: habilidades pedidas: le falta Atención al cliente, Organización.;Acreditar Atención al cliente: la vacante lo pide y no figura en el CV.;d7a2a9311dd06523dd3279716cd6f7c7
494;55;185;5;28/07/2026;2;2;3;2;2;2,8;3,0;Baja;Punto fuerte: experiencia. Cubre Organización. Punto débil: encaje con el rol.;Acreditar Atención al cliente: la vacante lo pide y no figura en el CV.;bdc486f200cf51150a14741a79615248
495;75;132;5;28/07/2026;3;2;4;3;3;3,9;3,9;Media;Punto fuerte: experiencia. No acredita a buen nivel ninguna de las habilidades pedidas. Punto débil: habilidades pedidas: le falta Atención al cliente, Microsoft Office.;Acreditar Atención al cliente: la vacante lo pide y no figura en el CV.;d30d03d751c3dd67c9e53c2c3fd99212
496;16;173;5;28/07/2026;2;1;3;1;1;2,3;2,7;Baja;Punto fuerte: experiencia. No acredita a buen nivel ninguna de las habilidades pedidas. Punto débil: habilidades pedidas: le falta Negociación, Salesforce.;Acreditar Negociación: la vacante lo pide y no figura en el CV.;9530d96f3cc7bbb0bbb2b41a3b822435
497;41;232;5;28/07/2026;5;3;2;5;3;4,1;4,2;Alta;Punto fuerte: encaje con el rol. Cubre Negociación, AutoCAD. Punto débil: experiencia.;Acreditar Prevención de riesgos: la vacante lo pide y no figura en el CV.;cf600c52e19afdd30ba63b45cec43695
498;90;215;5;28/07/2026;5;2;5;1;4;3,9;4,1;Media;Punto fuerte: encaje con el rol. Cubre Atención al cliente. Punto débil: retribución.;Acreditar Organización: la vacante lo pide y no figura en el CV.;76f8de286439e9508b10f9e90bf2fedc
499;84;42;5;28/07/2026;3;2;4;3;3;3,7;3,9;Media;Punto fuerte: experiencia. Cubre Euskera. Punto débil: habilidades pedidas: le falta Organización, Trabajo bajo presión.;Acreditar Organización: la vacante lo pide y no figura en el CV.;0831ec1ffe1f6dbf748301b6844105b2
500;93;71;5;28/07/2026;2;1;3;4;2;2,5;2,6;Baja;Punto fuerte: retribución. Cubre SAP. Punto débil: habilidades pedidas: le falta Pensamiento crítico, Atención al detalle.;Acreditar Pensamiento crítico: la vacante lo pide y no figura en el CV.;7471a6f385b02e1a4dfb6809e06f286e
501;9;44;3;28/07/2026;1;1;1;3;2;1,7;1,7;Baja;Revisión manual. Punto fuerte: retribución.;Acreditar Google Analytics: la vacante lo pide y no figura en el CV.;2a84e3ebb2f9f0e3841cbb047491fc45
502;62;248;3;28/07/2026;3;1;5;2;2;2,6;2,6;Baja;Revisión manual. Punto fuerte: experiencia.;Acreditar Prevención de riesgos: la vacante lo pide y no figura en el CV.;cb24798309bdfcaab479bb037eec32ab
503;36;100;3;28/07/2026;2;2;3;1;3;2,7;2,7;Baja;Revisión manual. Punto fuerte: experiencia.;Acreditar Atención al cliente: la vacante lo pide y no figura en el CV.;a9c8adea270d72c098cdcfc98cec0a24
504;15;46;4;28/07/2026;5;3;2;3;3;4,4;4,4;Alta;Revisión manual. Punto fuerte: encaje con el rol.;Acreditar Euskera: la vacante lo pide y no figura en el CV.;045acccb8d5df88f9758c8c5ad6ab3da
505;33;14;5;29/07/2026;4;3;3;3;3;4,4;3,9;Alta;Punto fuerte: encaje con el rol. Cubre Atención al detalle. Punto débil: habilidades pedidas: le falta Inglés.;Acreditar Inglés: la vacante lo pide y no figura en el CV.;f56a53d6d06a56c7dbc5480afd08848d
506;99;227;5;29/07/2026;2;1;2;5;2;2,8;2,4;Baja;Punto fuerte: retribución. No acredita a buen nivel ninguna de las habilidades pedidas. Punto débil: habilidades pedidas: le falta SQL, Python.;Acreditar SQL: la vacante lo pide y no figura en el CV.;46dcc44cf0c4cc192a18786d8bbcbefc
507;53;47;5;29/07/2026;5;3;5;5;3;4,4;3,9;Alta;Punto fuerte: encaje con el rol. Cubre Empatía. Punto débil: habilidades pedidas: le falta Figma, Creatividad.;Acreditar Figma: la vacante lo pide y no figura en el CV.;d7dc5213f05e3731c1548793a9af61e6
508;35;235;5;29/07/2026;4;3;3;2;3;4,2;4,3;Alta;Punto fuerte: encaje con el rol. Cubre Vocación de servicio, Atención al cliente. Punto débil: retribución.;Acreditar Trabajo en equipo: la vacante lo pide y no figura en el CV.;2ec93fe739d638737d2fb11b7af497bb
509;98;132;5;29/07/2026;4;1;3;3;2;2,6;2,5;Baja;Punto fuerte: encaje con el rol. No acredita a buen nivel ninguna de las habilidades pedidas. Punto débil: habilidades pedidas: le falta Atención al cliente, Microsoft Office.;Acreditar Atención al cliente: la vacante lo pide y no figura en el CV.;c5c761f89bb823c2eba5d9fb3bd0a14d
510;92;28;5;29/07/2026;2;2;3;3;2;3,1;2,9;Media;Punto fuerte: experiencia. Cubre Inglés. Punto débil: encaje con el rol.;Acreditar Atención al cliente: la vacante lo pide y no figura en el CV.;507bc7580a51d87e07b5c014e3951fd6
511;64;229;5;29/07/2026;1;1;3;1;1;1,8;2,0;Baja;Punto fuerte: experiencia. No acredita a buen nivel ninguna de las habilidades pedidas. Punto débil: encaje con el rol.;Acreditar Excel avanzado: la vacante lo pide y no figura en el CV.;8fcae24fb6920086713d68c73ed9e705
512;99;196;5;29/07/2026;2;1;3;1;1;2,1;1,7;Baja;Punto fuerte: experiencia. No acredita a buen nivel ninguna de las habilidades pedidas. Punto débil: habilidades pedidas: le falta Gestión de proyectos, Resolución de problemas.;Acreditar Gestión de proyectos: la vacante lo pide y no figura en el CV.;46dcc44cf0c4cc192a18786d8bbcbefc
513;49;79;5;29/07/2026;2;2;5;1;2;3,1;3,2;Media;Punto fuerte: experiencia. Cubre Euskera. Punto débil: retribución.;Acreditar Contabilidad: la vacante lo pide y no figura en el CV.;0ffba22ba3e4f470126a6a7993f8732a
514;78;232;5;29/07/2026;1;2;3;5;3;2,4;2,4;Baja;Punto fuerte: retribución. Cubre Gestión de proyectos. Punto débil: encaje con el rol.;Acreditar Negociación: la vacante lo pide y no figura en el CV.;215b534770cb82e308cf143763fa6b20
515;4;3;5;29/07/2026;5;1;4;5;3;3,7;3,6;Media;Punto fuerte: encaje con el rol. No acredita a buen nivel ninguna de las habilidades pedidas. Punto débil: habilidades pedidas: le falta Ciberseguridad, Docker.;Acreditar Ciberseguridad: la vacante lo pide y no figura en el CV.;c87557ecf671fcc862d8f4c7c86bcd1e
516;56;232;5;29/07/2026;5;5;4;3;5;5,0;4,9;Alta;Punto fuerte: encaje con el rol. Cubre Negociación, Gestión de proyectos, AutoCAD. Punto débil: retribución.;Pocas mejoras posibles: preparar la entrevista.;29f6492552b6da6c91a1e236597abf82
517;97;190;5;29/07/2026;4;2;2;3;3;4,0;4,0;Alta;Punto fuerte: encaje con el rol. Cubre Odoo. Punto débil: habilidades pedidas: le falta Atención al cliente, Organización.;Acreditar Atención al cliente: la vacante lo pide y no figura en el CV.;d508c96e4333f9d60045fde2eabe6d65
518;31;132;5;29/07/2026;5;3;3;3;4;4,2;4,1;Alta;Punto fuerte: encaje con el rol. Cubre Atención al cliente, Organización. Punto débil: habilidades pedidas: le falta Microsoft Office, Euskera.;Acreditar Microsoft Office: la vacante lo pide y no figura en el CV.;f5bdd3f0eb3dad01d633b74b369c9125
519;46;124;5;29/07/2026;5;4;3;3;3;4,6;4,3;Alta;Punto fuerte: encaje con el rol. Cubre SAP, Pensamiento crítico. Punto débil: experiencia.;Subir Excel avanzado de nivel 2 a 3.;bd22d806c7aa9abe89853a933bae69c6
520;70;113;5;29/07/2026;5;1;1;5;2;3,3;3,2;Media;Punto fuerte: encaje con el rol. Cubre Python. Punto débil: habilidades pedidas: le falta Análisis estadístico, SQL.;Acreditar Análisis estadístico: la vacante lo pide y no figura en el CV.;f5afac3bc9ed839fa51c0f7d16a6b1f0
521;25;137;5;29/07/2026;3;2;3;3;4;3,6;3,6;Media;Punto fuerte: probabilidad de entrevista. Cubre Resolución de problemas. Punto débil: habilidades pedidas: le falta Mecanizado CNC, Autonomía.;Acreditar Mecanizado CNC: la vacante lo pide y no figura en el CV.;38357ca63edb529b559f755942888aca
522;62;12;5;29/07/2026;2;2;3;3;2;2,4;2,3;Baja;Punto fuerte: experiencia. Cubre Inglés. Punto débil: encaje con el rol.;Acreditar Análisis estadístico: la vacante lo pide y no figura en el CV.;cb24798309bdfcaab479bb037eec32ab
523;70;3;5;29/07/2026;3;1;1;5;1;2,4;2,6;Baja;Punto fuerte: retribución. No acredita a buen nivel ninguna de las habilidades pedidas. Punto débil: habilidades pedidas: le falta Ciberseguridad, Docker.;Acreditar Ciberseguridad: la vacante lo pide y no figura en el CV.;f5afac3bc9ed839fa51c0f7d16a6b1f0
524;93;148;5;29/07/2026;4;4;3;2;4;4,5;4,1;Alta;Punto fuerte: encaje con el rol. Cubre Trabajo en equipo, SAP. Punto débil: retribución.;Acreditar Logística: la vacante lo pide y no figura en el CV.;7471a6f385b02e1a4dfb6809e06f286e
525;11;79;5;29/07/2026;1;1;1;5;1;2,2;2,7;Baja;Punto fuerte: retribución. Cubre Euskera. Punto débil: encaje con el rol.;Acreditar Contabilidad: la vacante lo pide y no figura en el CV.;3b883509efc39b7f91f118ac94557999
526;34;219;5;29/07/2026;2;1;2;4;2;2,7;3,1;Baja;Punto fuerte: retribución. No acredita a buen nivel ninguna de las habilidades pedidas. Punto débil: habilidades pedidas: le falta AutoCAD, Resolución de problemas.;Acreditar AutoCAD: la vacante lo pide y no figura en el CV.;19a6f235332b07f91f5633b04c2e4e92
527;52;129;5;29/07/2026;2;2;3;4;2;3,4;3,4;Media;Punto fuerte: retribución. Cubre Orientación a resultados. Punto débil: encaje con el rol.;Acreditar Salesforce: la vacante lo pide y no figura en el CV.;9c968e3db36d38047984c27ed0614858
528;94;223;5;29/07/2026;5;3;3;3;4;4,4;4,2;Alta;Punto fuerte: encaje con el rol. Cubre Empatía, Creatividad. Punto débil: habilidades pedidas: le falta Photoshop.;Acreditar Photoshop: la vacante lo pide y no figura en el CV.;425d41c7203a2767e3c70d2be9eb4c5e
529;83;243;5;29/07/2026;4;3;4;3;4;4,2;4,0;Alta;Punto fuerte: encaje con el rol. Cubre Power BI, Euskera. Punto débil: habilidades pedidas: le falta Excel avanzado, SQL.;Acreditar Excel avanzado: la vacante lo pide y no figura en el CV.;0da3bf552eaaf1b9ddbdb332ac2cb1a9
530;29;92;5;29/07/2026;2;1;4;3;2;2,7;2,5;Baja;Punto fuerte: experiencia. No acredita a buen nivel ninguna de las habilidades pedidas. Punto débil: habilidades pedidas: le falta Comunicación, Creatividad.;Acreditar Comunicación: la vacante lo pide y no figura en el CV.;b613a75bd33c952658043c1eb97e8249
531;45;36;5;29/07/2026;3;1;1;3;2;3,0;3,1;Media;Punto fuerte: encaje con el rol. No acredita a buen nivel ninguna de las habilidades pedidas. Punto débil: habilidades pedidas: le falta Organización, SAP.;Acreditar Organización: la vacante lo pide y no figura en el CV.;79696bcf14d19d8cc255fccfe9b7752e
532;82;92;5;29/07/2026;2;3;4;3;3;3,2;3,2;Media;Punto fuerte: experiencia. Cubre Comunicación, Empatía. Punto débil: encaje con el rol.;Acreditar Creatividad: la vacante lo pide y no figura en el CV.;3ec0b79b25325c03b9a45736b8998523
533;82;83;5;29/07/2026;2;2;3;3;3;3,4;3,2;Media;Punto fuerte: experiencia. Cubre SAP. Punto débil: encaje con el rol.;Acreditar Pensamiento crítico: la vacante lo pide y no figura en el CV.;3ec0b79b25325c03b9a45736b8998523
534;41;37;5;29/07/2026;1;1;2;5;2;2,5;2,3;Baja;Punto fuerte: retribución. No acredita a buen nivel ninguna de las habilidades pedidas. Punto débil: encaje con el rol.;Acreditar Git: la vacante lo pide y no figura en el CV.;cf600c52e19afdd30ba63b45cec43695
535;50;210;5;29/07/2026;2;2;3;3;3;3,6;4,0;Media;Punto fuerte: experiencia. Cubre Atención al detalle. Punto débil: encaje con el rol.;Acreditar AutoCAD: la vacante lo pide y no figura en el CV.;bf9ce192c37211714da1407c648bd2d0
536;56;100;5;29/07/2026;2;1;5;1;2;2,8;2,6;Baja;Punto fuerte: experiencia. No acredita a buen nivel ninguna de las habilidades pedidas. Punto débil: habilidades pedidas: le falta Atención al cliente, Microsoft Office.;Acreditar Atención al cliente: la vacante lo pide y no figura en el CV.;29f6492552b6da6c91a1e236597abf82
537;9;177;5;29/07/2026;2;2;2;3;2;3,1;3,0;Media;Punto fuerte: retribución. Cubre Organización. Punto débil: encaje con el rol.;Acreditar Atención al cliente: la vacante lo pide y no figura en el CV.;2a84e3ebb2f9f0e3841cbb047491fc45
538;59;218;5;29/07/2026;1;1;3;3;2;2,5;2,9;Baja;Punto fuerte: experiencia. No acredita a buen nivel ninguna de las habilidades pedidas. Punto débil: encaje con el rol.;Acreditar Trabajo en equipo: la vacante lo pide y no figura en el CV.;76c5a1f362a8c28dc86ec1e008398a92
539;4;124;5;29/07/2026;5;2;5;3;3;3,8;3,7;Media;Punto fuerte: encaje con el rol. Cubre SAP. Punto débil: habilidades pedidas: le falta Excel avanzado, Atención al detalle.;Acreditar Excel avanzado: la vacante lo pide y no figura en el CV.;c87557ecf671fcc862d8f4c7c86bcd1e
540;59;15;5;29/07/2026;2;1;3;2;2;2,3;2,1;Baja;Punto fuerte: experiencia. Cubre Inglés. Punto débil: habilidades pedidas: le falta Microsoft Office, Francés.;Acreditar Microsoft Office: la vacante lo pide y no figura en el CV.;76c5a1f362a8c28dc86ec1e008398a92
541;49;96;5;29/07/2026;3;4;5;1;4;4,5;4,1;Alta;Punto fuerte: experiencia. Cubre SQL, Python, Euskera. Punto débil: retribución.;Acreditar Análisis estadístico: la vacante lo pide y no figura en el CV.;0ffba22ba3e4f470126a6a7993f8732a
542;74;200;5;29/07/2026;1;2;1;1;2;2,3;2,6;Baja;Sin puntos fuertes claros para este puesto. No acredita a buen nivel ninguna de las habilidades pedidas. Punto débil: encaje con el rol.;Acreditar Microsoft Office: la vacante lo pide y no figura en el CV.;670d890f4ae2ab6b18accfa8c5a36fe3
543;47;40;5;29/07/2026;3;2;3;3;2;3,2;3,3;Media;Punto fuerte: encaje con el rol. Cubre Inglés. Punto débil: habilidades pedidas: le falta Francés, Microsoft Office.;Acreditar Francés: la vacante lo pide y no figura en el CV.;632cb7af436fcdef206636840f9bd3e9
544;30;190;5;29/07/2026;2;1;2;3;1;2,0;1,9;Baja;Punto fuerte: retribución. No acredita a buen nivel ninguna de las habilidades pedidas. Punto débil: habilidades pedidas: le falta Odoo, Atención al cliente.;Acreditar Odoo: la vacante lo pide y no figura en el CV.;fdb15b3bc12281881d7d7b584622407a
545;61;178;5;29/07/2026;4;2;2;5;3;3,4;3,1;Media;Punto fuerte: retribución. Cubre Salesforce. Punto débil: habilidades pedidas: le falta Negociación, Atención al cliente.;Acreditar Negociación: la vacante lo pide y no figura en el CV.;d7a2a9311dd06523dd3279716cd6f7c7
546;50;106;3;29/07/2026;2;2;3;1;3;3,0;3,0;Media;Revisión manual. Punto fuerte: experiencia.;Acreditar Soldadura: la vacante lo pide y no figura en el CV.;bf9ce192c37211714da1407c648bd2d0
547;13;153;4;29/07/2026;4;2;1;3;3;3,5;3,5;Media;Revisión manual. Punto fuerte: encaje con el rol.;Acreditar WordPress: la vacante lo pide y no figura en el CV.;378db114d70b4e32b39eb03832f54cb8
548;46;124;3;29/07/2026;4;3;3;3;3;5,0;5,0;Alta;Revisión manual. Punto fuerte: encaje con el rol.;Subir Excel avanzado de nivel 2 a 3.;bd22d806c7aa9abe89853a933bae69c6
549;42;96;5;30/07/2026;1;1;4;3;2;2,4;2,7;Baja;Punto fuerte: experiencia. No acredita a buen nivel ninguna de las habilidades pedidas. Punto débil: encaje con el rol.;Acreditar SQL: la vacante lo pide y no figura en el CV.;7a6776a88d11967e775be432e4a0aef0
550;18;218;5;30/07/2026;5;1;4;1;3;3,6;3,3;Media;Punto fuerte: encaje con el rol. No acredita a buen nivel ninguna de las habilidades pedidas. Punto débil: habilidades pedidas: le falta Trabajo en equipo, Trabajo bajo presión.;Acreditar Trabajo en equipo: la vacante lo pide y no figura en el CV.;f75337c1535cca7acdd8d464a5086ad5
551;18;199;5;30/07/2026;3;2;2;5;2;3,0;2,9;Media;Punto fuerte: retribución. Cubre Inglés. Punto débil: habilidades pedidas: le falta Análisis estadístico, Pensamiento crítico.;Acreditar Análisis estadístico: la vacante lo pide y no figura en el CV.;f75337c1535cca7acdd8d464a5086ad5
552;22;28;5;30/07/2026;2;2;5;1;3;3,2;3,6;Media;Punto fuerte: experiencia. No acredita a buen nivel ninguna de las habilidades pedidas. Punto débil: retribución.;Acreditar Atención al cliente: la vacante lo pide y no figura en el CV.;b014218a24551d0c092d944009a50535
553;10;199;5;30/07/2026;4;4;4;3;4;4,5;5,0;Alta;Punto fuerte: encaje con el rol. Cubre Análisis estadístico, Pensamiento crítico, Atención al detalle. Punto débil: retribución.;Subir Inglés de nivel 2 a 3.;5dc3326fef2f12734c32694a65dda3fb
554;25;174;5;30/07/2026;1;2;2;4;2;2,4;2,2;Baja;Punto fuerte: retribución. Cubre Negociación. Punto débil: encaje con el rol.;Acreditar Empatía: la vacante lo pide y no figura en el CV.;38357ca63edb529b559f755942888aca
555;10;217;5;30/07/2026;2;1;5;1;2;2,8;2,9;Baja;Punto fuerte: experiencia. No acredita a buen nivel ninguna de las habilidades pedidas. Punto débil: habilidades pedidas: le falta Atención al cliente, Organización.;Acreditar Atención al cliente: la vacante lo pide y no figura en el CV.;5dc3326fef2f12734c32694a65dda3fb
556;72;96;5;30/07/2026;5;2;5;1;4;3,7;3,8;Media;Punto fuerte: encaje con el rol. Cubre Análisis estadístico. Punto débil: retribución.;Acreditar SQL: la vacante lo pide y no figura en el CV.;00c6ea09b3c021f3b117297451d698eb
557;78;142;5;30/07/2026;5;1;3;5;3;3,8;3,6;Media;Punto fuerte: encaje con el rol. No acredita a buen nivel ninguna de las habilidades pedidas. Punto débil: habilidades pedidas: le falta Excel avanzado, Pensamiento crítico.;Acreditar Excel avanzado: la vacante lo pide y no figura en el CV.;215b534770cb82e308cf143763fa6b20
558;32;90;5;30/07/2026;2;1;4;2;2;2,6;2,5;Baja;Punto fuerte: experiencia. Cubre Euskera. Punto débil: habilidades pedidas: le falta JavaScript, SQL.;Acreditar JavaScript: la vacante lo pide y no figura en el CV.;75dca3528dcbd1edfbded4bb0601c459
559;78;160;5;30/07/2026;2;1;4;5;2;3,3;3,1;Media;Punto fuerte: retribución. No acredita a buen nivel ninguna de las habilidades pedidas. Punto débil: habilidades pedidas: le falta Google Analytics, HubSpot.;Acreditar Google Analytics: la vacante lo pide y no figura en el CV.;215b534770cb82e308cf143763fa6b20
560;54;146;5;30/07/2026;5;2;4;1;3;3,7;3,8;Media;Punto fuerte: encaje con el rol. Cubre Git. Punto débil: retribución.;Acreditar JavaScript: la vacante lo pide y no figura en el CV.;859984ad4520ebcdd0cd73c27c6bb5b8
561;2;100;5;30/07/2026;2;1;5;3;3;3,2;3,1;Media;Punto fuerte: experiencia. No acredita a buen nivel ninguna de las habilidades pedidas. Punto débil: habilidades pedidas: le falta Atención al cliente, Microsoft Office.;Acreditar Atención al cliente: la vacante lo pide y no figura en el CV.;ff6a94069d1ee9118029d75b03c2d938
562;19;240;5;30/07/2026;2;1;3;2;2;2,7;2,7;Baja;Punto fuerte: experiencia. No acredita a buen nivel ninguna de las habilidades pedidas. Punto débil: habilidades pedidas: le falta Atención al cliente, Salesforce.;Acreditar Atención al cliente: la vacante lo pide y no figura en el CV.;07de0c3b759cac6c75f836ee50a4ea34
563;56;93;5;30/07/2026;2;2;5;1;3;3,4;3,6;Media;Punto fuerte: experiencia. Cubre Inglés, Euskera. Punto débil: retribución.;Acreditar Atención al cliente: la vacante lo pide y no figura en el CV.;29f6492552b6da6c91a1e236597abf82
564;62;117;5;30/07/2026;5;2;3;4;3;3,6;3,3;Media;Punto fuerte: encaje con el rol. Cubre Atención al cliente. Punto débil: habilidades pedidas: le falta Negociación, Salesforce.;Acreditar Negociación: la vacante lo pide y no figura en el CV.;cb24798309bdfcaab479bb037eec32ab
565;98;141;5;30/07/2026;4;2;3;2;3;3,3;3,1;Media;Punto fuerte: encaje con el rol. Cubre Inglés. Punto débil: habilidades pedidas: le falta Microsoft Office, Atención al cliente.;Acreditar Microsoft Office: la vacante lo pide y no figura en el CV.;c5c761f89bb823c2eba5d9fb3bd0a14d
566;90;126;5;30/07/2026;5;2;5;3;4;4,1;3,9;Alta;Punto fuerte: encaje con el rol. Cubre Atención al cliente, Negociación. Punto débil: habilidades pedidas: le falta Orientación a resultados, Euskera.;Acreditar Orientación a resultados: la vacante lo pide y no figura en el CV.;76f8de286439e9508b10f9e90bf2fedc
567;92;47;5;30/07/2026;2;1;2;3;2;2,3;2,4;Baja;Punto fuerte: retribución. No acredita a buen nivel ninguna de las habilidades pedidas. Punto débil: habilidades pedidas: le falta Figma, Creatividad.;Acreditar Figma: la vacante lo pide y no figura en el CV.;507bc7580a51d87e07b5c014e3951fd6
568;89;227;5;30/07/2026;5;3;2;5;3;4,4;4,7;Alta;Punto fuerte: encaje con el rol. Cubre Docker, Git. Punto débil: experiencia.;Acreditar SQL: la vacante lo pide y no figura en el CV.;e55d60a89641a3f36c331a954f73d14f
569;88;227;5;30/07/2026;2;1;3;3;2;2,3;2,2;Baja;Punto fuerte: experiencia. No acredita a buen nivel ninguna de las habilidades pedidas. Punto débil: habilidades pedidas: le falta SQL, Python.;Acreditar SQL: la vacante lo pide y no figura en el CV.;003d3d1722fa228dec7454b99b38765f
570;32;59;5;30/07/2026;2;3;3;3;3;3,8;3,9;Media;Punto fuerte: habilidades pedidas (Pensamiento crítico). Cubre Pensamiento crítico. Punto débil: encaje con el rol.;Acreditar Excel avanzado: la vacante lo pide y no figura en el CV.;75dca3528dcbd1edfbded4bb0601c459
571;59;187;5;30/07/2026;3;1;1;3;2;2,2;2,4;Baja;Punto fuerte: encaje con el rol. No acredita a buen nivel ninguna de las habilidades pedidas. Punto débil: habilidades pedidas: le falta Negociación, Salesforce.;Acreditar Negociación: la vacante lo pide y no figura en el CV.;76c5a1f362a8c28dc86ec1e008398a92
572;2;132;5;30/07/2026;4;1;4;3;1;2,8;3,1;Baja;Punto fuerte: encaje con el rol. No acredita a buen nivel ninguna de las habilidades pedidas. Punto débil: habilidades pedidas: le falta Atención al cliente, Microsoft Office.;Acreditar Atención al cliente: la vacante lo pide y no figura en el CV.;ff6a94069d1ee9118029d75b03c2d938
573;42;64;5;30/07/2026;4;1;3;3;2;2,9;3,1;Baja;Punto fuerte: encaje con el rol. No acredita a buen nivel ninguna de las habilidades pedidas. Punto débil: habilidades pedidas: le falta Atención al cliente, Organización.;Acreditar Atención al cliente: la vacante lo pide y no figura en el CV.;7a6776a88d11967e775be432e4a0aef0
574;100;201;5;30/07/2026;5;1;2;3;2;3,0;3,5;Media;Punto fuerte: encaje con el rol. Cubre Orientación a resultados. Punto débil: habilidades pedidas: le falta Atención al cliente, Salesforce.;Acreditar Atención al cliente: la vacante lo pide y no figura en el CV.;a55050736976ba738c4e5e8a86c34ed9
575;38;15;5;30/07/2026;2;1;4;1;2;2,2;2,2;Baja;Punto fuerte: experiencia. No acredita a buen nivel ninguna de las habilidades pedidas. Punto débil: habilidades pedidas: le falta Microsoft Office, Francés.;Acreditar Microsoft Office: la vacante lo pide y no figura en el CV.;68f33e0ca8603c304a1b18b11dfd0464
576;34;192;5;30/07/2026;4;1;2;3;1;2,7;2,7;Baja;Punto fuerte: encaje con el rol. No acredita a buen nivel ninguna de las habilidades pedidas. Punto débil: habilidades pedidas: le falta Odoo, Organización.;Acreditar Odoo: la vacante lo pide y no figura en el CV.;19a6f235332b07f91f5633b04c2e4e92
577;6;174;5;30/07/2026;2;1;3;5;1;2,7;2,9;Baja;Punto fuerte: retribución. No acredita a buen nivel ninguna de las habilidades pedidas. Punto débil: habilidades pedidas: le falta Empatía, Microsoft Office.;Acreditar Empatía: la vacante lo pide y no figura en el CV.;20957a05960764518bb49811dc16a350
578;70;146;5;30/07/2026;3;2;3;1;3;3,3;3,5;Media;Punto fuerte: encaje con el rol. No acredita a buen nivel ninguna de las habilidades pedidas. Punto débil: retribución.;Acreditar JavaScript: la vacante lo pide y no figura en el CV.;f5afac3bc9ed839fa51c0f7d16a6b1f0
579;87;45;5;30/07/2026;5;2;5;5;4;4,6;4,5;Alta;Punto fuerte: encaje con el rol. Cubre AutoCAD, Diseño gráfico. Punto débil: habilidades pedidas: le falta Atención al detalle, Euskera.;Acreditar Atención al detalle: la vacante lo pide y no figura en el CV.;89728c973c760f1cb456fcbc23c4b8e8
580;7;237;5;30/07/2026;2;2;5;4;3;4,0;3,7;Alta;Punto fuerte: experiencia. No acredita a buen nivel ninguna de las habilidades pedidas. Punto débil: encaje con el rol.;Acreditar Trabajo bajo presión: la vacante lo pide y no figura en el CV.;383eaa5c29506016b589f75b32306891
581;24;52;5;30/07/2026;2;1;5;3;3;2,8;2,4;Baja;Punto fuerte: experiencia. No acredita a buen nivel ninguna de las habilidades pedidas. Punto débil: habilidades pedidas: le falta Atención al cliente, Francés.;Acreditar Atención al cliente: la vacante lo pide y no figura en el CV.;1aeb058baac2bcc159a5b57e54fefa31
582;78;86;5;30/07/2026;2;1;5;5;2;3,0;3,2;Media;Punto fuerte: experiencia. No acredita a buen nivel ninguna de las habilidades pedidas. Punto débil: habilidades pedidas: le falta Trabajo bajo presión, Atención al cliente.;Acreditar Trabajo bajo presión: la vacante lo pide y no figura en el CV.;215b534770cb82e308cf143763fa6b20
583;69;236;5;30/07/2026;2;2;3;1;2;2,7;2,5;Baja;Punto fuerte: experiencia. Cubre Euskera. Punto débil: retribución.;Acreditar Trabajo en equipo: la vacante lo pide y no figura en el CV.;7acbc14f03275bc7b352029c8f0b9bc1
584;22;42;5;30/07/2026;2;1;5;3;2;2,4;2,9;Baja;Punto fuerte: experiencia. No acredita a buen nivel ninguna de las habilidades pedidas. Punto débil: habilidades pedidas: le falta Organización, Trabajo bajo presión.;Acreditar Organización: la vacante lo pide y no figura en el CV.;b014218a24551d0c092d944009a50535
585;44;182;5;30/07/2026;5;3;1;5;3;4,1;3,8;Alta;Punto fuerte: encaje con el rol. Cubre Análisis estadístico, Inglés, Atención al detalle. Punto débil: experiencia.;Acreditar Euskera: la vacante lo pide y no figura en el CV.;2fd67b166cd5705953353f5169d02f1f
586;87;21;5;31/07/2026;4;2;5;1;2;3,5;3,9;Media;Punto fuerte: experiencia. No acredita a buen nivel ninguna de las habilidades pedidas. Punto débil: retribución.;Acreditar Odoo: la vacante lo pide y no figura en el CV.;89728c973c760f1cb456fcbc23c4b8e8
587;77;121;5;31/07/2026;5;1;1;4;2;3,3;3,4;Media;Punto fuerte: encaje con el rol. No acredita a buen nivel ninguna de las habilidades pedidas. Punto débil: habilidades pedidas: le falta Microsoft Office, Organización.;Acreditar Microsoft Office: la vacante lo pide y no figura en el CV.;6b2ecdff913c1a67b7a1efcffbace6d8
588;14;67;5;31/07/2026;4;3;4;3;3;4,5;4,4;Alta;Punto fuerte: encaje con el rol. Cubre Prevención de riesgos, Mecanizado CNC, Resolución de problemas. Punto débil: habilidades pedidas: le falta Autonomía.;Acreditar Autonomía: la vacante lo pide y no figura en el CV.;885480c884ed8190dc3fb64ffb791b29
589;10;40;5;31/07/2026;2;1;5;3;2;3,3;3,8;Media;Punto fuerte: experiencia. No acredita a buen nivel ninguna de las habilidades pedidas. Punto débil: habilidades pedidas: le falta Francés, Microsoft Office.;Acreditar Francés: la vacante lo pide y no figura en el CV.;5dc3326fef2f12734c32694a65dda3fb
590;5;1;5;31/07/2026;2;2;5;1;3;3,5;3,6;Media;Punto fuerte: experiencia. No acredita a buen nivel ninguna de las habilidades pedidas. Punto débil: retribución.;Acreditar AutoCAD: la vacante lo pide y no figura en el CV.;f894e1db4345616d702c24ded0c3174b
591;1;96;5;31/07/2026;5;4;4;3;4;5,0;4,7;Alta;Punto fuerte: encaje con el rol. Cubre Python, Análisis estadístico, Euskera. Punto débil: retribución.;Acreditar SQL: la vacante lo pide y no figura en el CV.;a1bec3d7b0af64b7b136dfd2d05d6fb7
592;67;113;5;31/07/2026;5;1;3;5;3;3,4;3,1;Media;Punto fuerte: encaje con el rol. No acredita a buen nivel ninguna de las habilidades pedidas. Punto débil: habilidades pedidas: le falta Análisis estadístico, SQL.;Acreditar Análisis estadístico: la vacante lo pide y no figura en el CV.;91cd2ac01281f8d5fa469f6015e9a4ab
593;55;42;5;31/07/2026;4;2;4;3;3;4,1;3,9;Alta;Punto fuerte: encaje con el rol. Cubre Organización, Euskera. Punto débil: habilidades pedidas: le falta Trabajo bajo presión, Creatividad.;Acreditar Trabajo bajo presión: la vacante lo pide y no figura en el CV.;bdc486f200cf51150a14741a79615248
594;48;1;5;31/07/2026;2;1;3;1;1;2,1;2,1;Baja;Punto fuerte: experiencia. No acredita a buen nivel ninguna de las habilidades pedidas. Punto débil: habilidades pedidas: le falta AutoCAD, Gestión de proyectos.;Acreditar AutoCAD: la vacante lo pide y no figura en el CV.;6be6b4c03c998ee742d555c2c8441002
595;35;121;5;31/07/2026;4;2;3;1;2;3,1;3,4;Media;Punto fuerte: encaje con el rol. Cubre Atención al cliente. Punto débil: retribución.;Acreditar Microsoft Office: la vacante lo pide y no figura en el CV.;2ec93fe739d638737d2fb11b7af497bb
596;26;184;5;31/07/2026;5;2;1;3;3;3,3;3,0;Media;Punto fuerte: encaje con el rol. Cubre Gestión de proyectos, SAP. Punto débil: experiencia.;Acreditar AutoCAD: la vacante lo pide y no figura en el CV.;e18d57d93e73503c7ab01f43e67c99b0
597;99;79;5;31/07/2026;2;2;3;3;3;3,0;3,0;Media;Punto fuerte: experiencia. Cubre Euskera. Punto débil: encaje con el rol.;Acreditar Contabilidad: la vacante lo pide y no figura en el CV.;46dcc44cf0c4cc192a18786d8bbcbefc
598;15;91;5;31/07/2026;2;2;4;3;2;2,7;2,5;Baja;Punto fuerte: experiencia. No acredita a buen nivel ninguna de las habilidades pedidas. Punto débil: encaje con el rol.;Acreditar Atención al cliente: la vacante lo pide y no figura en el CV.;045acccb8d5df88f9758c8c5ad6ab3da
599;57;75;5;31/07/2026;2;1;3;4;2;2,6;3,0;Baja;Punto fuerte: retribución. No acredita a buen nivel ninguna de las habilidades pedidas. Punto débil: habilidades pedidas: le falta Excel avanzado, Organización.;Acreditar Excel avanzado: la vacante lo pide y no figura en el CV.;32e0331dbc878ffbd95b2b90ac4d72f2
600;61;237;5;31/07/2026;4;2;2;4;3;3,4;3,1;Media;Punto fuerte: encaje con el rol. Cubre Euskera. Punto débil: habilidades pedidas: le falta Trabajo bajo presión, Atención al cliente.;Acreditar Trabajo bajo presión: la vacante lo pide y no figura en el CV.;d7a2a9311dd06523dd3279716cd6f7c7
601;87;20;5;31/07/2026;5;1;5;4;3;3,9;3,6;Media;Punto fuerte: encaje con el rol. No acredita a buen nivel ninguna de las habilidades pedidas. Punto débil: habilidades pedidas: le falta Odoo, Atención al cliente.;Acreditar Odoo: la vacante lo pide y no figura en el CV.;89728c973c760f1cb456fcbc23c4b8e8
602;52;97;5;31/07/2026;5;2;1;5;3;4,0;4,0;Alta;Punto fuerte: encaje con el rol. No acredita a buen nivel ninguna de las habilidades pedidas. Punto débil: experiencia.;Acreditar SAP: la vacante lo pide y no figura en el CV.;9c968e3db36d38047984c27ed0614858
603;82;219;5;31/07/2026;5;2;1;5;2;3,7;3,5;Media;Punto fuerte: encaje con el rol. Cubre Resolución de problemas, SAP. Punto débil: experiencia.;Acreditar AutoCAD: la vacante lo pide y no figura en el CV.;3ec0b79b25325c03b9a45736b8998523
604;46;201;5;31/07/2026;3;1;3;3;2;2,7;2,3;Baja;Punto fuerte: encaje con el rol. No acredita a buen nivel ninguna de las habilidades pedidas. Punto débil: habilidades pedidas: le falta Atención al cliente, Salesforce.;Acreditar Atención al cliente: la vacante lo pide y no figura en el CV.;bd22d806c7aa9abe89853a933bae69c6
605;75;238;5;31/07/2026;3;1;4;4;2;2,7;2,9;Baja;Punto fuerte: experiencia. No acredita a buen nivel ninguna de las habilidades pedidas. Punto débil: habilidades pedidas: le falta Atención al cliente, Trabajo en equipo.;Acreditar Atención al cliente: la vacante lo pide y no figura en el CV.;d30d03d751c3dd67c9e53c2c3fd99212
606;31;75;5;31/07/2026;5;1;4;3;4;3,7;4,1;Media;Punto fuerte: encaje con el rol. Cubre Organización. Punto débil: habilidades pedidas: le falta Excel avanzado, Contabilidad.;Acreditar Excel avanzado: la vacante lo pide y no figura en el CV.;f5bdd3f0eb3dad01d633b74b369c9125
607;6;103;5;31/07/2026;2;1;4;3;3;2,9;3,1;Baja;Punto fuerte: experiencia. No acredita a buen nivel ninguna de las habilidades pedidas. Punto débil: habilidades pedidas: le falta Trabajo en equipo, Logística.;Acreditar Trabajo en equipo: la vacante lo pide y no figura en el CV.;20957a05960764518bb49811dc16a350
608;3;193;5;31/07/2026;2;2;3;1;3;2,9;3,0;Baja;Punto fuerte: experiencia. Cubre Microsoft Office. Punto débil: retribución.;Acreditar Atención al cliente: la vacante lo pide y no figura en el CV.;41639786d6f8a244b34cde0b836e6d9c
609;7;113;5;31/07/2026;2;1;4;5;3;2,4;2,4;Baja;Punto fuerte: retribución. No acredita a buen nivel ninguna de las habilidades pedidas. Punto débil: habilidades pedidas: le falta Análisis estadístico, SQL.;Acreditar Análisis estadístico: la vacante lo pide y no figura en el CV.;383eaa5c29506016b589f75b32306891
610;33;46;5;31/07/2026;2;2;4;5;2;3,0;3,1;Media;Punto fuerte: retribución. No acredita a buen nivel ninguna de las habilidades pedidas. Punto débil: encaje con el rol.;Acreditar Comunicación: la vacante lo pide y no figura en el CV.;f56a53d6d06a56c7dbc5480afd08848d
611;98;237;5;31/07/2026;4;2;3;1;2;3,1;2,9;Media;Punto fuerte: encaje con el rol. Cubre Trabajo bajo presión. Punto débil: retribución.;Acreditar Euskera: la vacante lo pide y no figura en el CV.;c5c761f89bb823c2eba5d9fb3bd0a14d
612;47;160;5;31/07/2026;5;2;5;2;4;4,1;3,9;Alta;Punto fuerte: encaje con el rol. Cubre Creatividad. Punto débil: habilidades pedidas: le falta WordPress, Google Analytics.;Acreditar WordPress: la vacante lo pide y no figura en el CV.;632cb7af436fcdef206636840f9bd3e9
613;31;215;5;31/07/2026;5;3;4;3;4;4,8;4,5;Alta;Punto fuerte: encaje con el rol. Cubre Organización, Atención al cliente. Punto débil: habilidades pedidas: le falta Odoo, Microsoft Office.;Acreditar Odoo: la vacante lo pide y no figura en el CV.;f5bdd3f0eb3dad01d633b74b369c9125
614;10;210;5;31/07/2026;2;3;5;2;4;3,8;3,6;Media;Punto fuerte: experiencia. Cubre Atención al detalle. Punto débil: encaje con el rol.;Acreditar AutoCAD: la vacante lo pide y no figura en el CV.;5dc3326fef2f12734c32694a65dda3fb
615;72;219;5;31/07/2026;4;2;5;4;3;3,7;3,3;Media;Punto fuerte: experiencia. Cubre AutoCAD, Gestión de proyectos. Punto débil: habilidades pedidas: le falta Resolución de problemas, SAP.;Acreditar Resolución de problemas: la vacante lo pide y no figura en el CV.;00c6ea09b3c021f3b117297451d698eb
616;31;242;5;31/07/2026;2;2;5;3;2;2,9;2,8;Baja;Punto fuerte: experiencia. Cubre Inglés. Punto débil: encaje con el rol.;Acreditar Pensamiento crítico: la vacante lo pide y no figura en el CV.;f5bdd3f0eb3dad01d633b74b369c9125
617;44;148;5;31/07/2026;2;1;2;3;2;2,7;2,5;Baja;Punto fuerte: retribución. No acredita a buen nivel ninguna de las habilidades pedidas. Punto débil: habilidades pedidas: le falta Logística, Trabajo en equipo.;Acreditar Logística: la vacante lo pide y no figura en el CV.;2fd67b166cd5705953353f5169d02f1f
618;81;6;5;31/07/2026;2;1;1;3;1;2,4;2,5;Baja;Punto fuerte: retribución. No acredita a buen nivel ninguna de las habilidades pedidas. Punto débil: habilidades pedidas: le falta Empatía, Creatividad.;Acreditar Empatía: la vacante lo pide y no figura en el CV.;11bbeacc030854ec0ebf30b0b36ff61f
619;40;52;5;31/07/2026;2;1;2;3;1;2,3;2,8;Baja;Punto fuerte: retribución. No acredita a buen nivel ninguna de las habilidades pedidas. Punto débil: habilidades pedidas: le falta Atención al cliente, Francés.;Acreditar Atención al cliente: la vacante lo pide y no figura en el CV.;9787e8ce8f1ff73732a864352c285885
620;59;97;5;31/07/2026;1;1;1;3;1;2,1;2,4;Baja;Punto fuerte: retribución. No acredita a buen nivel ninguna de las habilidades pedidas. Punto débil: encaje con el rol.;Acreditar SAP: la vacante lo pide y no figura en el CV.;76c5a1f362a8c28dc86ec1e008398a92
621;57;191;5;31/07/2026;5;1;2;5;2;3,1;3,1;Media;Punto fuerte: encaje con el rol. No acredita a buen nivel ninguna de las habilidades pedidas. Punto débil: habilidades pedidas: le falta Excel avanzado, Pensamiento crítico.;Acreditar Excel avanzado: la vacante lo pide y no figura en el CV.;32e0331dbc878ffbd95b2b90ac4d72f2
622;26;28;5;31/07/2026;2;1;4;3;1;2,6;2,7;Baja;Punto fuerte: experiencia. No acredita a buen nivel ninguna de las habilidades pedidas. Punto débil: habilidades pedidas: le falta Atención al cliente, Francés.;Acreditar Atención al cliente: la vacante lo pide y no figura en el CV.;e18d57d93e73503c7ab01f43e67c99b0
623;46;182;5;31/07/2026;4;3;4;2;3;4,1;3,8;Alta;Punto fuerte: encaje con el rol. Cubre Pensamiento crítico, Euskera. Punto débil: retribución.;Subir Análisis estadístico de nivel 2 a 3.;bd22d806c7aa9abe89853a933bae69c6
624;87;190;5;31/07/2026;5;1;5;3;3;4,0;3,7;Alta;Punto fuerte: encaje con el rol. No acredita a buen nivel ninguna de las habilidades pedidas. Punto débil: habilidades pedidas: le falta Odoo, Atención al cliente.;Acreditar Odoo: la vacante lo pide y no figura en el CV.;89728c973c760f1cb456fcbc23c4b8e8
625;14;67;4;31/07/2026;3;3;4;4;3;3,7;3,7;Media;Revisión manual. Punto fuerte: encaje con el rol.;Acreditar Autonomía: la vacante lo pide y no figura en el CV.;885480c884ed8190dc3fb64ffb791b29
626;35;121;3;31/07/2026;4;1;3;1;2;3,7;3,7;Media;Revisión manual. Punto fuerte: encaje con el rol.;Acreditar Microsoft Office: la vacante lo pide y no figura en el CV.;2ec93fe739d638737d2fb11b7af497bb
627;83;88;5;01/08/2026;3;2;5;4;3;3,2;3,6;Media;Punto fuerte: experiencia. Cubre Atención al detalle. Punto débil: habilidades pedidas: le falta Diseño gráfico, AutoCAD.;Acreditar Diseño gráfico: la vacante lo pide y no figura en el CV.;0da3bf552eaaf1b9ddbdb332ac2cb1a9
628;57;59;5;01/08/2026;2;2;2;5;2;3,0;2,9;Media;Punto fuerte: retribución. Cubre Power BI. Punto débil: encaje con el rol.;Acreditar Excel avanzado: la vacante lo pide y no figura en el CV.;32e0331dbc878ffbd95b2b90ac4d72f2
629;47;32;5;01/08/2026;2;3;5;1;4;3,7;3,2;Media;Punto fuerte: experiencia. Cubre Inglés, Euskera. Punto débil: retribución.;Acreditar Trabajo bajo presión: la vacante lo pide y no figura en el CV.;632cb7af436fcdef206636840f9bd3e9
630;45;215;5;01/08/2026;2;1;4;3;2;2,7;3,2;Baja;Punto fuerte: experiencia. No acredita a buen nivel ninguna de las habilidades pedidas. Punto débil: habilidades pedidas: le falta Organización, Atención al cliente.;Acreditar Organización: la vacante lo pide y no figura en el CV.;79696bcf14d19d8cc255fccfe9b7752e
631;91;21;5;01/08/2026;4;1;4;3;3;3,8;3,5;Media;Punto fuerte: encaje con el rol. No acredita a buen nivel ninguna de las habilidades pedidas. Punto débil: habilidades pedidas: le falta Odoo, Microsoft Office.;Acreditar Odoo: la vacante lo pide y no figura en el CV.;be9bfff5f85dbd1ee4d9197b95ba39c9
632;78;185;5;01/08/2026;2;1;5;4;2;3,0;3,1;Media;Punto fuerte: experiencia. No acredita a buen nivel ninguna de las habilidades pedidas. Punto débil: habilidades pedidas: le falta Atención al cliente, Microsoft Office.;Acreditar Atención al cliente: la vacante lo pide y no figura en el CV.;215b534770cb82e308cf143763fa6b20
633;12;174;5;01/08/2026;5;3;1;5;3;4,0;4,2;Alta;Punto fuerte: encaje con el rol. Cubre Empatía, Negociación. Punto débil: experiencia.;Acreditar Microsoft Office: la vacante lo pide y no figura en el CV.;71000804a77686a1db7205c014abe342
634;26;198;5;01/08/2026;3;2;3;3;2;3,4;3,5;Media;Punto fuerte: encaje con el rol. No acredita a buen nivel ninguna de las habilidades pedidas. Punto débil: habilidades pedidas: le falta Ciberseguridad, Docker.;Acreditar Ciberseguridad: la vacante lo pide y no figura en el CV.;e18d57d93e73503c7ab01f43e67c99b0
635;9;184;5;01/08/2026;4;2;1;5;3;3,9;3,6;Media;Punto fuerte: retribución. Cubre SAP. Punto débil: experiencia.;Acreditar AutoCAD: la vacante lo pide y no figura en el CV.;2a84e3ebb2f9f0e3841cbb047491fc45
636;50;11;5;01/08/2026;1;2;2;5;2;2,5;2,5;Baja;Punto fuerte: retribución. Cubre Excel avanzado. Punto débil: encaje con el rol.;Acreditar Contabilidad: la vacante lo pide y no figura en el CV.;bf9ce192c37211714da1407c648bd2d0
637;11;54;5;01/08/2026;3;1;1;5;1;2,3;2,8;Baja;Punto fuerte: retribución. No acredita a buen nivel ninguna de las habilidades pedidas. Punto débil: habilidades pedidas: le falta Google Analytics, HubSpot.;Acreditar Google Analytics: la vacante lo pide y no figura en el CV.;3b883509efc39b7f91f118ac94557999
638;87;48;5;01/08/2026;5;1;5;5;3;3,4;3,2;Media;Punto fuerte: encaje con el rol. No acredita a buen nivel ninguna de las habilidades pedidas. Punto débil: habilidades pedidas: le falta Microsoft Office, Odoo.;Acreditar Microsoft Office: la vacante lo pide y no figura en el CV.;89728c973c760f1cb456fcbc23c4b8e8
639;102;182;5;01/08/2026;2;2;3;5;2;2,8;3,0;Baja;Punto fuerte: retribución. Cubre Euskera. Punto débil: encaje con el rol.;Acreditar Análisis estadístico: la vacante lo pide y no figura en el CV.;025b3b4f122944277d4e5de5758fb6c9
640;34;222;5;01/08/2026;2;1;1;4;1;2,6;2,9;Baja;Punto fuerte: retribución. No acredita a buen nivel ninguna de las habilidades pedidas. Punto débil: habilidades pedidas: le falta Prevención de riesgos, Soldadura.;Acreditar Prevención de riesgos: la vacante lo pide y no figura en el CV.;19a6f235332b07f91f5633b04c2e4e92
641;11;103;5;01/08/2026;2;1;2;3;2;2,3;2,0;Baja;Punto fuerte: retribución. No acredita a buen nivel ninguna de las habilidades pedidas. Punto débil: habilidades pedidas: le falta Trabajo en equipo, Logística.;Acreditar Trabajo en equipo: la vacante lo pide y no figura en el CV.;3b883509efc39b7f91f118ac94557999
642;81;149;5;01/08/2026;1;1;1;3;1;2,0;2,3;Baja;Punto fuerte: retribución. No acredita a buen nivel ninguna de las habilidades pedidas. Punto débil: encaje con el rol.;Acreditar Creatividad: la vacante lo pide y no figura en el CV.;11bbeacc030854ec0ebf30b0b36ff61f
643;90;91;5;01/08/2026;5;2;5;3;3;4,1;4,1;Alta;Punto fuerte: encaje con el rol. Cubre Atención al cliente, Negociación. Punto débil: habilidades pedidas: le falta Orientación a resultados, Salesforce.;Acreditar Orientación a resultados: la vacante lo pide y no figura en el CV.;76f8de286439e9508b10f9e90bf2fedc
644;41;88;5;01/08/2026;4;3;2;4;4;3,7;3,9;Media;Punto fuerte: encaje con el rol. Cubre AutoCAD, Atención al detalle. Punto débil: experiencia.;Acreditar Diseño gráfico: la vacante lo pide y no figura en el CV.;cf600c52e19afdd30ba63b45cec43695
645;85;223;5;01/08/2026;2;1;3;4;1;2,7;2,6;Baja;Punto fuerte: retribución. No acredita a buen nivel ninguna de las habilidades pedidas. Punto débil: habilidades pedidas: le falta Empatía, Creatividad.;Acreditar Empatía: la vacante lo pide y no figura en el CV.;5c4e1357a35f409ae56311fce6ced4de
646;31;11;5;01/08/2026;5;3;4;3;3;4,1;4,2;Alta;Punto fuerte: encaje con el rol. Cubre Organización, QuickBooks. Punto débil: habilidades pedidas: le falta Contabilidad, Excel avanzado.;Acreditar Contabilidad: la vacante lo pide y no figura en el CV.;f5bdd3f0eb3dad01d633b74b369c9125
647;36;28;5;01/08/2026;1;1;5;1;2;2,6;2,4;Baja;Punto fuerte: experiencia. No acredita a buen nivel ninguna de las habilidades pedidas. Punto débil: encaje con el rol.;Acreditar Atención al cliente: la vacante lo pide y no figura en el CV.;a9c8adea270d72c098cdcfc98cec0a24
648;74;75;5;01/08/2026;2;2;1;1;3;2,7;2,7;Baja;Punto fuerte: probabilidad de entrevista. No acredita a buen nivel ninguna de las habilidades pedidas. Punto débil: experiencia.;Acreditar Excel avanzado: la vacante lo pide y no figura en el CV.;670d890f4ae2ab6b18accfa8c5a36fe3
649;24;21;5;01/08/2026;1;1;5;1;2;2,5;2,3;Baja;Punto fuerte: experiencia. No acredita a buen nivel ninguna de las habilidades pedidas. Punto débil: encaje con el rol.;Acreditar Odoo: la vacante lo pide y no figura en el CV.;1aeb058baac2bcc159a5b57e54fefa31
650;99;146;5;01/08/2026;3;1;4;1;2;2,8;2,7;Baja;Punto fuerte: experiencia. No acredita a buen nivel ninguna de las habilidades pedidas. Punto débil: habilidades pedidas: le falta JavaScript, Git.;Acreditar JavaScript: la vacante lo pide y no figura en el CV.;46dcc44cf0c4cc192a18786d8bbcbefc
651;69;153;5;01/08/2026;5;2;3;2;2;3,4;3,1;Media;Punto fuerte: encaje con el rol. Cubre Creatividad. Punto débil: habilidades pedidas: le falta WordPress, HubSpot.;Acreditar WordPress: la vacante lo pide y no figura en el CV.;7acbc14f03275bc7b352029c8f0b9bc1
652;10;86;5;01/08/2026;2;1;5;3;2;2,2;2,4;Baja;Punto fuerte: experiencia. No acredita a buen nivel ninguna de las habilidades pedidas. Punto débil: habilidades pedidas: le falta Trabajo bajo presión, Atención al cliente.;Acreditar Trabajo bajo presión: la vacante lo pide y no figura en el CV.;5dc3326fef2f12734c32694a65dda3fb
653;52;1;5;01/08/2026;2;2;4;2;2;3,2;3,0;Media;Punto fuerte: experiencia. Cubre Gestión de proyectos, Euskera. Punto débil: encaje con el rol.;Acreditar AutoCAD: la vacante lo pide y no figura en el CV.;9c968e3db36d38047984c27ed0614858
654;31;12;5;01/08/2026;2;3;3;3;2;3,1;3,3;Media;Punto fuerte: habilidades pedidas (Inglés). Cubre Inglés. Punto débil: encaje con el rol.;Acreditar Análisis estadístico: la vacante lo pide y no figura en el CV.;f5bdd3f0eb3dad01d633b74b369c9125
655;104;182;5;01/08/2026;1;2;3;1;3;2,8;2,9;Baja;Punto fuerte: experiencia. Cubre Euskera. Punto débil: encaje con el rol.;Acreditar Análisis estadístico: la vacante lo pide y no figura en el CV.;83784fb75cfd6f0b3f6f78ed66c29913
656;95;95;5;01/08/2026;3;4;2;3;3;3,4;3,7;Media;Punto fuerte: habilidades pedidas (Atención al cliente, Negociación). Cubre Atención al cliente, Negociación. Punto débil: experiencia.;Acreditar Orientación a resultados: la vacante lo pide y no figura en el CV.;38ec8d05ee004f3d9735664e439808c9
657;79;220;5;01/08/2026;1;2;2;1;1;1,8;2,2;Baja;Sin puntos fuertes claros para este puesto. Cubre Euskera. Punto débil: encaje con el rol.;Acreditar Empatía: la vacante lo pide y no figura en el CV.;dbc3ae586769d482cb1309411aec185f
658;42;96;4;01/08/2026;1;1;4;2;3;2,7;2,7;Baja;Revisión manual. Punto fuerte: experiencia.;Acreditar SQL: la vacante lo pide y no figura en el CV.;7a6776a88d11967e775be432e4a0aef0
659;75;134;3;01/08/2026;4;1;5;3;4;4,1;4,1;Alta;Revisión manual. Punto fuerte: experiencia.;Acreditar Google Analytics: la vacante lo pide y no figura en el CV.;d30d03d751c3dd67c9e53c2c3fd99212
660;67;242;5;02/08/2026;2;2;4;3;3;3,1;3,2;Media;Punto fuerte: experiencia. Cubre Pensamiento crítico. Punto débil: encaje con el rol.;Acreditar Comunicación: la vacante lo pide y no figura en el CV.;91cd2ac01281f8d5fa469f6015e9a4ab
661;19;52;5;02/08/2026;3;1;3;1;1;2,1;1,9;Baja;Punto fuerte: encaje con el rol. No acredita a buen nivel ninguna de las habilidades pedidas. Punto débil: habilidades pedidas: le falta Atención al cliente, Francés.;Acreditar Atención al cliente: la vacante lo pide y no figura en el CV.;07de0c3b759cac6c75f836ee50a4ea34
662;50;88;5;02/08/2026;1;2;2;5;2;2,7;3,0;Baja;Punto fuerte: retribución. Cubre Atención al detalle. Punto débil: encaje con el rol.;Acreditar Diseño gráfico: la vacante lo pide y no figura en el CV.;bf9ce192c37211714da1407c648bd2d0
663;68;15;5;02/08/2026;5;2;3;1;2;3,4;3,2;Media;Punto fuerte: encaje con el rol. Cubre Microsoft Office, Inglés. Punto débil: retribución.;Acreditar Francés: la vacante lo pide y no figura en el CV.;e74475b24a3a5e1c4424f7c7a57ca71c
664;9;199;5;02/08/2026;5;3;2;3;3;4,5;4,7;Alta;Punto fuerte: encaje con el rol. Cubre Análisis estadístico, Atención al detalle. Punto débil: experiencia.;Acreditar Pensamiento crítico: la vacante lo pide y no figura en el CV.;2a84e3ebb2f9f0e3841cbb047491fc45
665;76;201;5;02/08/2026;5;3;1;3;3;3,7;3,6;Media;Punto fuerte: encaje con el rol. Cubre Salesforce, Orientación a resultados. Punto débil: experiencia.;Acreditar Atención al cliente: la vacante lo pide y no figura en el CV.;4cfd825587a78dd0bc54d9398a050a4f
666;53;11;5;02/08/2026;3;1;5;4;3;3,8;3,5;Media;Punto fuerte: experiencia. No acredita a buen nivel ninguna de las habilidades pedidas. Punto débil: habilidades pedidas: le falta Contabilidad, Organización.;Acreditar Contabilidad: la vacante lo pide y no figura en el CV.;d7dc5213f05e3731c1548793a9af61e6
667;67;149;5;02/08/2026;2;2;3;5;2;3,4;3,3;Media;Punto fuerte: retribución. No acredita a buen nivel ninguna de las habilidades pedidas. Punto débil: encaje con el rol.;Acreditar Figma: la vacante lo pide y no figura en el CV.;91cd2ac01281f8d5fa469f6015e9a4ab
668;1;128;5;02/08/2026;5;2;3;5;3;3,7;3,6;Media;Punto fuerte: encaje con el rol. Cubre Análisis estadístico. Punto débil: habilidades pedidas: le falta Excel avanzado, Power BI.;Acreditar Excel avanzado: la vacante lo pide y no figura en el CV.;a1bec3d7b0af64b7b136dfd2d05d6fb7
669;67;201;5;02/08/2026;2;1;2;5;2;2,6;2,1;Baja;Punto fuerte: retribución. No acredita a buen nivel ninguna de las habilidades pedidas. Punto débil: habilidades pedidas: le falta Atención al cliente, Salesforce.;Acreditar Atención al cliente: la vacante lo pide y no figura en el CV.;91cd2ac01281f8d5fa469f6015e9a4ab
670;52;86;5;02/08/2026;2;2;3;3;2;3,2;3,2;Media;Punto fuerte: experiencia. Cubre Euskera. Punto débil: encaje con el rol.;Acreditar Trabajo bajo presión: la vacante lo pide y no figura en el CV.;9c968e3db36d38047984c27ed0614858
671;68;210;5;02/08/2026;5;2;5;3;4;4,5;4,2;Alta;Punto fuerte: encaje con el rol. No acredita a buen nivel ninguna de las habilidades pedidas. Punto débil: habilidades pedidas: le falta Atención al detalle, Diseño gráfico.;Acreditar Atención al detalle: la vacante lo pide y no figura en el CV.;e74475b24a3a5e1c4424f7c7a57ca71c
672;68;88;5;02/08/2026;5;1;3;2;3;4,0;3,8;Alta;Punto fuerte: encaje con el rol. No acredita a buen nivel ninguna de las habilidades pedidas. Punto débil: habilidades pedidas: le falta Diseño gráfico, Atención al detalle.;Acreditar Diseño gráfico: la vacante lo pide y no figura en el CV.;e74475b24a3a5e1c4424f7c7a57ca71c
673;80;140;5;02/08/2026;1;2;1;2;2;2,4;2,2;Baja;Sin puntos fuertes claros para este puesto. No acredita a buen nivel ninguna de las habilidades pedidas. Punto débil: encaje con el rol.;Acreditar Vocación de servicio: la vacante lo pide y no figura en el CV.;0ab41c1e90b3e44375989152324bc3dc
674;35;53;5;02/08/2026;4;3;3;1;2;3,7;3,6;Media;Punto fuerte: encaje con el rol. Cubre Atención al cliente. Punto débil: retribución.;Acreditar Odoo: la vacante lo pide y no figura en el CV.;2ec93fe739d638737d2fb11b7af497bb
675;34;121;5;02/08/2026;5;1;2;2;3;3,1;3,2;Media;Punto fuerte: encaje con el rol. No acredita a buen nivel ninguna de las habilidades pedidas. Punto débil: habilidades pedidas: le falta Microsoft Office, Organización.;Acreditar Microsoft Office: la vacante lo pide y no figura en el CV.;19a6f235332b07f91f5633b04c2e4e92
676;58;62;5;02/08/2026;2;1;4;3;2;2,6;3,1;Baja;Punto fuerte: experiencia. No acredita a buen nivel ninguna de las habilidades pedidas. Punto débil: habilidades pedidas: le falta Odoo, Microsoft Office.;Acreditar Odoo: la vacante lo pide y no figura en el CV.;f32dca8b4bbeaf7b99a5388a3ee25d05
677;47;153;5;02/08/2026;5;3;4;3;3;4,1;4,4;Alta;Punto fuerte: encaje con el rol. Cubre Creatividad. Punto débil: habilidades pedidas: le falta WordPress, HubSpot.;Acreditar WordPress: la vacante lo pide y no figura en el CV.;632cb7af436fcdef206636840f9bd3e9
678;80;241;5;02/08/2026;2;3;1;3;2;3,1;3,1;Media;Punto fuerte: habilidades pedidas (Comunicación, Inglés). Cubre Comunicación, Inglés. Punto débil: experiencia.;Acreditar Pensamiento crítico: la vacante lo pide y no figura en el CV.;0ab41c1e90b3e44375989152324bc3dc
679;54;243;5;02/08/2026;3;2;3;5;3;3,6;3,5;Media;Punto fuerte: retribución. Cubre Euskera. Punto débil: habilidades pedidas: le falta Excel avanzado, Power BI.;Acreditar Excel avanzado: la vacante lo pide y no figura en el CV.;859984ad4520ebcdd0cd73c27c6bb5b8
680;6;142;5;02/08/2026;2;3;2;5;3;3,9;4,0;Media;Punto fuerte: retribución. Cubre Pensamiento crítico, Atención al detalle. Punto débil: encaje con el rol.;Acreditar Excel avanzado: la vacante lo pide y no figura en el CV.;20957a05960764518bb49811dc16a350
681;48;41;5;02/08/2026;2;2;2;5;2;2,8;2,9;Baja;Punto fuerte: retribución. No acredita a buen nivel ninguna de las habilidades pedidas. Punto débil: encaje con el rol.;Acreditar Gestión de proyectos: la vacante lo pide y no figura en el CV.;6be6b4c03c998ee742d555c2c8441002
682;67;144;5;02/08/2026;5;2;4;2;3;3,1;3,3;Media;Punto fuerte: encaje con el rol. No acredita a buen nivel ninguna de las habilidades pedidas. Punto débil: habilidades pedidas: le falta Organización, QuickBooks.;Acreditar Organización: la vacante lo pide y no figura en el CV.;91cd2ac01281f8d5fa469f6015e9a4ab
683;20;173;5;02/08/2026;2;1;4;4;1;2,0;2,3;Baja;Punto fuerte: experiencia. No acredita a buen nivel ninguna de las habilidades pedidas. Punto débil: habilidades pedidas: le falta Negociación, Salesforce.;Acreditar Negociación: la vacante lo pide y no figura en el CV.;d63095188ac78085013df7e2e119a597
684;17;127;5;02/08/2026;3;1;3;5;1;2,7;2,8;Baja;Punto fuerte: retribución. No acredita a buen nivel ninguna de las habilidades pedidas. Punto débil: habilidades pedidas: le falta QuickBooks, Organización.;Acreditar QuickBooks: la vacante lo pide y no figura en el CV.;f3e4a5aecc6a5f944e9ac15302f98862
685;78;83;5;02/08/2026;5;1;5;3;2;3,3;3,1;Media;Punto fuerte: encaje con el rol. No acredita a buen nivel ninguna de las habilidades pedidas. Punto débil: habilidades pedidas: le falta Pensamiento crítico, SAP.;Acreditar Pensamiento crítico: la vacante lo pide y no figura en el CV.;215b534770cb82e308cf143763fa6b20
686;62;36;5;02/08/2026;5;1;3;3;2;3,0;2,8;Media;Punto fuerte: encaje con el rol. No acredita a buen nivel ninguna de las habilidades pedidas. Punto débil: habilidades pedidas: le falta Organización, SAP.;Acreditar Organización: la vacante lo pide y no figura en el CV.;cb24798309bdfcaab479bb037eec32ab
687;75;96;5;02/08/2026;5;1;3;3;2;3,1;3,1;Media;Punto fuerte: encaje con el rol. No acredita a buen nivel ninguna de las habilidades pedidas. Punto débil: habilidades pedidas: le falta SQL, Python.;Acreditar SQL: la vacante lo pide y no figura en el CV.;d30d03d751c3dd67c9e53c2c3fd99212
688;105;144;5;02/08/2026;3;2;3;1;2;2,7;2,5;Baja;Punto fuerte: encaje con el rol. No acredita a buen nivel ninguna de las habilidades pedidas. Punto débil: retribución.;Acreditar Contabilidad: la vacante lo pide y no figura en el CV.;b6452daf8fd3171fbc538805a9f31fb3
689;20;219;5;02/08/2026;5;3;4;5;4;4,3;4,3;Alta;Punto fuerte: encaje con el rol. Cubre AutoCAD, Gestión de proyectos. Punto débil: habilidades pedidas: le falta Resolución de problemas, SAP.;Acreditar Resolución de problemas: la vacante lo pide y no figura en el CV.;d63095188ac78085013df7e2e119a597
690;1;121;5;02/08/2026;2;2;4;4;3;3,4;3,2;Media;Punto fuerte: experiencia. Cubre Organización. Punto débil: encaje con el rol.;Acreditar Microsoft Office: la vacante lo pide y no figura en el CV.;a1bec3d7b0af64b7b136dfd2d05d6fb7
691;73;67;5;02/08/2026;5;2;2;3;3;3,9;4,0;Media;Punto fuerte: encaje con el rol. Cubre Autonomía. Punto débil: habilidades pedidas: le falta Prevención de riesgos, Mecanizado CNC.;Acreditar Prevención de riesgos: la vacante lo pide y no figura en el CV.;c7572b0b01ded11bb39dd474f5304968
692;75;193;5;02/08/2026;2;1;3;5;1;2,5;2,9;Baja;Punto fuerte: retribución. No acredita a buen nivel ninguna de las habilidades pedidas. Punto débil: habilidades pedidas: le falta Atención al cliente, Microsoft Office.;Acreditar Atención al cliente: la vacante lo pide y no figura en el CV.;d30d03d751c3dd67c9e53c2c3fd99212
693;79;121;5;02/08/2026;5;1;1;1;1;2,7;2,5;Baja;Punto fuerte: encaje con el rol. No acredita a buen nivel ninguna de las habilidades pedidas. Punto débil: habilidades pedidas: le falta Microsoft Office, Organización.;Acreditar Microsoft Office: la vacante lo pide y no figura en el CV.;dbc3ae586769d482cb1309411aec185f
694;23;75;5;02/08/2026;2;1;5;2;2;2,4;2,5;Baja;Punto fuerte: experiencia. No acredita a buen nivel ninguna de las habilidades pedidas. Punto débil: habilidades pedidas: le falta Excel avanzado, Organización.;Acreditar Excel avanzado: la vacante lo pide y no figura en el CV.;c69114ac25b163c11e24ee2b45095c2e
695;71;62;5;02/08/2026;5;1;3;3;3;3,6;3,6;Media;Punto fuerte: encaje con el rol. No acredita a buen nivel ninguna de las habilidades pedidas. Punto débil: habilidades pedidas: le falta Odoo, Microsoft Office.;Acreditar Odoo: la vacante lo pide y no figura en el CV.;6384f499504c9afb3e5b3fa9933e517e
696;66;240;5;02/08/2026;2;3;3;5;2;3,4;3,1;Media;Punto fuerte: retribución. Cubre Atención al cliente, Orientación a resultados. Punto débil: encaje con el rol.;Acreditar Salesforce: la vacante lo pide y no figura en el CV.;b2853efa8162d2f61ec7179884b4a842
697;28;71;5;02/08/2026;3;3;2;3;3;3,5;3,7;Media;Punto fuerte: encaje con el rol. Cubre SAP. Punto débil: experiencia.;Acreditar Pensamiento crítico: la vacante lo pide y no figura en el CV.;3d4aa4595655d0cacd2dda308651f1ce
698;100;102;5;02/08/2026;2;2;2;4;3;2,3;2,6;Baja;Punto fuerte: retribución. Cubre SAP. Punto débil: encaje con el rol.;Acreditar Excel avanzado: la vacante lo pide y no figura en el CV.;a55050736976ba738c4e5e8a86c34ed9
699;70;21;5;02/08/2026;2;1;3;1;2;2,0;1,6;Baja;Punto fuerte: experiencia. No acredita a buen nivel ninguna de las habilidades pedidas. Punto débil: habilidades pedidas: le falta Odoo, Microsoft Office.;Acreditar Odoo: la vacante lo pide y no figura en el CV.;f5afac3bc9ed839fa51c0f7d16a6b1f0
700;54;10;5;02/08/2026;4;2;3;5;2;3,3;2,8;Media;Punto fuerte: retribución. Cubre Resolución de problemas. Punto débil: habilidades pedidas: le falta Prevención de riesgos, Mecanizado CNC.;Acreditar Prevención de riesgos: la vacante lo pide y no figura en el CV.;859984ad4520ebcdd0cd73c27c6bb5b8
701;57;11;5;02/08/2026;2;1;3;3;2;3,0;2,8;Media;Punto fuerte: experiencia. No acredita a buen nivel ninguna de las habilidades pedidas. Punto débil: habilidades pedidas: le falta Contabilidad, Organización.;Acreditar Contabilidad: la vacante lo pide y no figura en el CV.;32e0331dbc878ffbd95b2b90ac4d72f2
702;57;45;5;02/08/2026;2;1;2;5;1;2,8;2,7;Baja;Punto fuerte: retribución. No acredita a buen nivel ninguna de las habilidades pedidas. Punto débil: habilidades pedidas: le falta Atención al detalle, AutoCAD.;Acreditar Atención al detalle: la vacante lo pide y no figura en el CV.;32e0331dbc878ffbd95b2b90ac4d72f2
703;93;71;3;02/08/2026;2;2;3;4;2;2,1;2,1;Baja;Revisión manual. Punto fuerte: retribución.;Acreditar Pensamiento crítico: la vacante lo pide y no figura en el CV.;7471a6f385b02e1a4dfb6809e06f286e
704;41;28;5;03/08/2026;2;1;4;1;2;2,8;2,3;Baja;Punto fuerte: experiencia. No acredita a buen nivel ninguna de las habilidades pedidas. Punto débil: habilidades pedidas: le falta Atención al cliente, Francés.;Acreditar Atención al cliente: la vacante lo pide y no figura en el CV.;cf600c52e19afdd30ba63b45cec43695
705;2;59;5;03/08/2026;2;1;3;3;2;1,8;1,7;Baja;Punto fuerte: experiencia. No acredita a buen nivel ninguna de las habilidades pedidas. Punto débil: habilidades pedidas: le falta Excel avanzado, Power BI.;Acreditar Excel avanzado: la vacante lo pide y no figura en el CV.;ff6a94069d1ee9118029d75b03c2d938
706;97;10;5;03/08/2026;2;1;1;3;1;2,3;2,2;Baja;Punto fuerte: retribución. No acredita a buen nivel ninguna de las habilidades pedidas. Punto débil: habilidades pedidas: le falta Resolución de problemas, Prevención de riesgos.;Acreditar Resolución de problemas: la vacante lo pide y no figura en el CV.;d508c96e4333f9d60045fde2eabe6d65
707;44;132;5;03/08/2026;2;1;3;3;2;2,7;2,9;Baja;Punto fuerte: experiencia. No acredita a buen nivel ninguna de las habilidades pedidas. Punto débil: habilidades pedidas: le falta Atención al cliente, Microsoft Office.;Acreditar Atención al cliente: la vacante lo pide y no figura en el CV.;2fd67b166cd5705953353f5169d02f1f
708;27;126;5;03/08/2026;5;4;3;3;4;4,9;4,9;Alta;Punto fuerte: encaje con el rol. Cubre Orientación a resultados, Atención al cliente, Negociación. Punto débil: experiencia.;Pocas mejoras posibles: preparar la entrevista.;a0489a87a3728bb0e3d150e106c9569a
709;53;220;5;03/08/2026;2;3;5;1;3;3,7;3,6;Media;Punto fuerte: experiencia. Cubre Empatía. Punto débil: retribución.;Acreditar Trabajo bajo presión: la vacante lo pide y no figura en el CV.;d7dc5213f05e3731c1548793a9af61e6
710;77;183;5;03/08/2026;4;1;3;5;3;3,9;4,0;Media;Punto fuerte: retribución. Cubre Orientación a resultados. Punto débil: habilidades pedidas: le falta Negociación, Atención al cliente.;Acreditar Negociación: la vacante lo pide y no figura en el CV.;6b2ecdff913c1a67b7a1efcffbace6d8
711;20;106;5;03/08/2026;2;1;5;1;1;2,8;2,9;Baja;Punto fuerte: experiencia. No acredita a buen nivel ninguna de las habilidades pedidas. Punto débil: habilidades pedidas: le falta Soldadura, Prevención de riesgos.;Acreditar Soldadura: la vacante lo pide y no figura en el CV.;d63095188ac78085013df7e2e119a597
712;64;54;5;03/08/2026;5;3;2;3;3;3,9;3,8;Media;Punto fuerte: encaje con el rol. Cubre HubSpot, Creatividad, WordPress. Punto débil: experiencia.;Acreditar Google Analytics: la vacante lo pide y no figura en el CV.;8fcae24fb6920086713d68c73ed9e705
713;8;134;5;03/08/2026;1;2;3;3;2;2,6;2,4;Baja;Punto fuerte: experiencia. No acredita a buen nivel ninguna de las habilidades pedidas. Punto débil: encaje con el rol.;Acreditar Creatividad: la vacante lo pide y no figura en el CV.;9091e8fb9fb54d7ae3978b0e9dfdfd4e
714;71;67;5;03/08/2026;2;1;4;1;2;2,8;3,0;Baja;Punto fuerte: experiencia. No acredita a buen nivel ninguna de las habilidades pedidas. Punto débil: habilidades pedidas: le falta Prevención de riesgos, Mecanizado CNC.;Acreditar Prevención de riesgos: la vacante lo pide y no figura en el CV.;6384f499504c9afb3e5b3fa9933e517e
715;21;3;5;03/08/2026;1;1;1;4;1;1,9;1,8;Baja;Punto fuerte: retribución. No acredita a buen nivel ninguna de las habilidades pedidas. Punto débil: encaje con el rol.;Acreditar Ciberseguridad: la vacante lo pide y no figura en el CV.;e474a22c958190bad25d49ed5c04aaf3
716;83;95;5;03/08/2026;2;1;5;3;2;2,4;2,1;Baja;Punto fuerte: experiencia. No acredita a buen nivel ninguna de las habilidades pedidas. Punto débil: habilidades pedidas: le falta Atención al cliente, Orientación a resultados.;Acreditar Atención al cliente: la vacante lo pide y no figura en el CV.;0da3bf552eaaf1b9ddbdb332ac2cb1a9
717;57;245;5;03/08/2026;4;3;2;5;3;4,2;3,7;Alta;Punto fuerte: retribución. Cubre Resolución de problemas, Gestión de proyectos. Punto débil: experiencia.;Acreditar Excel avanzado: la vacante lo pide y no figura en el CV.;32e0331dbc878ffbd95b2b90ac4d72f2
718;91;230;5;03/08/2026;4;3;3;3;2;3,8;3,7;Media;Punto fuerte: encaje con el rol. Cubre SAP. Punto débil: probabilidad de entrevista.;Acreditar Logística: la vacante lo pide y no figura en el CV.;be9bfff5f85dbd1ee4d9197b95ba39c9
719;54;177;5;03/08/2026;5;1;4;3;3;3,8;3,7;Media;Punto fuerte: encaje con el rol. Cubre Atención al cliente. Punto débil: habilidades pedidas: le falta Odoo, Microsoft Office.;Acreditar Odoo: la vacante lo pide y no figura en el CV.;859984ad4520ebcdd0cd73c27c6bb5b8
720;25;218;5;03/08/2026;2;1;2;1;1;1,7;1,7;Baja;Sin puntos fuertes claros para este puesto. No acredita a buen nivel ninguna de las habilidades pedidas. Punto débil: habilidades pedidas: le falta Trabajo en equipo, Trabajo bajo presión.;Acreditar Trabajo en equipo: la vacante lo pide y no figura en el CV.;38357ca63edb529b559f755942888aca
721;24;174;5;03/08/2026;5;2;5;5;3;4,3;4,1;Alta;Punto fuerte: encaje con el rol. Cubre Negociación. Punto débil: habilidades pedidas: le falta Empatía, Microsoft Office.;Acreditar Empatía: la vacante lo pide y no figura en el CV.;1aeb058baac2bcc159a5b57e54fefa31
722;100;75;5;03/08/2026;4;1;2;1;2;2,9;2,6;Baja;Punto fuerte: encaje con el rol. No acredita a buen nivel ninguna de las habilidades pedidas. Punto débil: habilidades pedidas: le falta Excel avanzado, Organización.;Acreditar Excel avanzado: la vacante lo pide y no figura en el CV.;a55050736976ba738c4e5e8a86c34ed9
723;6;14;5;03/08/2026;4;3;4;3;3;4,4;4,2;Alta;Punto fuerte: encaje con el rol. Cubre Pensamiento crítico, Atención al detalle, Análisis estadístico. Punto débil: habilidades pedidas: le falta Inglés.;Acreditar Inglés: la vacante lo pide y no figura en el CV.;20957a05960764518bb49811dc16a350
724;26;102;5;03/08/2026;5;3;1;3;3;3,8;3,5;Media;Punto fuerte: encaje con el rol. Cubre Gestión de proyectos, SAP. Punto débil: experiencia.;Acreditar Excel avanzado: la vacante lo pide y no figura en el CV.;e18d57d93e73503c7ab01f43e67c99b0
725;20;218;5;03/08/2026;1;3;5;1;3;3,0;3,2;Media;Punto fuerte: experiencia. Cubre Trabajo bajo presión. Punto débil: encaje con el rol.;Acreditar Trabajo en equipo: la vacante lo pide y no figura en el CV.;d63095188ac78085013df7e2e119a597
726;72;151;5;03/08/2026;1;1;5;5;3;3,2;3,1;Media;Punto fuerte: experiencia. No acredita a buen nivel ninguna de las habilidades pedidas. Punto débil: encaje con el rol.;Acreditar Creatividad: la vacante lo pide y no figura en el CV.;00c6ea09b3c021f3b117297451d698eb
727;63;198;5;03/08/2026;5;1;4;3;3;3,5;3,3;Media;Punto fuerte: encaje con el rol. No acredita a buen nivel ninguna de las habilidades pedidas. Punto débil: habilidades pedidas: le falta Ciberseguridad, Docker.;Acreditar Ciberseguridad: la vacante lo pide y no figura en el CV.;a76d2d2fdfe4ab06c79ecacf09618e66
728;59;211;5;03/08/2026;2;1;2;3;3;2,5;2,3;Baja;Punto fuerte: retribución. No acredita a buen nivel ninguna de las habilidades pedidas. Punto débil: habilidades pedidas: le falta Diseño gráfico, Atención al detalle.;Acreditar Diseño gráfico: la vacante lo pide y no figura en el CV.;76c5a1f362a8c28dc86ec1e008398a92
729;104;64;5;03/08/2026;5;2;5;1;3;3,7;3,7;Media;Punto fuerte: encaje con el rol. Cubre Organización, Euskera. Punto débil: retribución.;Acreditar Atención al cliente: la vacante lo pide y no figura en el CV.;83784fb75cfd6f0b3f6f78ed66c29913
730;53;242;5;03/08/2026;2;2;5;3;3;3,3;3,2;Media;Punto fuerte: experiencia. Cubre Negociación. Punto débil: encaje con el rol.;Acreditar Pensamiento crítico: la vacante lo pide y no figura en el CV.;d7dc5213f05e3731c1548793a9af61e6
731;13;182;5;03/08/2026;2;2;1;3;2;2,5;2,6;Baja;Punto fuerte: retribución. Cubre Inglés, Euskera. Punto débil: experiencia.;Acreditar Análisis estadístico: la vacante lo pide y no figura en el CV.;378db114d70b4e32b39eb03832f54cb8
732;98;238;5;03/08/2026;4;2;3;1;3;3,2;3,2;Media;Punto fuerte: encaje con el rol. Cubre Vocación de servicio. Punto débil: retribución.;Acreditar Atención al cliente: la vacante lo pide y no figura en el CV.;c5c761f89bb823c2eba5d9fb3bd0a14d
733;20;104;5;03/08/2026;5;2;4;5;2;3,8;3,7;Media;Punto fuerte: encaje con el rol. No acredita a buen nivel ninguna de las habilidades pedidas. Punto débil: habilidades pedidas: le falta Excel avanzado, Análisis estadístico.;Acreditar Excel avanzado: la vacante lo pide y no figura en el CV.;d63095188ac78085013df7e2e119a597
734;86;92;5;03/08/2026;5;3;3;3;4;5,0;4,9;Alta;Punto fuerte: encaje con el rol. Cubre Creatividad, Empatía. Punto débil: habilidades pedidas: le falta Comunicación.;Acreditar Comunicación: la vacante lo pide y no figura en el CV.;82e41edab78b099f53a87437726ed822
735;103;9;5;03/08/2026;2;2;2;3;2;2,4;2,1;Baja;Punto fuerte: retribución. No acredita a buen nivel ninguna de las habilidades pedidas. Punto débil: encaje con el rol.;Acreditar Atención al cliente: la vacante lo pide y no figura en el CV.;37af7efae85839558568edaf5c1584f8
736;77;96;5;03/08/2026;2;2;2;2;1;2,9;3,1;Baja;Sin puntos fuertes claros para este puesto. Cubre Euskera. Punto débil: probabilidad de entrevista.;Acreditar SQL: la vacante lo pide y no figura en el CV.;6b2ecdff913c1a67b7a1efcffbace6d8
737;7;130;5;03/08/2026;2;1;4;5;3;2,9;3,0;Baja;Punto fuerte: retribución. No acredita a buen nivel ninguna de las habilidades pedidas. Punto débil: habilidades pedidas: le falta Redes, Docker.;Acreditar Redes: la vacante lo pide y no figura en el CV.;383eaa5c29506016b589f75b32306891
738;72;149;5;03/08/2026;3;1;5;4;2;3,0;3,1;Media;Punto fuerte: experiencia. No acredita a buen nivel ninguna de las habilidades pedidas. Punto débil: habilidades pedidas: le falta Creatividad, Figma.;Acreditar Creatividad: la vacante lo pide y no figura en el CV.;00c6ea09b3c021f3b117297451d698eb
739;109;237;5;03/08/2026;4;4;5;1;4;4,1;3,6;Alta;Punto fuerte: experiencia. Cubre Euskera, Atención al cliente. Punto débil: retribución.;Acreditar Trabajo bajo presión: la vacante lo pide y no figura en el CV.;8c05856918be966f9ef0b4acf5cb8f27
740;36;15;5;03/08/2026;2;1;4;2;2;2,6;2,7;Baja;Punto fuerte: experiencia. No acredita a buen nivel ninguna de las habilidades pedidas. Punto débil: habilidades pedidas: le falta Microsoft Office, Francés.;Acreditar Microsoft Office: la vacante lo pide y no figura en el CV.;a9c8adea270d72c098cdcfc98cec0a24
741;28;218;5;03/08/2026;2;2;4;2;2;3,0;3,3;Media;Punto fuerte: experiencia. Cubre Trabajo en equipo. Punto débil: encaje con el rol.;Acreditar Trabajo bajo presión: la vacante lo pide y no figura en el CV.;3d4aa4595655d0cacd2dda308651f1ce
742;81;79;5;03/08/2026;2;1;2;1;1;2,0;2,0;Baja;Sin puntos fuertes claros para este puesto. Cubre Excel avanzado. Punto débil: habilidades pedidas: le falta Contabilidad, QuickBooks.;Acreditar Contabilidad: la vacante lo pide y no figura en el CV.;11bbeacc030854ec0ebf30b0b36ff61f
743;107;21;5;03/08/2026;3;1;4;2;2;2,7;2,6;Baja;Punto fuerte: experiencia. No acredita a buen nivel ninguna de las habilidades pedidas. Punto débil: habilidades pedidas: le falta Odoo, Microsoft Office.;Acreditar Odoo: la vacante lo pide y no figura en el CV.;018a507c8bc3280d933488b584add926
744;103;63;5;03/08/2026;2;1;4;2;1;2,3;2,5;Baja;Punto fuerte: experiencia. No acredita a buen nivel ninguna de las habilidades pedidas. Punto débil: habilidades pedidas: le falta Atención al cliente, Odoo.;Acreditar Atención al cliente: la vacante lo pide y no figura en el CV.;37af7efae85839558568edaf5c1584f8
745;51;149;5;03/08/2026;5;3;3;3;4;4,1;3,8;Alta;Punto fuerte: encaje con el rol. Cubre Figma. Punto débil: habilidades pedidas: le falta Empatía.;Acreditar Empatía: la vacante lo pide y no figura en el CV.;09d8964fac3b34e828c77f23f93ac102
746;64;160;5;03/08/2026;5;3;2;2;3;3,7;3,3;Media;Punto fuerte: encaje con el rol. Cubre WordPress, HubSpot, Creatividad. Punto débil: experiencia.;Acreditar Google Analytics: la vacante lo pide y no figura en el CV.;8fcae24fb6920086713d68c73ed9e705
747;102;44;5;03/08/2026;5;3;4;5;4;4,6;4,6;Alta;Punto fuerte: encaje con el rol. Cubre Google Analytics, Creatividad, WordPress. Punto débil: habilidades pedidas.;Pocas mejoras posibles: preparar la entrevista.;025b3b4f122944277d4e5de5758fb6c9
748;14;113;5;03/08/2026;4;1;3;5;2;3,4;3,1;Media;Punto fuerte: retribución. No acredita a buen nivel ninguna de las habilidades pedidas. Punto débil: habilidades pedidas: le falta Análisis estadístico, SQL.;Acreditar Análisis estadístico: la vacante lo pide y no figura en el CV.;885480c884ed8190dc3fb64ffb791b29
749;6;156;5;03/08/2026;2;1;5;3;3;2,5;2,7;Baja;Punto fuerte: experiencia. No acredita a buen nivel ninguna de las habilidades pedidas. Punto débil: habilidades pedidas: le falta Negociación, Atención al cliente.;Acreditar Negociación: la vacante lo pide y no figura en el CV.;20957a05960764518bb49811dc16a350
750;11;144;5;03/08/2026;2;1;3;1;2;2,4;2,0;Baja;Punto fuerte: experiencia. No acredita a buen nivel ninguna de las habilidades pedidas. Punto débil: habilidades pedidas: le falta Contabilidad, Organización.;Acreditar Contabilidad: la vacante lo pide y no figura en el CV.;3b883509efc39b7f91f118ac94557999
751;44;132;4;03/08/2026;2;1;4;3;3;2,6;2,6;Baja;Revisión manual. Punto fuerte: experiencia.;Acreditar Atención al cliente: la vacante lo pide y no figura en el CV.;2fd67b166cd5705953353f5169d02f1f
752;78;160;4;03/08/2026;2;1;4;5;2;3,3;3,3;Media;Revisión manual. Punto fuerte: retribución.;Acreditar Google Analytics: la vacante lo pide y no figura en el CV.;215b534770cb82e308cf143763fa6b20
753;30;190;3;03/08/2026;1;1;2;3;1;2,0;2,0;Baja;Revisión manual. Punto fuerte: retribución.;Acreditar Odoo: la vacante lo pide y no figura en el CV.;fdb15b3bc12281881d7d7b584622407a
754;96;34;5;04/08/2026;2;1;4;4;2;2,4;2,8;Baja;Punto fuerte: experiencia. No acredita a buen nivel ninguna de las habilidades pedidas. Punto débil: habilidades pedidas: le falta Trabajo bajo presión, Organización.;Acreditar Trabajo bajo presión: la vacante lo pide y no figura en el CV.;4186f381102a944447440cf53f150937
755;96;242;5;04/08/2026;2;2;3;3;2;3,0;3,4;Media;Punto fuerte: experiencia. Cubre Comunicación. Punto débil: encaje con el rol.;Acreditar Pensamiento crítico: la vacante lo pide y no figura en el CV.;4186f381102a944447440cf53f150937
756;102;199;5;04/08/2026;2;1;4;5;2;2,5;2,8;Baja;Punto fuerte: retribución. No acredita a buen nivel ninguna de las habilidades pedidas. Punto débil: habilidades pedidas: le falta Análisis estadístico, Pensamiento crítico.;Acreditar Análisis estadístico: la vacante lo pide y no figura en el CV.;025b3b4f122944277d4e5de5758fb6c9
757;33;67;5;04/08/2026;2;1;5;1;2;2,5;2,4;Baja;Punto fuerte: experiencia. No acredita a buen nivel ninguna de las habilidades pedidas. Punto débil: habilidades pedidas: le falta Prevención de riesgos, Mecanizado CNC.;Acreditar Prevención de riesgos: la vacante lo pide y no figura en el CV.;f56a53d6d06a56c7dbc5480afd08848d
758;10;213;5;04/08/2026;3;1;5;3;3;3,1;3,2;Media;Punto fuerte: experiencia. No acredita a buen nivel ninguna de las habilidades pedidas. Punto débil: habilidades pedidas: le falta Trabajo bajo presión, Creatividad.;Acreditar Trabajo bajo presión: la vacante lo pide y no figura en el CV.;5dc3326fef2f12734c32694a65dda3fb
759;97;217;5;04/08/2026;5;3;3;3;4;3,8;4,2;Media;Punto fuerte: encaje con el rol. Cubre Microsoft Office, Odoo. Punto débil: habilidades pedidas: le falta Atención al cliente, Organización.;Acreditar Atención al cliente: la vacante lo pide y no figura en el CV.;d508c96e4333f9d60045fde2eabe6d65
760;1;211;5;04/08/2026;2;1;3;5;1;2,5;2,5;Baja;Punto fuerte: retribución. No acredita a buen nivel ninguna de las habilidades pedidas. Punto débil: habilidades pedidas: le falta Diseño gráfico, Atención al detalle.;Acreditar Diseño gráfico: la vacante lo pide y no figura en el CV.;a1bec3d7b0af64b7b136dfd2d05d6fb7
761;101;220;5;04/08/2026;2;1;4;1;3;2,5;2,2;Baja;Punto fuerte: experiencia. Cubre Euskera. Punto débil: habilidades pedidas: le falta Empatía, Trabajo bajo presión.;Acreditar Empatía: la vacante lo pide y no figura en el CV.;502bd7fd3adf67816abdca47dfd1122c
762;41;74;5;04/08/2026;5;4;4;3;5;5,0;4,9;Alta;Punto fuerte: encaje con el rol. Cubre Atención al detalle, AutoCAD. Punto débil: retribución.;Acreditar Diseño gráfico: la vacante lo pide y no figura en el CV.;cf600c52e19afdd30ba63b45cec43695
763;12;59;5;04/08/2026;2;2;1;5;1;2,5;2,1;Baja;Punto fuerte: retribución. No acredita a buen nivel ninguna de las habilidades pedidas. Punto débil: experiencia.;Acreditar Excel avanzado: la vacante lo pide y no figura en el CV.;71000804a77686a1db7205c014abe342
764;94;198;5;04/08/2026;2;1;5;3;2;2,5;2,6;Baja;Punto fuerte: experiencia. No acredita a buen nivel ninguna de las habilidades pedidas. Punto débil: habilidades pedidas: le falta Ciberseguridad, Docker.;Acreditar Ciberseguridad: la vacante lo pide y no figura en el CV.;425d41c7203a2767e3c70d2be9eb4c5e
765;25;63;5;04/08/2026;5;2;2;1;2;3,1;3,1;Media;Punto fuerte: encaje con el rol. Cubre Atención al cliente, Odoo. Punto débil: retribución.;Acreditar Organización: la vacante lo pide y no figura en el CV.;38357ca63edb529b559f755942888aca
766;49;70;5;04/08/2026;3;1;5;1;2;2,7;2,7;Baja;Punto fuerte: experiencia. No acredita a buen nivel ninguna de las habilidades pedidas. Punto débil: habilidades pedidas: le falta WordPress, HubSpot.;Acreditar WordPress: la vacante lo pide y no figura en el CV.;0ffba22ba3e4f470126a6a7993f8732a
767;102;70;5;04/08/2026;5;3;5;1;4;4,4;4,1;Alta;Punto fuerte: encaje con el rol. Cubre WordPress, Google Analytics. Punto débil: retribución.;Acreditar HubSpot: la vacante lo pide y no figura en el CV.;025b3b4f122944277d4e5de5758fb6c9
768;47;195;5;04/08/2026;5;3;5;3;4;4,2;3,9;Alta;Punto fuerte: encaje con el rol. Cubre Salesforce. Punto débil: habilidades pedidas: le falta Atención al cliente, Negociación.;Acreditar Atención al cliente: la vacante lo pide y no figura en el CV.;632cb7af436fcdef206636840f9bd3e9
769;73;178;5;04/08/2026;2;1;2;3;1;2,4;2,7;Baja;Punto fuerte: retribución. No acredita a buen nivel ninguna de las habilidades pedidas. Punto débil: habilidades pedidas: le falta Negociación, Salesforce.;Acreditar Negociación: la vacante lo pide y no figura en el CV.;c7572b0b01ded11bb39dd474f5304968
770;42;62;5;04/08/2026;4;1;5;3;3;3,3;2,7;Media;Punto fuerte: experiencia. No acredita a buen nivel ninguna de las habilidades pedidas. Punto débil: habilidades pedidas: le falta Odoo, Microsoft Office.;Acreditar Odoo: la vacante lo pide y no figura en el CV.;7a6776a88d11967e775be432e4a0aef0
771;62;86;5;04/08/2026;3;2;4;2;3;3,5;3,6;Media;Punto fuerte: experiencia. Cubre Atención al cliente, Euskera. Punto débil: habilidades pedidas: le falta Trabajo bajo presión, Empatía.;Acreditar Trabajo bajo presión: la vacante lo pide y no figura en el CV.;cb24798309bdfcaab479bb037eec32ab
772;108;117;5;04/08/2026;4;2;4;2;3;3,9;3,6;Media;Punto fuerte: encaje con el rol. Cubre Atención al cliente. Punto débil: habilidades pedidas: le falta Negociación, Salesforce.;Acreditar Negociación: la vacante lo pide y no figura en el CV.;d8dfe0f83e95120fd39310c95ef282a9
773;96;40;5;04/08/2026;2;1;5;3;2;2,5;2,0;Baja;Punto fuerte: experiencia. No acredita a buen nivel ninguna de las habilidades pedidas. Punto débil: habilidades pedidas: le falta Francés, Microsoft Office.;Acreditar Francés: la vacante lo pide y no figura en el CV.;4186f381102a944447440cf53f150937
774;14;160;5;04/08/2026;2;1;4;5;1;2,7;2,6;Baja;Punto fuerte: retribución. No acredita a buen nivel ninguna de las habilidades pedidas. Punto débil: habilidades pedidas: le falta WordPress, Google Analytics.;Acreditar WordPress: la vacante lo pide y no figura en el CV.;885480c884ed8190dc3fb64ffb791b29
775;104;192;5;04/08/2026;5;2;4;3;4;4,1;4,1;Alta;Punto fuerte: encaje con el rol. Cubre Organización. Punto débil: habilidades pedidas: le falta Odoo, Atención al cliente.;Acreditar Odoo: la vacante lo pide y no figura en el CV.;83784fb75cfd6f0b3f6f78ed66c29913
776;39;132;5;04/08/2026;2;1;2;3;2;2,7;2,8;Baja;Punto fuerte: retribución. No acredita a buen nivel ninguna de las habilidades pedidas. Punto débil: habilidades pedidas: le falta Atención al cliente, Microsoft Office.;Acreditar Atención al cliente: la vacante lo pide y no figura en el CV.;d866939a94fc049e27104c52373baea1
777;39;103;5;04/08/2026;3;1;2;3;2;2,9;3,2;Baja;Punto fuerte: encaje con el rol. Cubre SAP. Punto débil: habilidades pedidas: le falta Trabajo en equipo, Logística.;Acreditar Trabajo en equipo: la vacante lo pide y no figura en el CV.;d866939a94fc049e27104c52373baea1
778;24;92;5;04/08/2026;5;3;5;1;4;4,3;4,5;Alta;Punto fuerte: encaje con el rol. Cubre Creatividad. Punto débil: retribución.;Acreditar Empatía: la vacante lo pide y no figura en el CV.;1aeb058baac2bcc159a5b57e54fefa31
779;11;53;5;04/08/2026;2;1;1;4;1;2,1;1,9;Baja;Punto fuerte: retribución. No acredita a buen nivel ninguna de las habilidades pedidas. Punto débil: habilidades pedidas: le falta Atención al cliente, Odoo.;Acreditar Atención al cliente: la vacante lo pide y no figura en el CV.;3b883509efc39b7f91f118ac94557999
780;106;77;5;04/08/2026;2;1;4;2;2;2,8;3,4;Baja;Punto fuerte: experiencia. No acredita a buen nivel ninguna de las habilidades pedidas. Punto débil: habilidades pedidas: le falta HubSpot, Google Analytics.;Acreditar HubSpot: la vacante lo pide y no figura en el CV.;1d34b2b4a5c33959f0ee775925dcb0e2
781;42;242;5;04/08/2026;1;1;3;3;2;2,3;2,6;Baja;Punto fuerte: experiencia. No acredita a buen nivel ninguna de las habilidades pedidas. Punto débil: encaje con el rol.;Acreditar Pensamiento crítico: la vacante lo pide y no figura en el CV.;7a6776a88d11967e775be432e4a0aef0
782;8;230;5;04/08/2026;1;1;2;1;1;1,2;1,2;Baja;Sin puntos fuertes claros para este puesto. No acredita a buen nivel ninguna de las habilidades pedidas. Punto débil: encaje con el rol.;Acreditar SAP: la vacante lo pide y no figura en el CV.;9091e8fb9fb54d7ae3978b0e9dfdfd4e
783;35;100;5;04/08/2026;3;3;3;1;3;3,2;2,9;Media;Punto fuerte: encaje con el rol. Cubre Atención al cliente. Punto débil: retribución.;Acreditar Microsoft Office: la vacante lo pide y no figura en el CV.;2ec93fe739d638737d2fb11b7af497bb
784;67;95;5;04/08/2026;2;1;5;3;2;2,7;2,6;Baja;Punto fuerte: experiencia. No acredita a buen nivel ninguna de las habilidades pedidas. Punto débil: habilidades pedidas: le falta Atención al cliente, Orientación a resultados.;Acreditar Atención al cliente: la vacante lo pide y no figura en el CV.;91cd2ac01281f8d5fa469f6015e9a4ab
785;60;86;5;04/08/2026;2;3;2;5;3;3,5;3,7;Media;Punto fuerte: retribución. Cubre Empatía, Euskera. Punto débil: encaje con el rol.;Acreditar Trabajo bajo presión: la vacante lo pide y no figura en el CV.;7fb8cfa04fabdd00e9a549148bd60e44
786;61;6;5;04/08/2026;1;2;3;5;2;2,8;3,1;Baja;Punto fuerte: retribución. Cubre Empatía. Punto débil: encaje con el rol.;Acreditar Creatividad: la vacante lo pide y no figura en el CV.;d7a2a9311dd06523dd3279716cd6f7c7
787;31;11;4;04/08/2026;5;2;3;3;3;4,0;4,0;Alta;Revisión manual. Punto fuerte: encaje con el rol.;Acreditar Contabilidad: la vacante lo pide y no figura en el CV.;f5bdd3f0eb3dad01d633b74b369c9125
788;84;57;5;05/08/2026;2;3;2;3;2;3,0;3,0;Media;Punto fuerte: habilidades pedidas (Negociación, Euskera). Cubre Negociación, Euskera. Punto débil: encaje con el rol.;Acreditar Orientación a resultados: la vacante lo pide y no figura en el CV.;0831ec1ffe1f6dbf748301b6844105b2
789;103;160;5;05/08/2026;3;1;3;3;1;2,7;2,6;Baja;Punto fuerte: encaje con el rol. No acredita a buen nivel ninguna de las habilidades pedidas. Punto débil: habilidades pedidas: le falta WordPress, Google Analytics.;Acreditar WordPress: la vacante lo pide y no figura en el CV.;37af7efae85839558568edaf5c1584f8
790;98;129;5;05/08/2026;5;2;4;3;4;4,0;3,9;Alta;Punto fuerte: encaje con el rol. No acredita a buen nivel ninguna de las habilidades pedidas. Punto débil: habilidades pedidas: le falta Salesforce, Negociación.;Acreditar Salesforce: la vacante lo pide y no figura en el CV.;c5c761f89bb823c2eba5d9fb3bd0a14d
791;64;103;5;05/08/2026;1;1;3;4;1;2,8;2,8;Baja;Punto fuerte: retribución. No acredita a buen nivel ninguna de las habilidades pedidas. Punto débil: encaje con el rol.;Acreditar Trabajo en equipo: la vacante lo pide y no figura en el CV.;8fcae24fb6920086713d68c73ed9e705
792;36;176;5;05/08/2026;2;1;4;1;2;2,4;2,3;Baja;Punto fuerte: experiencia. No acredita a buen nivel ninguna de las habilidades pedidas. Punto débil: habilidades pedidas: le falta Euskera, Atención al cliente.;Acreditar Euskera: la vacante lo pide y no figura en el CV.;a9c8adea270d72c098cdcfc98cec0a24
793;24;141;5;05/08/2026;2;1;5;3;2;2,8;2,3;Baja;Punto fuerte: experiencia. Cubre Inglés. Punto débil: habilidades pedidas: le falta Microsoft Office, Atención al cliente.;Acreditar Microsoft Office: la vacante lo pide y no figura en el CV.;1aeb058baac2bcc159a5b57e54fefa31
794;1;178;5;05/08/2026;3;1;1;5;1;2,1;2,1;Baja;Punto fuerte: retribución. No acredita a buen nivel ninguna de las habilidades pedidas. Punto débil: habilidades pedidas: le falta Negociación, Salesforce.;Acreditar Negociación: la vacante lo pide y no figura en el CV.;a1bec3d7b0af64b7b136dfd2d05d6fb7
795;20;134;5;05/08/2026;1;1;5;3;2;2,1;2,0;Baja;Punto fuerte: experiencia. No acredita a buen nivel ninguna de las habilidades pedidas. Punto débil: encaje con el rol.;Acreditar Creatividad: la vacante lo pide y no figura en el CV.;d63095188ac78085013df7e2e119a597
796;92;242;5;05/08/2026;3;1;3;4;2;2,6;2,3;Baja;Punto fuerte: retribución. Cubre Inglés. Punto débil: habilidades pedidas: le falta Pensamiento crítico, Comunicación.;Acreditar Pensamiento crítico: la vacante lo pide y no figura en el CV.;507bc7580a51d87e07b5c014e3951fd6
797;67;81;5;05/08/2026;2;2;4;4;3;3,0;2,9;Media;Punto fuerte: experiencia. Cubre Pensamiento crítico. Punto débil: encaje con el rol.;Acreditar SAP: la vacante lo pide y no figura en el CV.;91cd2ac01281f8d5fa469f6015e9a4ab
798;84;130;5;05/08/2026;4;2;2;3;2;2,8;2,7;Baja;Punto fuerte: encaje con el rol. Cubre Redes. Punto débil: habilidades pedidas: le falta Docker, Ciberseguridad.;Acreditar Docker: la vacante lo pide y no figura en el CV.;0831ec1ffe1f6dbf748301b6844105b2
799;5;103;5;05/08/2026;3;2;5;3;3;3,7;3,9;Media;Punto fuerte: experiencia. No acredita a buen nivel ninguna de las habilidades pedidas. Punto débil: habilidades pedidas: le falta Trabajo en equipo, Logística.;Acreditar Trabajo en equipo: la vacante lo pide y no figura en el CV.;f894e1db4345616d702c24ded0c3174b
800;55;210;5;05/08/2026;2;1;3;3;2;2,6;2,8;Baja;Punto fuerte: experiencia. No acredita a buen nivel ninguna de las habilidades pedidas. Punto débil: habilidades pedidas: le falta Atención al detalle, AutoCAD.;Acreditar Atención al detalle: la vacante lo pide y no figura en el CV.;bdc486f200cf51150a14741a79615248
801;101;156;5;05/08/2026;3;2;3;3;3;3,1;3,2;Media;Punto fuerte: encaje con el rol. Cubre Negociación. Punto débil: habilidades pedidas: le falta Atención al cliente, Salesforce.;Acreditar Atención al cliente: la vacante lo pide y no figura en el CV.;502bd7fd3adf67816abdca47dfd1122c
802;95;52;5;05/08/2026;3;3;3;5;4;4,2;4,2;Alta;Punto fuerte: retribución. Cubre Atención al cliente. Punto débil: encaje con el rol.;Acreditar Francés: la vacante lo pide y no figura en el CV.;38ec8d05ee004f3d9735664e439808c9
803;27;174;5;05/08/2026;1;2;1;3;1;2,5;2,3;Baja;Punto fuerte: retribución. Cubre Negociación. Punto débil: encaje con el rol.;Acreditar Empatía: la vacante lo pide y no figura en el CV.;a0489a87a3728bb0e3d150e106c9569a
804;42;93;5;05/08/2026;4;1;3;3;2;3,5;3,1;Media;Punto fuerte: encaje con el rol. No acredita a buen nivel ninguna de las habilidades pedidas. Punto débil: habilidades pedidas: le falta Atención al cliente, Francés.;Acreditar Atención al cliente: la vacante lo pide y no figura en el CV.;7a6776a88d11967e775be432e4a0aef0
805;102;63;5;05/08/2026;2;2;4;1;2;2,9;3,0;Baja;Punto fuerte: experiencia. Cubre Euskera. Punto débil: retribución.;Acreditar Atención al cliente: la vacante lo pide y no figura en el CV.;025b3b4f122944277d4e5de5758fb6c9
806;35;156;5;05/08/2026;4;2;3;3;2;3,0;2,8;Media;Punto fuerte: encaje con el rol. Cubre Atención al cliente. Punto débil: habilidades pedidas: le falta Negociación, Salesforce.;Acreditar Negociación: la vacante lo pide y no figura en el CV.;2ec93fe739d638737d2fb11b7af497bb
807;75;91;5;05/08/2026;2;1;5;3;2;2,8;2,5;Baja;Punto fuerte: experiencia. No acredita a buen nivel ninguna de las habilidades pedidas. Punto débil: habilidades pedidas: le falta Atención al cliente, Orientación a resultados.;Acreditar Atención al cliente: la vacante lo pide y no figura en el CV.;d30d03d751c3dd67c9e53c2c3fd99212
808;88;220;5;05/08/2026;3;2;5;3;3;3,7;3,7;Media;Punto fuerte: experiencia. Cubre Euskera. Punto débil: habilidades pedidas: le falta Empatía, Trabajo bajo presión.;Acreditar Empatía: la vacante lo pide y no figura en el CV.;003d3d1722fa228dec7454b99b38765f
809;62;62;5;05/08/2026;5;2;5;3;4;4,4;4,2;Alta;Punto fuerte: encaje con el rol. Cubre Microsoft Office, Atención al cliente. Punto débil: habilidades pedidas: le falta Odoo, Organización.;Acreditar Odoo: la vacante lo pide y no figura en el CV.;cb24798309bdfcaab479bb037eec32ab
810;93;176;5;05/08/2026;4;3;4;2;4;4,2;3,7;Alta;Punto fuerte: encaje con el rol. Cubre Euskera. Punto débil: retribución.;Acreditar Inglés: la vacante lo pide y no figura en el CV.;7471a6f385b02e1a4dfb6809e06f286e
811;45;136;5;05/08/2026;2;1;3;3;1;2,4;2,4;Baja;Punto fuerte: experiencia. No acredita a buen nivel ninguna de las habilidades pedidas. Punto débil: habilidades pedidas: le falta Figma, Photoshop.;Acreditar Figma: la vacante lo pide y no figura en el CV.;79696bcf14d19d8cc255fccfe9b7752e
812;92;235;5;05/08/2026;2;1;3;3;3;2,5;2,4;Baja;Punto fuerte: experiencia. No acredita a buen nivel ninguna de las habilidades pedidas. Punto débil: habilidades pedidas: le falta Vocación de servicio, Trabajo en equipo.;Acreditar Vocación de servicio: la vacante lo pide y no figura en el CV.;507bc7580a51d87e07b5c014e3951fd6
813;55;218;5;05/08/2026;5;2;4;1;3;3,6;3,4;Media;Punto fuerte: encaje con el rol. Cubre Prevención de riesgos. Punto débil: retribución.;Acreditar Trabajo en equipo: la vacante lo pide y no figura en el CV.;bdc486f200cf51150a14741a79615248
814;78;191;5;05/08/2026;4;1;3;5;3;3,6;3,5;Media;Punto fuerte: retribución. No acredita a buen nivel ninguna de las habilidades pedidas. Punto débil: habilidades pedidas: le falta Excel avanzado, Pensamiento crítico.;Acreditar Excel avanzado: la vacante lo pide y no figura en el CV.;215b534770cb82e308cf143763fa6b20
815;43;148;5;05/08/2026;2;1;2;4;1;2,7;3,1;Baja;Punto fuerte: retribución. No acredita a buen nivel ninguna de las habilidades pedidas. Punto débil: habilidades pedidas: le falta Logística, Trabajo en equipo.;Acreditar Logística: la vacante lo pide y no figura en el CV.;9defc6717147945ac3ef5433653b5bd3
816;81;96;5;05/08/2026;5;1;3;1;3;3,6;3,3;Media;Punto fuerte: encaje con el rol. No acredita a buen nivel ninguna de las habilidades pedidas. Punto débil: habilidades pedidas: le falta SQL, Python.;Acreditar SQL: la vacante lo pide y no figura en el CV.;11bbeacc030854ec0ebf30b0b36ff61f
817;56;1;5;05/08/2026;4;4;5;1;5;4,4;4,3;Alta;Punto fuerte: experiencia. Cubre AutoCAD, Gestión de proyectos, Negociación. Punto débil: retribución.;La retribución queda por debajo de su mínimo: solo compensa si prioriza la experiencia.;29f6492552b6da6c91a1e236597abf82
818;19;77;5;05/08/2026;2;1;2;1;1;1,9;2,2;Baja;Sin puntos fuertes claros para este puesto. No acredita a buen nivel ninguna de las habilidades pedidas. Punto débil: habilidades pedidas: le falta HubSpot, Google Analytics.;Acreditar HubSpot: la vacante lo pide y no figura en el CV.;07de0c3b759cac6c75f836ee50a4ea34
819;107;110;5;05/08/2026;3;3;2;3;3;3,7;3,7;Media;Punto fuerte: encaje con el rol. Cubre Inglés, Euskera. Punto débil: experiencia.;Acreditar Microsoft Office: la vacante lo pide y no figura en el CV.;018a507c8bc3280d933488b584add926
820;57;46;5;05/08/2026;3;1;3;5;2;3,2;3,4;Media;Punto fuerte: retribución. No acredita a buen nivel ninguna de las habilidades pedidas. Punto débil: habilidades pedidas: le falta Comunicación, Empatía.;Acreditar Comunicación: la vacante lo pide y no figura en el CV.;32e0331dbc878ffbd95b2b90ac4d72f2
821;57;113;5;05/08/2026;5;2;1;5;2;4,3;4,1;Alta;Punto fuerte: encaje con el rol. Cubre Python. Punto débil: experiencia.;Acreditar Análisis estadístico: la vacante lo pide y no figura en el CV.;32e0331dbc878ffbd95b2b90ac4d72f2
822;13;240;5;05/08/2026;5;3;1;3;3;3,7;3,7;Media;Punto fuerte: encaje con el rol. Cubre Atención al cliente, Orientación a resultados. Punto débil: experiencia.;Acreditar Salesforce: la vacante lo pide y no figura en el CV.;378db114d70b4e32b39eb03832f54cb8
823;104;234;5;05/08/2026;4;2;3;2;3;3,4;3,1;Media;Punto fuerte: encaje con el rol. Cubre Autonomía. Punto débil: habilidades pedidas: le falta Mecanizado CNC, Prevención de riesgos.;Acreditar Mecanizado CNC: la vacante lo pide y no figura en el CV.;83784fb75cfd6f0b3f6f78ed66c29913
824;51;57;5;05/08/2026;5;2;2;3;2;3,1;2,8;Media;Punto fuerte: encaje con el rol. Cubre Euskera. Punto débil: habilidades pedidas: le falta Orientación a resultados, Atención al cliente.;Acreditar Orientación a resultados: la vacante lo pide y no figura en el CV.;09d8964fac3b34e828c77f23f93ac102
825;52;110;5;05/08/2026;2;2;3;3;2;2,8;2,9;Baja;Punto fuerte: experiencia. Cubre Inglés, Euskera. Punto débil: encaje con el rol.;Acreditar Microsoft Office: la vacante lo pide y no figura en el CV.;9c968e3db36d38047984c27ed0614858
826;32;229;5;05/08/2026;2;1;5;3;2;3,1;3,4;Media;Punto fuerte: experiencia. Cubre Pensamiento crítico. Punto débil: habilidades pedidas: le falta Excel avanzado, Contabilidad.;Acreditar Excel avanzado: la vacante lo pide y no figura en el CV.;75dca3528dcbd1edfbded4bb0601c459
827;84;142;5;05/08/2026;2;1;1;3;1;1,9;2,1;Baja;Punto fuerte: retribución. No acredita a buen nivel ninguna de las habilidades pedidas. Punto débil: habilidades pedidas: le falta Excel avanzado, Pensamiento crítico.;Acreditar Excel avanzado: la vacante lo pide y no figura en el CV.;0831ec1ffe1f6dbf748301b6844105b2
828;45;146;5;05/08/2026;4;2;4;3;3;4,2;4,4;Alta;Punto fuerte: encaje con el rol. Cubre JavaScript. Punto débil: habilidades pedidas: le falta Git, SQL.;Acreditar Git: la vacante lo pide y no figura en el CV.;79696bcf14d19d8cc255fccfe9b7752e
829;77;96;4;05/08/2026;3;2;2;3;1;2,9;2,9;Baja;Revisión manual. Sin puntos fuertes claros para este puesto.;Acreditar SQL: la vacante lo pide y no figura en el CV.;6b2ecdff913c1a67b7a1efcffbace6d8
830;74;75;4;05/08/2026;2;3;1;1;3;2,6;2,6;Baja;Revisión manual. Punto fuerte: probabilidad de entrevista.;Acreditar Excel avanzado: la vacante lo pide y no figura en el CV.;670d890f4ae2ab6b18accfa8c5a36fe3
831;88;158;5;06/08/2026;5;2;5;3;4;3,8;3,6;Media;Punto fuerte: encaje con el rol. No acredita a buen nivel ninguna de las habilidades pedidas. Punto débil: habilidades pedidas: le falta Atención al cliente, Odoo.;Acreditar Atención al cliente: la vacante lo pide y no figura en el CV.;003d3d1722fa228dec7454b99b38765f
832;34;191;5;06/08/2026;2;2;3;5;3;3,2;3,4;Media;Punto fuerte: retribución. Cubre Pensamiento crítico. Punto débil: encaje con el rol.;Acreditar Excel avanzado: la vacante lo pide y no figura en el CV.;19a6f235332b07f91f5633b04c2e4e92
833;93;106;5;06/08/2026;4;2;5;1;3;3,8;4,2;Media;Punto fuerte: experiencia. No acredita a buen nivel ninguna de las habilidades pedidas. Punto débil: retribución.;Acreditar Prevención de riesgos: la vacante lo pide y no figura en el CV.;7471a6f385b02e1a4dfb6809e06f286e
834;7;128;5;06/08/2026;2;2;5;5;2;2,9;2,8;Baja;Punto fuerte: experiencia. Cubre Excel avanzado. Punto débil: encaje con el rol.;Acreditar Análisis estadístico: la vacante lo pide y no figura en el CV.;383eaa5c29506016b589f75b32306891
835;94;90;5;06/08/2026;2;2;3;3;2;2,7;2,9;Baja;Punto fuerte: experiencia. Cubre Euskera. Punto débil: encaje con el rol.;Acreditar JavaScript: la vacante lo pide y no figura en el CV.;425d41c7203a2767e3c70d2be9eb4c5e
836;3;46;5;06/08/2026;5;2;1;2;2;3,3;3,2;Media;Punto fuerte: encaje con el rol. Cubre Creatividad. Punto débil: experiencia.;Acreditar Comunicación: la vacante lo pide y no figura en el CV.;41639786d6f8a244b34cde0b836e6d9c
837;75;128;5;06/08/2026;5;2;2;5;3;3,7;3,4;Media;Punto fuerte: encaje con el rol. Cubre Power BI. Punto débil: habilidades pedidas: le falta Excel avanzado, Análisis estadístico.;Acreditar Excel avanzado: la vacante lo pide y no figura en el CV.;d30d03d751c3dd67c9e53c2c3fd99212
838;83;185;5;06/08/2026;3;1;5;3;2;2,7;2,7;Baja;Punto fuerte: experiencia. No acredita a buen nivel ninguna de las habilidades pedidas. Punto débil: habilidades pedidas: le falta Atención al cliente, Microsoft Office.;Acreditar Atención al cliente: la vacante lo pide y no figura en el CV.;0da3bf552eaaf1b9ddbdb332ac2cb1a9
839;88;12;5;06/08/2026;1;1;4;3;2;2,4;2,7;Baja;Punto fuerte: experiencia. No acredita a buen nivel ninguna de las habilidades pedidas. Punto débil: encaje con el rol.;Acreditar Análisis estadístico: la vacante lo pide y no figura en el CV.;003d3d1722fa228dec7454b99b38765f
840;51;117;5;06/08/2026;5;2;3;3;3;3,8;3,7;Media;Punto fuerte: encaje con el rol. No acredita a buen nivel ninguna de las habilidades pedidas. Punto débil: habilidades pedidas: le falta Negociación, Salesforce.;Acreditar Negociación: la vacante lo pide y no figura en el CV.;09d8964fac3b34e828c77f23f93ac102
841;17;175;5;06/08/2026;5;2;4;3;4;4,5;4,6;Alta;Punto fuerte: encaje con el rol. Cubre Análisis estadístico, Python. Punto débil: habilidades pedidas: le falta SQL, Excel avanzado.;Acreditar SQL: la vacante lo pide y no figura en el CV.;f3e4a5aecc6a5f944e9ac15302f98862
842;68;59;5;06/08/2026;3;1;1;5;1;2,4;2,4;Baja;Punto fuerte: retribución. No acredita a buen nivel ninguna de las habilidades pedidas. Punto débil: habilidades pedidas: le falta Excel avanzado, Power BI.;Acreditar Excel avanzado: la vacante lo pide y no figura en el CV.;e74475b24a3a5e1c4424f7c7a57ca71c
843;46;75;5;06/08/2026;1;2;4;1;2;2,3;2,2;Baja;Punto fuerte: experiencia. No acredita a buen nivel ninguna de las habilidades pedidas. Punto débil: encaje con el rol.;Acreditar Organización: la vacante lo pide y no figura en el CV.;bd22d806c7aa9abe89853a933bae69c6
844;111;229;5;06/08/2026;2;1;5;1;2;2,7;2,5;Baja;Punto fuerte: experiencia. No acredita a buen nivel ninguna de las habilidades pedidas. Punto débil: habilidades pedidas: le falta Excel avanzado, Contabilidad.;Acreditar Excel avanzado: la vacante lo pide y no figura en el CV.;c45621a527924aa068064fc20c28d2b9
845;9;87;5;06/08/2026;2;1;1;4;2;2,7;2,9;Baja;Punto fuerte: retribución. No acredita a buen nivel ninguna de las habilidades pedidas. Punto débil: habilidades pedidas: le falta Figma, Creatividad.;Acreditar Figma: la vacante lo pide y no figura en el CV.;2a84e3ebb2f9f0e3841cbb047491fc45
846;98;173;5;06/08/2026;4;1;4;3;3;3,4;3,2;Media;Punto fuerte: encaje con el rol. No acredita a buen nivel ninguna de las habilidades pedidas. Punto débil: habilidades pedidas: le falta Negociación, Salesforce.;Acreditar Negociación: la vacante lo pide y no figura en el CV.;c5c761f89bb823c2eba5d9fb3bd0a14d
847;1;60;5;06/08/2026;2;1;3;3;2;2,7;3,1;Baja;Punto fuerte: experiencia. Cubre Euskera. Punto débil: habilidades pedidas: le falta Prevención de riesgos, Mecanizado CNC.;Acreditar Prevención de riesgos: la vacante lo pide y no figura en el CV.;a1bec3d7b0af64b7b136dfd2d05d6fb7
848;61;235;5;06/08/2026;3;3;3;4;3;4,5;5,0;Alta;Punto fuerte: retribución. Cubre Vocación de servicio, Trabajo en equipo. Punto débil: encaje con el rol.;Acreditar Atención al cliente: la vacante lo pide y no figura en el CV.;d7a2a9311dd06523dd3279716cd6f7c7
849;49;175;5;06/08/2026;2;3;5;3;3;3,9;4,2;Media;Punto fuerte: experiencia. Cubre SQL, Python. Punto débil: encaje con el rol.;Acreditar Análisis estadístico: la vacante lo pide y no figura en el CV.;0ffba22ba3e4f470126a6a7993f8732a
850;77;64;5;06/08/2026;5;2;1;4;2;3,7;3,3;Media;Punto fuerte: encaje con el rol. Cubre Euskera. Punto débil: experiencia.;Acreditar Atención al cliente: la vacante lo pide y no figura en el CV.;6b2ecdff913c1a67b7a1efcffbace6d8
851;67;241;5;06/08/2026;2;2;3;3;2;3,1;3,2;Media;Punto fuerte: experiencia. Cubre Pensamiento crítico. Punto débil: encaje con el rol.;Acreditar Comunicación: la vacante lo pide y no figura en el CV.;91cd2ac01281f8d5fa469f6015e9a4ab
852;65;116;5;06/08/2026;5;2;5;1;3;3,9;3,3;Media;Punto fuerte: encaje con el rol. No acredita a buen nivel ninguna de las habilidades pedidas. Punto débil: retribución.;Acreditar Organización: la vacante lo pide y no figura en el CV.;3cb0682fe51ea684660b1b35c056b93a
853;63;27;5;06/08/2026;2;1;1;5;1;2,2;2,1;Baja;Punto fuerte: retribución. No acredita a buen nivel ninguna de las habilidades pedidas. Punto débil: habilidades pedidas: le falta Gestión de proyectos, Prevención de riesgos.;Acreditar Gestión de proyectos: la vacante lo pide y no figura en el CV.;a76d2d2fdfe4ab06c79ecacf09618e66
854;87;9;5;06/08/2026;5;1;4;3;3;3,1;2,9;Media;Punto fuerte: encaje con el rol. No acredita a buen nivel ninguna de las habilidades pedidas. Punto débil: habilidades pedidas: le falta Atención al cliente, Odoo.;Acreditar Atención al cliente: la vacante lo pide y no figura en el CV.;89728c973c760f1cb456fcbc23c4b8e8
855;1;102;5;06/08/2026;2;1;2;5;3;2,9;3,2;Baja;Punto fuerte: retribución. No acredita a buen nivel ninguna de las habilidades pedidas. Punto débil: habilidades pedidas: le falta Excel avanzado, Gestión de proyectos.;Acreditar Excel avanzado: la vacante lo pide y no figura en el CV.;a1bec3d7b0af64b7b136dfd2d05d6fb7
856;106;106;5;06/08/2026;5;3;2;3;3;4,4;4,1;Alta;Punto fuerte: encaje con el rol. Cubre Autonomía. Punto débil: experiencia.;Acreditar Prevención de riesgos: la vacante lo pide y no figura en el CV.;1d34b2b4a5c33959f0ee775925dcb0e2
857;102;63;4;06/08/2026;3;2;4;2;1;2,9;2,9;Baja;Revisión manual. Punto fuerte: experiencia.;Acreditar Atención al cliente: la vacante lo pide y no figura en el CV.;025b3b4f122944277d4e5de5758fb6c9
858;97;217;3;06/08/2026;5;2;3;3;5;4,0;4,0;Alta;Revisión manual. Punto fuerte: encaje con el rol.;Acreditar Atención al cliente: la vacante lo pide y no figura en el CV.;d508c96e4333f9d60045fde2eabe6d65
859;91;21;4;06/08/2026;4;2;3;4;2;3,9;3,9;Media;Revisión manual. Punto fuerte: encaje con el rol.;Acreditar Odoo: la vacante lo pide y no figura en el CV.;be9bfff5f85dbd1ee4d9197b95ba39c9
860;12;59;3;06/08/2026;2;3;2;5;2;2,7;2,7;Baja;Revisión manual. Punto fuerte: retribución.;Acreditar Excel avanzado: la vacante lo pide y no figura en el CV.;71000804a77686a1db7205c014abe342
861;94;28;5;07/08/2026;2;1;4;3;2;2,7;2,7;Baja;Punto fuerte: experiencia. No acredita a buen nivel ninguna de las habilidades pedidas. Punto débil: habilidades pedidas: le falta Atención al cliente, Francés.;Acreditar Atención al cliente: la vacante lo pide y no figura en el CV.;425d41c7203a2767e3c70d2be9eb4c5e
862;87;191;5;07/08/2026;5;1;4;5;3;3,7;3,7;Media;Punto fuerte: encaje con el rol. Cubre Excel avanzado. Punto débil: habilidades pedidas: le falta Pensamiento crítico, Atención al detalle.;Acreditar Pensamiento crítico: la vacante lo pide y no figura en el CV.;89728c973c760f1cb456fcbc23c4b8e8
863;51;250;5;07/08/2026;2;2;3;3;3;3,0;3,3;Media;Punto fuerte: experiencia. Cubre Euskera. Punto débil: encaje con el rol.;Acreditar Inglés: la vacante lo pide y no figura en el CV.;09d8964fac3b34e828c77f23f93ac102
864;111;3;5;07/08/2026;2;1;5;4;3;3,2;3,4;Media;Punto fuerte: experiencia. Cubre Euskera. Punto débil: habilidades pedidas: le falta Ciberseguridad, Docker.;Acreditar Ciberseguridad: la vacante lo pide y no figura en el CV.;c45621a527924aa068064fc20c28d2b9
865;110;37;5;07/08/2026;5;2;2;5;3;3,9;3,7;Media;Punto fuerte: encaje con el rol. Cubre Docker. Punto débil: habilidades pedidas: le falta Git, Python.;Acreditar Git: la vacante lo pide y no figura en el CV.;30513ba705d6e6ed3ff594b5995fe27c
866;114;74;5;07/08/2026;2;1;4;3;2;2,4;2,2;Baja;Punto fuerte: experiencia. No acredita a buen nivel ninguna de las habilidades pedidas. Punto débil: habilidades pedidas: le falta Diseño gráfico, Atención al detalle.;Acreditar Diseño gráfico: la vacante lo pide y no figura en el CV.;ecbcbaa2cd87e3d89bdbf4bee1928766
867;80;92;5;07/08/2026;5;3;3;1;4;4,3;3,9;Alta;Punto fuerte: encaje con el rol. Cubre Comunicación, Creatividad. Punto débil: retribución.;Acreditar Empatía: la vacante lo pide y no figura en el CV.;0ab41c1e90b3e44375989152324bc3dc
868;1;74;5;07/08/2026;2;1;4;3;2;2,9;3,3;Baja;Punto fuerte: experiencia. No acredita a buen nivel ninguna de las habilidades pedidas. Punto débil: habilidades pedidas: le falta Diseño gráfico, Atención al detalle.;Acreditar Diseño gráfico: la vacante lo pide y no figura en el CV.;a1bec3d7b0af64b7b136dfd2d05d6fb7
869;5;87;5;07/08/2026;2;1;5;2;2;3,1;3,0;Media;Punto fuerte: experiencia. No acredita a buen nivel ninguna de las habilidades pedidas. Punto débil: habilidades pedidas: le falta Figma, Creatividad.;Acreditar Figma: la vacante lo pide y no figura en el CV.;f894e1db4345616d702c24ded0c3174b
870;86;182;5;07/08/2026;1;2;1;5;2;2,3;2,1;Baja;Punto fuerte: retribución. Cubre Inglés, Atención al detalle. Punto débil: encaje con el rol.;Acreditar Análisis estadístico: la vacante lo pide y no figura en el CV.;82e41edab78b099f53a87437726ed822
871;111;144;5;07/08/2026;3;1;5;1;3;2,7;2,7;Baja;Punto fuerte: experiencia. No acredita a buen nivel ninguna de las habilidades pedidas. Punto débil: habilidades pedidas: le falta Contabilidad, Organización.;Acreditar Contabilidad: la vacante lo pide y no figura en el CV.;c45621a527924aa068064fc20c28d2b9
872;51;241;5;07/08/2026;3;1;3;3;2;2,8;3,0;Baja;Punto fuerte: encaje con el rol. No acredita a buen nivel ninguna de las habilidades pedidas. Punto débil: habilidades pedidas: le falta Comunicación, Inglés.;Acreditar Comunicación: la vacante lo pide y no figura en el CV.;09d8964fac3b34e828c77f23f93ac102
873;92;57;5;07/08/2026;2;1;3;3;2;2,5;2,8;Baja;Punto fuerte: experiencia. No acredita a buen nivel ninguna de las habilidades pedidas. Punto débil: habilidades pedidas: le falta Orientación a resultados, Atención al cliente.;Acreditar Orientación a resultados: la vacante lo pide y no figura en el CV.;507bc7580a51d87e07b5c014e3951fd6
874;83;27;5;07/08/2026;2;2;4;3;2;2,6;3,0;Baja;Punto fuerte: experiencia. Cubre Gestión de proyectos. Punto débil: encaje con el rol.;Acreditar Prevención de riesgos: la vacante lo pide y no figura en el CV.;0da3bf552eaaf1b9ddbdb332ac2cb1a9
875;35;173;5;07/08/2026;4;1;3;1;2;3,0;3,0;Media;Punto fuerte: encaje con el rol. No acredita a buen nivel ninguna de las habilidades pedidas. Punto débil: habilidades pedidas: le falta Negociación, Salesforce.;Acreditar Negociación: la vacante lo pide y no figura en el CV.;2ec93fe739d638737d2fb11b7af497bb
876;42;59;5;07/08/2026;2;1;2;2;1;2,3;2,5;Baja;Sin puntos fuertes claros para este puesto. No acredita a buen nivel ninguna de las habilidades pedidas. Punto débil: habilidades pedidas: le falta Excel avanzado, Power BI.;Acreditar Excel avanzado: la vacante lo pide y no figura en el CV.;7a6776a88d11967e775be432e4a0aef0
877;59;234;5;07/08/2026;2;2;2;3;3;3,4;3,6;Media;Punto fuerte: retribución. No acredita a buen nivel ninguna de las habilidades pedidas. Punto débil: encaje con el rol.;Acreditar Mecanizado CNC: la vacante lo pide y no figura en el CV.;76c5a1f362a8c28dc86ec1e008398a92
878;5;41;5;07/08/2026;2;2;5;3;2;3,1;3,0;Media;Punto fuerte: experiencia. No acredita a buen nivel ninguna de las habilidades pedidas. Punto débil: encaje con el rol.;Acreditar Gestión de proyectos: la vacante lo pide y no figura en el CV.;f894e1db4345616d702c24ded0c3174b
879;14;87;5;07/08/2026;2;1;2;5;2;2,6;2,3;Baja;Punto fuerte: retribución. No acredita a buen nivel ninguna de las habilidades pedidas. Punto débil: habilidades pedidas: le falta Figma, Creatividad.;Acreditar Figma: la vacante lo pide y no figura en el CV.;885480c884ed8190dc3fb64ffb791b29
880;104;83;5;07/08/2026;5;2;4;3;3;3,9;3,6;Media;Punto fuerte: encaje con el rol. Cubre Euskera. Punto débil: habilidades pedidas: le falta Pensamiento crítico, Atención al detalle.;Acreditar Pensamiento crítico: la vacante lo pide y no figura en el CV.;83784fb75cfd6f0b3f6f78ed66c29913
881;95;198;5;07/08/2026;1;1;4;3;2;2,3;2,1;Baja;Punto fuerte: experiencia. No acredita a buen nivel ninguna de las habilidades pedidas. Punto débil: encaje con el rol.;Acreditar Ciberseguridad: la vacante lo pide y no figura en el CV.;38ec8d05ee004f3d9735664e439808c9
882;81;175;5;07/08/2026;5;1;2;3;2;2,9;2,7;Baja;Punto fuerte: encaje con el rol. Cubre Excel avanzado. Punto débil: habilidades pedidas: le falta Análisis estadístico, SQL.;Acreditar Análisis estadístico: la vacante lo pide y no figura en el CV.;11bbeacc030854ec0ebf30b0b36ff61f
883;97;193;5;07/08/2026;5;3;2;3;3;4,4;4,3;Alta;Punto fuerte: encaje con el rol. Cubre Microsoft Office, Odoo. Punto débil: experiencia.;Acreditar Atención al cliente: la vacante lo pide y no figura en el CV.;d508c96e4333f9d60045fde2eabe6d65
884;97;199;5;07/08/2026;2;2;1;3;2;2,7;2,9;Baja;Punto fuerte: retribución. Cubre Inglés. Punto débil: experiencia.;Acreditar Análisis estadístico: la vacante lo pide y no figura en el CV.;d508c96e4333f9d60045fde2eabe6d65
885;88;195;5;07/08/2026;5;4;5;3;5;5,0;4,6;Alta;Punto fuerte: encaje con el rol. Cubre Orientación a resultados, Salesforce, Negociación. Punto débil: retribución.;Acreditar Atención al cliente: la vacante lo pide y no figura en el CV.;003d3d1722fa228dec7454b99b38765f
886;113;244;5;07/08/2026;5;1;2;3;3;3,8;3,5;Media;Punto fuerte: encaje con el rol. No acredita a buen nivel ninguna de las habilidades pedidas. Punto débil: habilidades pedidas: le falta AutoCAD, Diseño gráfico.;Acreditar AutoCAD: la vacante lo pide y no figura en el CV.;7eecc91afd3f91f116de12ffa2ece811
887;76;74;5;07/08/2026;1;1;3;3;2;2,4;2,2;Baja;Punto fuerte: experiencia. No acredita a buen nivel ninguna de las habilidades pedidas. Punto débil: encaje con el rol.;Acreditar Diseño gráfico: la vacante lo pide y no figura en el CV.;4cfd825587a78dd0bc54d9398a050a4f
888;112;75;5;07/08/2026;5;1;1;3;2;3,2;3,3;Media;Punto fuerte: encaje con el rol. No acredita a buen nivel ninguna de las habilidades pedidas. Punto débil: habilidades pedidas: le falta Excel avanzado, Organización.;Acreditar Excel avanzado: la vacante lo pide y no figura en el CV.;386e85cee8443f469279f9dcd8990713
889;113;64;5;07/08/2026;5;1;3;1;3;3,3;3,2;Media;Punto fuerte: encaje con el rol. Cubre Euskera. Punto débil: habilidades pedidas: le falta Atención al cliente, Organización.;Acreditar Atención al cliente: la vacante lo pide y no figura en el CV.;7eecc91afd3f91f116de12ffa2ece811
890;57;116;5;07/08/2026;2;1;3;3;2;2,4;2,5;Baja;Punto fuerte: experiencia. No acredita a buen nivel ninguna de las habilidades pedidas. Punto débil: habilidades pedidas: le falta Odoo, Organización.;Acreditar Odoo: la vacante lo pide y no figura en el CV.;32e0331dbc878ffbd95b2b90ac4d72f2
891;98;230;5;07/08/2026;4;2;3;1;3;3,5;3,4;Media;Punto fuerte: encaje con el rol. Cubre SAP. Punto débil: retribución.;Acreditar Trabajo en equipo: la vacante lo pide y no figura en el CV.;c5c761f89bb823c2eba5d9fb3bd0a14d
892;105;126;5;07/08/2026;1;2;5;4;2;2,7;3,0;Baja;Punto fuerte: experiencia. Cubre Negociación. Punto débil: encaje con el rol.;Acreditar Orientación a resultados: la vacante lo pide y no figura en el CV.;b6452daf8fd3171fbc538805a9f31fb3
893;88;187;5;07/08/2026;5;4;3;3;3;4,1;3,7;Alta;Punto fuerte: encaje con el rol. Cubre Negociación, Salesforce, Euskera. Punto débil: experiencia.;Acreditar Atención al cliente: la vacante lo pide y no figura en el CV.;003d3d1722fa228dec7454b99b38765f
894;7;128;4;07/08/2026;1;3;5;5;2;2,2;2,2;Baja;Revisión manual. Punto fuerte: experiencia.;Acreditar Análisis estadístico: la vacante lo pide y no figura en el CV.;383eaa5c29506016b589f75b32306891
895;111;54;5;08/08/2026;2;2;5;5;3;3,7;3,7;Media;Punto fuerte: experiencia. Cubre Creatividad. Punto débil: encaje con el rol.;Acreditar Google Analytics: la vacante lo pide y no figura en el CV.;c45621a527924aa068064fc20c28d2b9
896;82;10;5;08/08/2026;5;2;1;5;3;3,7;3,6;Media;Punto fuerte: encaje con el rol. Cubre Resolución de problemas. Punto débil: experiencia.;Acreditar Prevención de riesgos: la vacante lo pide y no figura en el CV.;3ec0b79b25325c03b9a45736b8998523
897;97;104;5;08/08/2026;2;1;1;3;2;2,0;2,1;Baja;Punto fuerte: retribución. Cubre Euskera. Punto débil: habilidades pedidas: le falta Excel avanzado, Análisis estadístico.;Acreditar Excel avanzado: la vacante lo pide y no figura en el CV.;d508c96e4333f9d60045fde2eabe6d65
898;79;126;5;08/08/2026;3;2;3;3;3;3,0;2,7;Media;Punto fuerte: encaje con el rol. Cubre Euskera. Punto débil: habilidades pedidas: le falta Orientación a resultados, Atención al cliente.;Acreditar Orientación a resultados: la vacante lo pide y no figura en el CV.;dbc3ae586769d482cb1309411aec185f
899;113;30;5;08/08/2026;5;2;5;1;4;4,2;4,1;Alta;Punto fuerte: encaje con el rol. Cubre Euskera. Punto débil: retribución.;Acreditar Atención al cliente: la vacante lo pide y no figura en el CV.;7eecc91afd3f91f116de12ffa2ece811
900;75;235;5;08/08/2026;1;1;3;4;2;2,2;2,3;Baja;Punto fuerte: retribución. No acredita a buen nivel ninguna de las habilidades pedidas. Punto débil: encaje con el rol.;Acreditar Vocación de servicio: la vacante lo pide y no figura en el CV.;d30d03d751c3dd67c9e53c2c3fd99212
901;79;35;5;08/08/2026;5;2;3;1;3;3,3;3,0;Media;Punto fuerte: encaje con el rol. Cubre Euskera. Punto débil: retribución.;Acreditar Organización: la vacante lo pide y no figura en el CV.;dbc3ae586769d482cb1309411aec185f
902;105;146;5;08/08/2026;1;2;4;1;2;2,9;3,2;Baja;Punto fuerte: experiencia. No acredita a buen nivel ninguna de las habilidades pedidas. Punto débil: encaje con el rol.;Acreditar JavaScript: la vacante lo pide y no figura en el CV.;b6452daf8fd3171fbc538805a9f31fb3
903;114;198;5;08/08/2026;3;1;4;3;2;2,8;3,1;Baja;Punto fuerte: experiencia. No acredita a buen nivel ninguna de las habilidades pedidas. Punto débil: habilidades pedidas: le falta Ciberseguridad, Docker.;Acreditar Ciberseguridad: la vacante lo pide y no figura en el CV.;ecbcbaa2cd87e3d89bdbf4bee1928766
904;42;138;5;08/08/2026;4;1;3;3;3;3,6;3,2;Media;Punto fuerte: encaje con el rol. No acredita a buen nivel ninguna de las habilidades pedidas. Punto débil: habilidades pedidas: le falta Orientación a resultados, Negociación.;Acreditar Orientación a resultados: la vacante lo pide y no figura en el CV.;7a6776a88d11967e775be432e4a0aef0
905;47;70;5;08/08/2026;5;1;5;1;3;3,5;3,3;Media;Punto fuerte: encaje con el rol. No acredita a buen nivel ninguna de las habilidades pedidas. Punto débil: habilidades pedidas: le falta WordPress, HubSpot.;Acreditar WordPress: la vacante lo pide y no figura en el CV.;632cb7af436fcdef206636840f9bd3e9
906;96;174;5;08/08/2026;2;1;4;5;1;2,7;3,0;Baja;Punto fuerte: retribución. No acredita a buen nivel ninguna de las habilidades pedidas. Punto débil: habilidades pedidas: le falta Empatía, Microsoft Office.;Acreditar Empatía: la vacante lo pide y no figura en el CV.;4186f381102a944447440cf53f150937
907;100;245;5;08/08/2026;1;1;3;5;1;2,2;2,4;Baja;Punto fuerte: retribución. No acredita a buen nivel ninguna de las habilidades pedidas. Punto débil: encaje con el rol.;Acreditar Resolución de problemas: la vacante lo pide y no figura en el CV.;a55050736976ba738c4e5e8a86c34ed9
908;5;139;5;08/08/2026;3;1;5;3;2;3,3;3,1;Media;Punto fuerte: experiencia. No acredita a buen nivel ninguna de las habilidades pedidas. Punto débil: habilidades pedidas: le falta Negociación, Pensamiento crítico.;Acreditar Negociación: la vacante lo pide y no figura en el CV.;f894e1db4345616d702c24ded0c3174b
909;81;184;5;08/08/2026;5;2;2;4;2;3,7;3,5;Media;Punto fuerte: encaje con el rol. Cubre Gestión de proyectos. Punto débil: habilidades pedidas: le falta AutoCAD, SAP.;Acreditar AutoCAD: la vacante lo pide y no figura en el CV.;11bbeacc030854ec0ebf30b0b36ff61f
910;87;92;5;08/08/2026;3;2;5;3;3;3,4;3,2;Media;Punto fuerte: experiencia. No acredita a buen nivel ninguna de las habilidades pedidas. Punto débil: habilidades pedidas: le falta Comunicación, Creatividad.;Acreditar Comunicación: la vacante lo pide y no figura en el CV.;89728c973c760f1cb456fcbc23c4b8e8
911;60;23;5;08/08/2026;1;2;2;2;2;2,6;2,6;Baja;Sin puntos fuertes claros para este puesto. Cubre Inglés. Punto débil: encaje con el rol.;Acreditar Atención al cliente: la vacante lo pide y no figura en el CV.;7fb8cfa04fabdd00e9a549148bd60e44
912;99;127;5;08/08/2026;2;1;2;3;1;1,9;1,8;Baja;Punto fuerte: retribución. No acredita a buen nivel ninguna de las habilidades pedidas. Punto débil: habilidades pedidas: le falta QuickBooks, Organización.;Acreditar QuickBooks: la vacante lo pide y no figura en el CV.;46dcc44cf0c4cc192a18786d8bbcbefc
913;46;81;5;08/08/2026;5;5;3;1;4;5,0;4,7;Alta;Punto fuerte: encaje con el rol. Cubre SAP, Pensamiento crítico. Punto débil: retribución.;Subir Excel avanzado de nivel 2 a 3.;bd22d806c7aa9abe89853a933bae69c6
914;33;116;5;08/08/2026;2;1;4;3;1;2,5;2,4;Baja;Punto fuerte: experiencia. No acredita a buen nivel ninguna de las habilidades pedidas. Punto débil: habilidades pedidas: le falta Odoo, Organización.;Acreditar Odoo: la vacante lo pide y no figura en el CV.;f56a53d6d06a56c7dbc5480afd08848d
915;114;79;5;08/08/2026;5;2;2;1;2;3,4;3,2;Media;Punto fuerte: encaje con el rol. Cubre QuickBooks. Punto débil: retribución.;Acreditar Contabilidad: la vacante lo pide y no figura en el CV.;ecbcbaa2cd87e3d89bdbf4bee1928766
916;95;75;5;08/08/2026;2;1;1;5;1;2,2;1,8;Baja;Punto fuerte: retribución. No acredita a buen nivel ninguna de las habilidades pedidas. Punto débil: habilidades pedidas: le falta Excel avanzado, Organización.;Acreditar Excel avanzado: la vacante lo pide y no figura en el CV.;38ec8d05ee004f3d9735664e439808c9
917;109;191;5;08/08/2026;1;2;5;4;2;2,7;2,8;Baja;Punto fuerte: experiencia. Cubre Euskera. Punto débil: encaje con el rol.;Acreditar Excel avanzado: la vacante lo pide y no figura en el CV.;8c05856918be966f9ef0b4acf5cb8f27
918;92;245;5;08/08/2026;3;3;1;4;2;3,1;3,4;Media;Punto fuerte: retribución. Cubre Excel avanzado. Punto débil: experiencia.;Acreditar Resolución de problemas: la vacante lo pide y no figura en el CV.;507bc7580a51d87e07b5c014e3951fd6
919;13;117;5;08/08/2026;5;3;2;3;3;3,8;3,5;Media;Punto fuerte: encaje con el rol. Cubre Negociación, Atención al cliente, Orientación a resultados. Punto débil: experiencia.;Acreditar Salesforce: la vacante lo pide y no figura en el CV.;378db114d70b4e32b39eb03832f54cb8
920;2;42;5;08/08/2026;5;1;5;3;4;3,8;3,7;Media;Punto fuerte: encaje con el rol. No acredita a buen nivel ninguna de las habilidades pedidas. Punto débil: habilidades pedidas: le falta Organización, Trabajo bajo presión.;Acreditar Organización: la vacante lo pide y no figura en el CV.;ff6a94069d1ee9118029d75b03c2d938
921;100;190;5;08/08/2026;5;2;3;3;3;3,7;3,5;Media;Punto fuerte: encaje con el rol. Cubre Odoo. Punto débil: habilidades pedidas: le falta Atención al cliente, Organización.;Acreditar Atención al cliente: la vacante lo pide y no figura en el CV.;a55050736976ba738c4e5e8a86c34ed9
922;9;235;5;08/08/2026;2;1;1;1;1;2,2;2,5;Baja;Sin puntos fuertes claros para este puesto. No acredita a buen nivel ninguna de las habilidades pedidas. Punto débil: habilidades pedidas: le falta Vocación de servicio, Trabajo en equipo.;Acreditar Vocación de servicio: la vacante lo pide y no figura en el CV.;2a84e3ebb2f9f0e3841cbb047491fc45
923;12;79;5;08/08/2026;1;1;3;4;1;2,4;2,3;Baja;Punto fuerte: retribución. No acredita a buen nivel ninguna de las habilidades pedidas. Punto débil: encaje con el rol.;Acreditar Contabilidad: la vacante lo pide y no figura en el CV.;71000804a77686a1db7205c014abe342
924;90;96;5;08/08/2026;2;1;5;1;2;2,3;2,0;Baja;Punto fuerte: experiencia. No acredita a buen nivel ninguna de las habilidades pedidas. Punto débil: habilidades pedidas: le falta SQL, Python.;Acreditar SQL: la vacante lo pide y no figura en el CV.;76f8de286439e9508b10f9e90bf2fedc
925;2;59;3;08/08/2026;3;1;4;3;2;1,9;1,9;Baja;Revisión manual. Punto fuerte: experiencia.;Acreditar Excel avanzado: la vacante lo pide y no figura en el CV.;ff6a94069d1ee9118029d75b03c2d938
926;36;244;5;09/08/2026;2;2;3;4;2;3,1;2,8;Media;Punto fuerte: retribución. No acredita a buen nivel ninguna de las habilidades pedidas. Punto débil: encaje con el rol.;Acreditar AutoCAD: la vacante lo pide y no figura en el CV.;a9c8adea270d72c098cdcfc98cec0a24
927;55;75;5;09/08/2026;1;2;3;4;2;3,1;3,4;Media;Punto fuerte: retribución. Cubre Organización. Punto débil: encaje con el rol.;Acreditar Excel avanzado: la vacante lo pide y no figura en el CV.;bdc486f200cf51150a14741a79615248
928;87;81;5;09/08/2026;5;3;5;5;4;4,7;4,8;Alta;Punto fuerte: encaje con el rol. Cubre SAP, Excel avanzado. Punto débil: habilidades pedidas: le falta Pensamiento crítico.;Acreditar Pensamiento crítico: la vacante lo pide y no figura en el CV.;89728c973c760f1cb456fcbc23c4b8e8
929;100;151;5;09/08/2026;2;1;2;4;1;2,3;2,6;Baja;Punto fuerte: retribución. No acredita a buen nivel ninguna de las habilidades pedidas. Punto débil: habilidades pedidas: le falta Creatividad, Photoshop.;Acreditar Creatividad: la vacante lo pide y no figura en el CV.;a55050736976ba738c4e5e8a86c34ed9
930;82;201;5;09/08/2026;2;1;2;5;1;2,4;2,4;Baja;Punto fuerte: retribución. No acredita a buen nivel ninguna de las habilidades pedidas. Punto débil: habilidades pedidas: le falta Atención al cliente, Salesforce.;Acreditar Atención al cliente: la vacante lo pide y no figura en el CV.;3ec0b79b25325c03b9a45736b8998523
931;117;174;5;09/08/2026;1;2;1;3;1;2,2;1,9;Baja;Punto fuerte: retribución. Cubre Negociación. Punto débil: encaje con el rol.;Acreditar Empatía: la vacante lo pide y no figura en el CV.;35b6487636b234fe1f4efe057b30b1e2
932;46;191;5;09/08/2026;5;4;2;5;4;4,8;4,4;Alta;Punto fuerte: encaje con el rol. Cubre Pensamiento crítico, Euskera. Punto débil: experiencia.;Subir Excel avanzado de nivel 2 a 3.;bd22d806c7aa9abe89853a933bae69c6
933;44;154;5;09/08/2026;1;1;3;4;1;2,2;2,6;Baja;Punto fuerte: retribución. No acredita a buen nivel ninguna de las habilidades pedidas. Punto débil: encaje con el rol.;Acreditar Microsoft Office: la vacante lo pide y no figura en el CV.;2fd67b166cd5705953353f5169d02f1f
934;95;20;5;09/08/2026;1;2;2;4;2;2,8;3,1;Baja;Punto fuerte: retribución. Cubre Atención al cliente. Punto débil: encaje con el rol.;Acreditar Odoo: la vacante lo pide y no figura en el CV.;38ec8d05ee004f3d9735664e439808c9
935;96;132;5;09/08/2026;2;1;4;3;2;2,5;2,5;Baja;Punto fuerte: experiencia. No acredita a buen nivel ninguna de las habilidades pedidas. Punto débil: habilidades pedidas: le falta Atención al cliente, Microsoft Office.;Acreditar Atención al cliente: la vacante lo pide y no figura en el CV.;4186f381102a944447440cf53f150937
936;109;100;5;09/08/2026;4;3;5;1;4;3,6;3,1;Media;Punto fuerte: experiencia. Cubre Atención al cliente. Punto débil: retribución.;Acreditar Microsoft Office: la vacante lo pide y no figura en el CV.;8c05856918be966f9ef0b4acf5cb8f27
937;107;62;5;09/08/2026;3;1;5;3;3;3,4;3,2;Media;Punto fuerte: experiencia. No acredita a buen nivel ninguna de las habilidades pedidas. Punto débil: habilidades pedidas: le falta Odoo, Microsoft Office.;Acreditar Odoo: la vacante lo pide y no figura en el CV.;018a507c8bc3280d933488b584add926
938;107;30;5;09/08/2026;2;2;4;1;3;3,3;3,2;Media;Punto fuerte: experiencia. Cubre Euskera. Punto débil: retribución.;Acreditar Atención al cliente: la vacante lo pide y no figura en el CV.;018a507c8bc3280d933488b584add926
939;70;169;5;09/08/2026;1;1;3;1;1;2,2;2,0;Baja;Punto fuerte: experiencia. No acredita a buen nivel ninguna de las habilidades pedidas. Punto débil: encaje con el rol.;Acreditar Autonomía: la vacante lo pide y no figura en el CV.;f5afac3bc9ed839fa51c0f7d16a6b1f0
940;87;213;5;09/08/2026;5;1;5;5;3;3,5;3,3;Media;Punto fuerte: encaje con el rol. No acredita a buen nivel ninguna de las habilidades pedidas. Punto débil: habilidades pedidas: le falta Trabajo bajo presión, Creatividad.;Acreditar Trabajo bajo presión: la vacante lo pide y no figura en el CV.;89728c973c760f1cb456fcbc23c4b8e8
941;88;229;5;09/08/2026;5;1;5;3;4;4,1;3,9;Alta;Punto fuerte: encaje con el rol. No acredita a buen nivel ninguna de las habilidades pedidas. Punto débil: habilidades pedidas: le falta Excel avanzado, Contabilidad.;Acreditar Excel avanzado: la vacante lo pide y no figura en el CV.;003d3d1722fa228dec7454b99b38765f
942;88;182;5;09/08/2026;2;1;3;3;2;2,2;2,3;Baja;Punto fuerte: experiencia. Cubre Euskera. Punto débil: habilidades pedidas: le falta Análisis estadístico, Inglés.;Acreditar Análisis estadístico: la vacante lo pide y no figura en el CV.;003d3d1722fa228dec7454b99b38765f
943;44;168;5;09/08/2026;2;2;3;3;3;3,5;3,4;Media;Punto fuerte: experiencia. No acredita a buen nivel ninguna de las habilidades pedidas. Punto débil: encaje con el rol.;Acreditar Prevención de riesgos: la vacante lo pide y no figura en el CV.;2fd67b166cd5705953353f5169d02f1f
944;108;52;5;09/08/2026;3;2;4;2;3;3,2;3,0;Media;Punto fuerte: experiencia. Cubre Atención al cliente. Punto débil: habilidades pedidas: le falta Francés, Microsoft Office.;Acreditar Francés: la vacante lo pide y no figura en el CV.;d8dfe0f83e95120fd39310c95ef282a9
945;112;36;5;09/08/2026;5;3;1;5;4;4,3;4,1;Alta;Punto fuerte: encaje con el rol. Cubre SAP, Logística. Punto débil: experiencia.;Acreditar Organización: la vacante lo pide y no figura en el CV.;386e85cee8443f469279f9dcd8990713
946;37;116;5;09/08/2026;2;2;3;1;2;2,8;2,7;Baja;Punto fuerte: experiencia. No acredita a buen nivel ninguna de las habilidades pedidas. Punto débil: retribución.;Acreditar Odoo: la vacante lo pide y no figura en el CV.;31b3d37b09ab14302024065358c62f20
947;74;35;5;09/08/2026;1;2;2;1;1;1,9;2,0;Baja;Sin puntos fuertes claros para este puesto. Cubre Euskera. Punto débil: encaje con el rol.;Acreditar Odoo: la vacante lo pide y no figura en el CV.;670d890f4ae2ab6b18accfa8c5a36fe3
948;105;234;5;09/08/2026;2;1;2;5;1;2,3;1,9;Baja;Punto fuerte: retribución. No acredita a buen nivel ninguna de las habilidades pedidas. Punto débil: habilidades pedidas: le falta Mecanizado CNC, Autonomía.;Acreditar Mecanizado CNC: la vacante lo pide y no figura en el CV.;b6452daf8fd3171fbc538805a9f31fb3
949;88;92;5;09/08/2026;3;1;5;3;3;2,7;2,3;Baja;Punto fuerte: experiencia. No acredita a buen nivel ninguna de las habilidades pedidas. Punto débil: habilidades pedidas: le falta Comunicación, Creatividad.;Acreditar Comunicación: la vacante lo pide y no figura en el CV.;003d3d1722fa228dec7454b99b38765f
950;119;169;5;09/08/2026;4;2;4;1;4;4,1;3,9;Alta;Punto fuerte: encaje con el rol. Cubre Autonomía. Punto débil: retribución.;Acreditar Soldadura: la vacante lo pide y no figura en el CV.;bf4d833bd31cd6a9f8c9ebb76104ddf7
951;64;75;5;09/08/2026;2;2;2;2;2;2,6;2,9;Baja;Sin puntos fuertes claros para este puesto. No acredita a buen nivel ninguna de las habilidades pedidas. Punto débil: encaje con el rol.;Acreditar Excel avanzado: la vacante lo pide y no figura en el CV.;8fcae24fb6920086713d68c73ed9e705
952;109;100;3;09/08/2026;5;3;5;1;5;4,1;4,1;Alta;Revisión manual. Punto fuerte: experiencia.;Acreditar Microsoft Office: la vacante lo pide y no figura en el CV.;8c05856918be966f9ef0b4acf5cb8f27
953;1;60;4;09/08/2026;3;1;3;2;2;2,7;2,7;Baja;Revisión manual. Punto fuerte: experiencia.;Acreditar Prevención de riesgos: la vacante lo pide y no figura en el CV.;a1bec3d7b0af64b7b136dfd2d05d6fb7
954;35;173;3;09/08/2026;5;1;3;1;3;3,1;3,1;Media;Revisión manual. Punto fuerte: encaje con el rol.;Acreditar Negociación: la vacante lo pide y no figura en el CV.;2ec93fe739d638737d2fb11b7af497bb
955;115;168;5;10/08/2026;2;1;2;3;2;2,8;2,8;Baja;Punto fuerte: retribución. No acredita a buen nivel ninguna de las habilidades pedidas. Punto débil: habilidades pedidas: le falta Prevención de riesgos, Mecanizado CNC.;Acreditar Prevención de riesgos: la vacante lo pide y no figura en el CV.;aa65de7ed7107b5037472dc734fcc40a
956;93;173;5;10/08/2026;5;2;3;3;3;4,3;4,3;Alta;Punto fuerte: encaje con el rol. Cubre Orientación a resultados. Punto débil: habilidades pedidas: le falta Negociación, Salesforce.;Acreditar Negociación: la vacante lo pide y no figura en el CV.;7471a6f385b02e1a4dfb6809e06f286e
957;85;146;5;10/08/2026;5;1;5;1;3;3,1;2,9;Media;Punto fuerte: encaje con el rol. No acredita a buen nivel ninguna de las habilidades pedidas. Punto débil: habilidades pedidas: le falta JavaScript, Git.;Acreditar JavaScript: la vacante lo pide y no figura en el CV.;5c4e1357a35f409ae56311fce6ced4de
958;40;175;5;10/08/2026;2;2;2;3;2;2,5;2,8;Baja;Punto fuerte: retribución. Cubre Excel avanzado. Punto débil: encaje con el rol.;Acreditar Análisis estadístico: la vacante lo pide y no figura en el CV.;9787e8ce8f1ff73732a864352c285885
959;87;132;5;10/08/2026;5;1;5;3;2;3,2;2,7;Media;Punto fuerte: encaje con el rol. No acredita a buen nivel ninguna de las habilidades pedidas. Punto débil: habilidades pedidas: le falta Atención al cliente, Microsoft Office.;Acreditar Atención al cliente: la vacante lo pide y no figura en el CV.;89728c973c760f1cb456fcbc23c4b8e8
960;2;81;5;10/08/2026;2;1;3;3;2;2,6;2,7;Baja;Punto fuerte: experiencia. No acredita a buen nivel ninguna de las habilidades pedidas. Punto débil: habilidades pedidas: le falta SAP, Excel avanzado.;Acreditar SAP: la vacante lo pide y no figura en el CV.;ff6a94069d1ee9118029d75b03c2d938
961;94;114;5;10/08/2026;4;1;5;3;3;3,3;3,4;Media;Punto fuerte: experiencia. Cubre Euskera. Punto débil: habilidades pedidas: le falta Salesforce, Orientación a resultados.;Acreditar Salesforce: la vacante lo pide y no figura en el CV.;425d41c7203a2767e3c70d2be9eb4c5e
962;107;199;5;10/08/2026;2;1;3;4;1;2,4;2,5;Baja;Punto fuerte: retribución. Cubre Inglés. Punto débil: habilidades pedidas: le falta Análisis estadístico, Pensamiento crítico.;Acreditar Análisis estadístico: la vacante lo pide y no figura en el CV.;018a507c8bc3280d933488b584add926
963;75;139;5;10/08/2026;1;1;5;3;2;2,0;1,9;Baja;Punto fuerte: experiencia. No acredita a buen nivel ninguna de las habilidades pedidas. Punto débil: encaje con el rol.;Acreditar Negociación: la vacante lo pide y no figura en el CV.;d30d03d751c3dd67c9e53c2c3fd99212
964;69;34;5;10/08/2026;3;3;3;1;3;3,8;4,0;Media;Punto fuerte: encaje con el rol. Cubre Creatividad. Punto débil: retribución.;Acreditar Organización: la vacante lo pide y no figura en el CV.;7acbc14f03275bc7b352029c8f0b9bc1
965;106;174;5;10/08/2026;3;1;1;4;2;2,4;2,7;Baja;Punto fuerte: retribución. Cubre Negociación. Punto débil: habilidades pedidas: le falta Empatía, Microsoft Office.;Acreditar Empatía: la vacante lo pide y no figura en el CV.;1d34b2b4a5c33959f0ee775925dcb0e2
966;110;154;5;10/08/2026;1;1;5;1;2;2,2;2,4;Baja;Punto fuerte: experiencia. Cubre Atención al cliente. Punto débil: encaje con el rol.;Acreditar Microsoft Office: la vacante lo pide y no figura en el CV.;30513ba705d6e6ed3ff594b5995fe27c
967;18;169;5;10/08/2026;5;1;4;1;3;3,5;3,4;Media;Punto fuerte: encaje con el rol. No acredita a buen nivel ninguna de las habilidades pedidas. Punto débil: habilidades pedidas: le falta Autonomía, Soldadura.;Acreditar Autonomía: la vacante lo pide y no figura en el CV.;f75337c1535cca7acdd8d464a5086ad5
968;98;15;5;10/08/2026;4;2;3;2;3;3,6;3,3;Media;Punto fuerte: encaje con el rol. Cubre Inglés. Punto débil: habilidades pedidas: le falta Microsoft Office, Francés.;Acreditar Microsoft Office: la vacante lo pide y no figura en el CV.;c5c761f89bb823c2eba5d9fb3bd0a14d
969;103;140;5;10/08/2026;2;1;3;2;2;2,0;2,1;Baja;Punto fuerte: experiencia. No acredita a buen nivel ninguna de las habilidades pedidas. Punto débil: habilidades pedidas: le falta Vocación de servicio, Atención al cliente.;Acreditar Vocación de servicio: la vacante lo pide y no figura en el CV.;37af7efae85839558568edaf5c1584f8
970;78;175;5;10/08/2026;4;1;4;3;3;3,5;3,5;Media;Punto fuerte: encaje con el rol. No acredita a buen nivel ninguna de las habilidades pedidas. Punto débil: habilidades pedidas: le falta Análisis estadístico, SQL.;Acreditar Análisis estadístico: la vacante lo pide y no figura en el CV.;215b534770cb82e308cf143763fa6b20
971;38;217;5;10/08/2026;5;1;5;1;3;3,1;3,0;Media;Punto fuerte: encaje con el rol. No acredita a buen nivel ninguna de las habilidades pedidas. Punto débil: habilidades pedidas: le falta Atención al cliente, Organización.;Acreditar Atención al cliente: la vacante lo pide y no figura en el CV.;68f33e0ca8603c304a1b18b11dfd0464
972;99;137;5;10/08/2026;5;1;3;2;2;3,5;3,3;Media;Punto fuerte: encaje con el rol. No acredita a buen nivel ninguna de las habilidades pedidas. Punto débil: habilidades pedidas: le falta Mecanizado CNC, Autonomía.;Acreditar Mecanizado CNC: la vacante lo pide y no figura en el CV.;46dcc44cf0c4cc192a18786d8bbcbefc
973;83;77;5;10/08/2026;3;1;5;3;3;3,4;3,4;Media;Punto fuerte: experiencia. No acredita a buen nivel ninguna de las habilidades pedidas. Punto débil: habilidades pedidas: le falta HubSpot, Google Analytics.;Acreditar HubSpot: la vacante lo pide y no figura en el CV.;0da3bf552eaaf1b9ddbdb332ac2cb1a9
974;109;137;5;10/08/2026;1;1;5;3;2;2,8;3,1;Baja;Punto fuerte: experiencia. No acredita a buen nivel ninguna de las habilidades pedidas. Punto débil: encaje con el rol.;Acreditar Mecanizado CNC: la vacante lo pide y no figura en el CV.;8c05856918be966f9ef0b4acf5cb8f27
975;36;116;5;10/08/2026;2;2;3;1;1;2,2;2,3;Baja;Punto fuerte: experiencia. No acredita a buen nivel ninguna de las habilidades pedidas. Punto débil: retribución.;Acreditar Odoo: la vacante lo pide y no figura en el CV.;a9c8adea270d72c098cdcfc98cec0a24
976;64;74;5;10/08/2026;2;1;4;3;2;2,8;2,6;Baja;Punto fuerte: experiencia. No acredita a buen nivel ninguna de las habilidades pedidas. Punto débil: habilidades pedidas: le falta Diseño gráfico, Atención al detalle.;Acreditar Diseño gráfico: la vacante lo pide y no figura en el CV.;8fcae24fb6920086713d68c73ed9e705
977;105;140;5;10/08/2026;2;2;4;3;2;3,1;3,2;Media;Punto fuerte: experiencia. No acredita a buen nivel ninguna de las habilidades pedidas. Punto débil: encaje con el rol.;Acreditar Vocación de servicio: la vacante lo pide y no figura en el CV.;b6452daf8fd3171fbc538805a9f31fb3
978;4;42;5;10/08/2026;5;2;4;3;4;4,2;4,0;Alta;Punto fuerte: encaje con el rol. Cubre Organización, Creatividad. Punto débil: habilidades pedidas: le falta Trabajo bajo presión, Euskera.;Acreditar Trabajo bajo presión: la vacante lo pide y no figura en el CV.;c87557ecf671fcc862d8f4c7c86bcd1e
979;105;235;5;10/08/2026;3;1;3;2;2;3,0;3,4;Media;Punto fuerte: encaje con el rol. No acredita a buen nivel ninguna de las habilidades pedidas. Punto débil: habilidades pedidas: le falta Vocación de servicio, Trabajo en equipo.;Acreditar Vocación de servicio: la vacante lo pide y no figura en el CV.;b6452daf8fd3171fbc538805a9f31fb3
980;72;81;5;10/08/2026;5;1;5;3;3;3,8;3,7;Media;Punto fuerte: encaje con el rol. No acredita a buen nivel ninguna de las habilidades pedidas. Punto débil: habilidades pedidas: le falta SAP, Excel avanzado.;Acreditar SAP: la vacante lo pide y no figura en el CV.;00c6ea09b3c021f3b117297451d698eb
981;92;138;5;10/08/2026;2;1;3;3;2;2,6;3,0;Baja;Punto fuerte: experiencia. No acredita a buen nivel ninguna de las habilidades pedidas. Punto débil: habilidades pedidas: le falta Orientación a resultados, Negociación.;Acreditar Orientación a resultados: la vacante lo pide y no figura en el CV.;507bc7580a51d87e07b5c014e3951fd6
982;21;74;5;10/08/2026;1;1;2;3;2;2,5;2,8;Baja;Punto fuerte: retribución. No acredita a buen nivel ninguna de las habilidades pedidas. Punto débil: encaje con el rol.;Acreditar Diseño gráfico: la vacante lo pide y no figura en el CV.;e474a22c958190bad25d49ed5c04aaf3
983;67;128;5;10/08/2026;5;2;2;5;2;4,0;3,5;Alta;Punto fuerte: encaje con el rol. Cubre Power BI. Punto débil: habilidades pedidas: le falta Excel avanzado, Análisis estadístico.;Acreditar Excel avanzado: la vacante lo pide y no figura en el CV.;91cd2ac01281f8d5fa469f6015e9a4ab
984;85;177;5;10/08/2026;2;2;5;3;2;3,4;3,1;Media;Punto fuerte: experiencia. No acredita a buen nivel ninguna de las habilidades pedidas. Punto débil: encaje con el rol.;Acreditar Atención al cliente: la vacante lo pide y no figura en el CV.;5c4e1357a35f409ae56311fce6ced4de
985;63;27;4;10/08/2026;3;1;1;4;2;2,5;2,5;Baja;Revisión manual. Punto fuerte: retribución.;Acreditar Gestión de proyectos: la vacante lo pide y no figura en el CV.;a76d2d2fdfe4ab06c79ecacf09618e66
986;109;191;3;10/08/2026;1;3;5;4;2;2,4;2,4;Baja;Revisión manual. Punto fuerte: experiencia.;Acreditar Excel avanzado: la vacante lo pide y no figura en el CV.;8c05856918be966f9ef0b4acf5cb8f27
987;1;102;3;10/08/2026;1;1;2;5;2;3,2;3,2;Media;Revisión manual. Punto fuerte: retribución.;Acreditar Excel avanzado: la vacante lo pide y no figura en el CV.;a1bec3d7b0af64b7b136dfd2d05d6fb7
988;55;75;4;10/08/2026;1;2;3;4;3;3,2;3,2;Media;Revisión manual. Punto fuerte: retribución.;Acreditar Excel avanzado: la vacante lo pide y no figura en el CV.;bdc486f200cf51150a14741a79615248
989;104;169;5;11/08/2026;5;1;5;1;3;3,3;3,0;Media;Punto fuerte: encaje con el rol. Cubre Autonomía. Punto débil: habilidades pedidas: le falta Soldadura, Prevención de riesgos.;Acreditar Soldadura: la vacante lo pide y no figura en el CV.;83784fb75cfd6f0b3f6f78ed66c29913
990;106;34;5;11/08/2026;5;1;2;3;3;3,2;3,0;Media;Punto fuerte: encaje con el rol. No acredita a buen nivel ninguna de las habilidades pedidas. Punto débil: habilidades pedidas: le falta Trabajo bajo presión, Organización.;Acreditar Trabajo bajo presión: la vacante lo pide y no figura en el CV.;1d34b2b4a5c33959f0ee775925dcb0e2
991;110;132;5;11/08/2026;2;3;3;3;3;3,2;3,2;Media;Punto fuerte: habilidades pedidas (Atención al cliente, Euskera). Cubre Atención al cliente, Euskera. Punto débil: encaje con el rol.;Acreditar Microsoft Office: la vacante lo pide y no figura en el CV.;30513ba705d6e6ed3ff594b5995fe27c
992;93;1;5;11/08/2026;2;2;5;1;2;3,3;3,7;Media;Punto fuerte: experiencia. Cubre Euskera. Punto débil: retribución.;Acreditar AutoCAD: la vacante lo pide y no figura en el CV.;7471a6f385b02e1a4dfb6809e06f286e
993;67;66;5;11/08/2026;2;2;3;4;2;2,5;2,5;Baja;Punto fuerte: retribución. Cubre Pensamiento crítico. Punto débil: encaje con el rol.;Acreditar Análisis estadístico: la vacante lo pide y no figura en el CV.;91cd2ac01281f8d5fa469f6015e9a4ab
994;102;134;5;11/08/2026;4;3;5;4;4;4,9;4,7;Alta;Punto fuerte: experiencia. Cubre Creatividad, Google Analytics, WordPress. Punto débil: habilidades pedidas: le falta HubSpot.;Acreditar HubSpot: la vacante lo pide y no figura en el CV.;025b3b4f122944277d4e5de5758fb6c9
995;15;241;5;11/08/2026;3;2;3;3;3;3,6;3,5;Media;Punto fuerte: encaje con el rol. Cubre Comunicación. Punto débil: habilidades pedidas: le falta Inglés, Pensamiento crítico.;Acreditar Inglés: la vacante lo pide y no figura en el CV.;045acccb8d5df88f9758c8c5ad6ab3da
996;113;90;5;11/08/2026;5;1;1;5;2;3,8;3,2;Media;Punto fuerte: encaje con el rol. Cubre Euskera. Punto débil: habilidades pedidas: le falta JavaScript, SQL.;Acreditar JavaScript: la vacante lo pide y no figura en el CV.;7eecc91afd3f91f116de12ffa2ece811
997;60;175;5;11/08/2026;2;2;2;4;2;3,1;3,2;Media;Punto fuerte: retribución. No acredita a buen nivel ninguna de las habilidades pedidas. Punto débil: encaje con el rol.;Acreditar Análisis estadístico: la vacante lo pide y no figura en el CV.;7fb8cfa04fabdd00e9a549148bd60e44
998;31;27;5;11/08/2026;1;1;3;4;1;1,9;1,9;Baja;Punto fuerte: retribución. No acredita a buen nivel ninguna de las habilidades pedidas. Punto débil: encaje con el rol.;Acreditar Gestión de proyectos: la vacante lo pide y no figura en el CV.;f5bdd3f0eb3dad01d633b74b369c9125
999;107;86;5;11/08/2026;2;3;3;3;3;3,5;3,7;Media;Punto fuerte: habilidades pedidas (Euskera). Cubre Euskera. Punto débil: encaje con el rol.;Acreditar Trabajo bajo presión: la vacante lo pide y no figura en el CV.;018a507c8bc3280d933488b584add926
1000;114;11;5;11/08/2026;4;2;4;1;4;4,1;3,9;Alta;Punto fuerte: encaje con el rol. Cubre Organización, QuickBooks. Punto débil: retribución.;Acreditar Contabilidad: la vacante lo pide y no figura en el CV.;ecbcbaa2cd87e3d89bdbf4bee1928766
1001;113;238;5;11/08/2026;2;1;3;1;2;2,4;2,4;Baja;Punto fuerte: experiencia. No acredita a buen nivel ninguna de las habilidades pedidas. Punto débil: habilidades pedidas: le falta Atención al cliente, Vocación de servicio.;Acreditar Atención al cliente: la vacante lo pide y no figura en el CV.;7eecc91afd3f91f116de12ffa2ece811
1002;59;60;5;11/08/2026;3;2;3;3;4;3,9;4,3;Media;Punto fuerte: probabilidad de entrevista. No acredita a buen nivel ninguna de las habilidades pedidas. Punto débil: habilidades pedidas: le falta Prevención de riesgos, Mecanizado CNC.;Acreditar Prevención de riesgos: la vacante lo pide y no figura en el CV.;76c5a1f362a8c28dc86ec1e008398a92
1003;26;175;5;11/08/2026;5;2;2;3;3;3,7;3,5;Media;Punto fuerte: encaje con el rol. Cubre SQL. Punto débil: habilidades pedidas: le falta Análisis estadístico, Excel avanzado.;Acreditar Análisis estadístico: la vacante lo pide y no figura en el CV.;e18d57d93e73503c7ab01f43e67c99b0
1004;102;54;5;11/08/2026;5;3;3;5;4;4,5;4,5;Alta;Punto fuerte: encaje con el rol. Cubre Google Analytics, Creatividad, WordPress. Punto débil: habilidades pedidas: le falta HubSpot.;Acreditar HubSpot: la vacante lo pide y no figura en el CV.;025b3b4f122944277d4e5de5758fb6c9
1005;119;175;5;11/08/2026;2;1;2;3;2;2,3;2,5;Baja;Punto fuerte: retribución. No acredita a buen nivel ninguna de las habilidades pedidas. Punto débil: habilidades pedidas: le falta Análisis estadístico, SQL.;Acreditar Análisis estadístico: la vacante lo pide y no figura en el CV.;bf4d833bd31cd6a9f8c9ebb76104ddf7
1006;102;66;5;11/08/2026;2;1;3;5;2;2,7;3,1;Baja;Punto fuerte: retribución. No acredita a buen nivel ninguna de las habilidades pedidas. Punto débil: habilidades pedidas: le falta Análisis estadístico, Pensamiento crítico.;Acreditar Análisis estadístico: la vacante lo pide y no figura en el CV.;025b3b4f122944277d4e5de5758fb6c9
1007;121;104;5;11/08/2026;5;3;1;5;3;4,0;4,2;Alta;Punto fuerte: encaje con el rol. Cubre Python, SQL, Euskera. Punto débil: experiencia.;Acreditar Excel avanzado: la vacante lo pide y no figura en el CV.;cb39e08210413c9765882bcc9841220f
1008;43;205;5;11/08/2026;2;2;2;5;2;3,5;3,8;Media;Punto fuerte: retribución. Cubre SQL. Punto débil: encaje con el rol.;Acreditar Python: la vacante lo pide y no figura en el CV.;9defc6717147945ac3ef5433653b5bd3
1009;91;70;5;11/08/2026;1;1;4;3;2;2,4;2,2;Baja;Punto fuerte: experiencia. No acredita a buen nivel ninguna de las habilidades pedidas. Punto débil: encaje con el rol.;Acreditar WordPress: la vacante lo pide y no figura en el CV.;be9bfff5f85dbd1ee4d9197b95ba39c9
1010;6;116;5;11/08/2026;2;2;4;4;1;2,7;2,6;Baja;Punto fuerte: experiencia. Cubre Organización. Punto débil: probabilidad de entrevista.;Acreditar Odoo: la vacante lo pide y no figura en el CV.;20957a05960764518bb49811dc16a350
1011;95;47;5;11/08/2026;1;2;1;4;2;2,5;2,6;Baja;Punto fuerte: retribución. Cubre Creatividad, Empatía. Punto débil: encaje con el rol.;Acreditar Figma: la vacante lo pide y no figura en el CV.;38ec8d05ee004f3d9735664e439808c9
1012;89;130;5;11/08/2026;5;2;1;4;3;3,3;3,2;Media;Punto fuerte: encaje con el rol. Cubre Docker. Punto débil: experiencia.;Acreditar Redes: la vacante lo pide y no figura en el CV.;e55d60a89641a3f36c331a954f73d14f
1013;45;104;5;11/08/2026;5;2;2;3;2;3,9;4,0;Media;Punto fuerte: encaje con el rol. Cubre Euskera. Punto débil: habilidades pedidas: le falta Excel avanzado, Python.;Acreditar Excel avanzado: la vacante lo pide y no figura en el CV.;79696bcf14d19d8cc255fccfe9b7752e
1014;19;250;5;11/08/2026;5;2;2;1;3;4,0;3,9;Alta;Punto fuerte: encaje con el rol. Cubre Euskera. Punto débil: retribución.;Acreditar Inglés: la vacante lo pide y no figura en el CV.;07de0c3b759cac6c75f836ee50a4ea34
1015;23;104;5;11/08/2026;1;1;4;5;2;2,2;2,2;Baja;Punto fuerte: retribución. Cubre Euskera. Punto débil: encaje con el rol.;Acreditar Excel avanzado: la vacante lo pide y no figura en el CV.;c69114ac25b163c11e24ee2b45095c2e
1016;77;114;5;11/08/2026;4;2;3;3;2;3,0;2,9;Media;Punto fuerte: encaje con el rol. Cubre Orientación a resultados, Euskera. Punto débil: habilidades pedidas: le falta Salesforce, Negociación.;Acreditar Salesforce: la vacante lo pide y no figura en el CV.;6b2ecdff913c1a67b7a1efcffbace6d8
1017;20;138;5;11/08/2026;2;1;5;3;2;3,0;3,2;Media;Punto fuerte: experiencia. No acredita a buen nivel ninguna de las habilidades pedidas. Punto débil: habilidades pedidas: le falta Orientación a resultados, Negociación.;Acreditar Orientación a resultados: la vacante lo pide y no figura en el CV.;d63095188ac78085013df7e2e119a597
1018;74;35;3;11/08/2026;1;2;2;1;1;1,6;1,6;Baja;Revisión manual. Sin puntos fuertes claros para este puesto.;Acreditar Odoo: la vacante lo pide y no figura en el CV.;670d890f4ae2ab6b18accfa8c5a36fe3
1019;125;173;5;12/08/2026;2;4;3;2;3;3,5;3,6;Media;Punto fuerte: habilidades pedidas (Negociación, Orientación a resultados). Cubre Negociación, Orientación a resultados. Punto débil: encaje con el rol.;Acreditar Salesforce: la vacante lo pide y no figura en el CV.;53a01c275e45eeaf2f82fc44b80aed50
1020;89;90;5;12/08/2026;5;3;1;5;3;4,0;3,9;Alta;Punto fuerte: encaje con el rol. Cubre Git, Euskera. Punto débil: experiencia.;Acreditar JavaScript: la vacante lo pide y no figura en el CV.;e55d60a89641a3f36c331a954f73d14f
1021;103;1;5;12/08/2026;5;2;4;3;4;4,2;3,9;Alta;Punto fuerte: encaje con el rol. Cubre Negociación. Punto débil: habilidades pedidas: le falta AutoCAD.;Acreditar AutoCAD: la vacante lo pide y no figura en el CV.;37af7efae85839558568edaf5c1584f8
1022;76;147;5;12/08/2026;4;3;1;3;3;3,4;3,3;Media;Punto fuerte: encaje con el rol. Cubre Orientación a resultados, Salesforce. Punto débil: experiencia.;Acreditar Atención al cliente: la vacante lo pide y no figura en el CV.;4cfd825587a78dd0bc54d9398a050a4f
1023;88;4;5;12/08/2026;4;1;4;3;2;3,3;3,0;Media;Punto fuerte: encaje con el rol. Cubre Euskera. Punto débil: habilidades pedidas: le falta Contabilidad, Pensamiento crítico.;Acreditar Contabilidad: la vacante lo pide y no figura en el CV.;003d3d1722fa228dec7454b99b38765f
1024;95;235;5;12/08/2026;2;3;2;4;2;3,8;3,7;Media;Punto fuerte: retribución. Cubre Atención al cliente. Punto débil: encaje con el rol.;Acreditar Vocación de servicio: la vacante lo pide y no figura en el CV.;38ec8d05ee004f3d9735664e439808c9
1025;72;77;5;12/08/2026;1;1;5;3;2;2,7;2,5;Baja;Punto fuerte: experiencia. No acredita a buen nivel ninguna de las habilidades pedidas. Punto débil: encaje con el rol.;Acreditar HubSpot: la vacante lo pide y no figura en el CV.;00c6ea09b3c021f3b117297451d698eb
1026;83;169;5;12/08/2026;2;1;5;3;2;3,1;3,4;Media;Punto fuerte: experiencia. No acredita a buen nivel ninguna de las habilidades pedidas. Punto débil: habilidades pedidas: le falta Autonomía, Soldadura.;Acreditar Autonomía: la vacante lo pide y no figura en el CV.;0da3bf552eaaf1b9ddbdb332ac2cb1a9
1027;109;243;5;12/08/2026;2;1;5;5;2;3,2;3,1;Media;Punto fuerte: experiencia. Cubre Euskera. Punto débil: habilidades pedidas: le falta Excel avanzado, Power BI.;Acreditar Excel avanzado: la vacante lo pide y no figura en el CV.;8c05856918be966f9ef0b4acf5cb8f27
1028;120;51;5;12/08/2026;2;3;5;1;2;3,4;3,3;Media;Punto fuerte: experiencia. Cubre Negociación, Gestión de proyectos. Punto débil: retribución.;Acreditar Prevención de riesgos: la vacante lo pide y no figura en el CV.;316f87cb8ffa1f8e3787c1907ef0d540
1029;108;80;5;12/08/2026;4;2;5;2;2;3,5;3,3;Media;Punto fuerte: experiencia. Cubre Trabajo en equipo, Prevención de riesgos. Punto débil: habilidades pedidas: le falta Mecanizado CNC, Trabajo bajo presión.;Acreditar Mecanizado CNC: la vacante lo pide y no figura en el CV.;d8dfe0f83e95120fd39310c95ef282a9
1030;6;66;5;12/08/2026;5;3;3;5;3;4,5;4,5;Alta;Punto fuerte: encaje con el rol. Cubre Análisis estadístico, Pensamiento crítico. Punto débil: habilidades pedidas: le falta Inglés.;Acreditar Inglés: la vacante lo pide y no figura en el CV.;20957a05960764518bb49811dc16a350
1031;80;77;5;12/08/2026;1;2;2;3;1;2,4;2,4;Baja;Punto fuerte: retribución. Cubre Creatividad. Punto débil: encaje con el rol.;Acreditar HubSpot: la vacante lo pide y no figura en el CV.;0ab41c1e90b3e44375989152324bc3dc
1032;123;139;5;12/08/2026;1;1;3;3;2;1,9;1,7;Baja;Punto fuerte: experiencia. No acredita a buen nivel ninguna de las habilidades pedidas. Punto débil: encaje con el rol.;Acreditar Negociación: la vacante lo pide y no figura en el CV.;6155f3343edca93166aeafc6c86a1068
1033;15;147;5;12/08/2026;2;1;1;3;1;2,4;2,7;Baja;Punto fuerte: retribución. No acredita a buen nivel ninguna de las habilidades pedidas. Punto débil: habilidades pedidas: le falta Negociación, Atención al cliente.;Acreditar Negociación: la vacante lo pide y no figura en el CV.;045acccb8d5df88f9758c8c5ad6ab3da
1034;83;104;5;12/08/2026;5;2;3;3;4;4,0;3,8;Alta;Punto fuerte: encaje con el rol. Cubre Euskera. Punto débil: habilidades pedidas: le falta Excel avanzado, Análisis estadístico.;Acreditar Excel avanzado: la vacante lo pide y no figura en el CV.;0da3bf552eaaf1b9ddbdb332ac2cb1a9
1035;62;147;5;12/08/2026;5;2;3;3;3;3,8;3,6;Media;Punto fuerte: encaje con el rol. Cubre Atención al cliente. Punto débil: habilidades pedidas: le falta Negociación, Salesforce.;Acreditar Negociación: la vacante lo pide y no figura en el CV.;cb24798309bdfcaab479bb037eec32ab
1036;32;66;5;12/08/2026;5;4;2;3;3;4,2;4,2;Alta;Punto fuerte: encaje con el rol. Cubre Análisis estadístico, Pensamiento crítico. Punto débil: experiencia.;Subir Inglés de nivel 2 a 3.;75dca3528dcbd1edfbded4bb0601c459
1037;76;138;5;12/08/2026;5;3;3;3;4;4,1;4,2;Alta;Punto fuerte: encaje con el rol. Cubre Orientación a resultados, Salesforce. Punto débil: habilidades pedidas: le falta Atención al cliente.;Acreditar Atención al cliente: la vacante lo pide y no figura en el CV.;4cfd825587a78dd0bc54d9398a050a4f
1038;53;138;5;12/08/2026;5;1;5;4;3;4,0;4,0;Alta;Punto fuerte: encaje con el rol. Cubre Negociación. Punto débil: habilidades pedidas: le falta Orientación a resultados, Atención al cliente.;Acreditar Orientación a resultados: la vacante lo pide y no figura en el CV.;d7dc5213f05e3731c1548793a9af61e6
1039;103;149;5;12/08/2026;1;1;2;3;1;1,7;1,5;Baja;Punto fuerte: retribución. No acredita a buen nivel ninguna de las habilidades pedidas. Punto débil: encaje con el rol.;Acreditar Creatividad: la vacante lo pide y no figura en el CV.;37af7efae85839558568edaf5c1584f8
1040;23;187;5;12/08/2026;2;3;3;3;3;3,3;3,1;Media;Punto fuerte: habilidades pedidas (Atención al cliente, Euskera). Cubre Atención al cliente, Euskera. Punto débil: encaje con el rol.;Acreditar Negociación: la vacante lo pide y no figura en el CV.;c69114ac25b163c11e24ee2b45095c2e
1041;117;35;5;12/08/2026;4;1;1;1;2;3,0;2,9;Media;Punto fuerte: encaje con el rol. No acredita a buen nivel ninguna de las habilidades pedidas. Punto débil: habilidades pedidas: le falta Organización, Odoo.;Acreditar Organización: la vacante lo pide y no figura en el CV.;35b6487636b234fe1f4efe057b30b1e2
1042;58;147;5;12/08/2026;2;1;1;5;1;2,2;2,2;Baja;Punto fuerte: retribución. No acredita a buen nivel ninguna de las habilidades pedidas. Punto débil: habilidades pedidas: le falta Negociación, Atención al cliente.;Acreditar Negociación: la vacante lo pide y no figura en el CV.;f32dca8b4bbeaf7b99a5388a3ee25d05
1043;73;117;5;12/08/2026;2;1;2;3;3;2,2;2,7;Baja;Punto fuerte: retribución. No acredita a buen nivel ninguna de las habilidades pedidas. Punto débil: habilidades pedidas: le falta Negociación, Salesforce.;Acreditar Negociación: la vacante lo pide y no figura en el CV.;c7572b0b01ded11bb39dd474f5304968
1044;71;116;5;12/08/2026;4;1;2;3;3;3,1;2,6;Media;Punto fuerte: encaje con el rol. No acredita a buen nivel ninguna de las habilidades pedidas. Punto débil: habilidades pedidas: le falta Odoo, Organización.;Acreditar Odoo: la vacante lo pide y no figura en el CV.;6384f499504c9afb3e5b3fa9933e517e
1045;73;27;5;12/08/2026;2;3;1;3;3;3,1;3,0;Media;Punto fuerte: habilidades pedidas (Gestión de proyectos, AutoCAD). Cubre Gestión de proyectos, AutoCAD. Punto débil: experiencia.;Acreditar Prevención de riesgos: la vacante lo pide y no figura en el CV.;c7572b0b01ded11bb39dd474f5304968
1046;99;208;5;12/08/2026;2;1;3;3;1;2,4;2,3;Baja;Punto fuerte: experiencia. No acredita a buen nivel ninguna de las habilidades pedidas. Punto débil: habilidades pedidas: le falta SQL, Análisis estadístico.;Acreditar SQL: la vacante lo pide y no figura en el CV.;46dcc44cf0c4cc192a18786d8bbcbefc
1047;97;62;5;12/08/2026;5;3;2;3;4;4,4;4,2;Alta;Punto fuerte: encaje con el rol. Cubre Odoo, Microsoft Office. Punto débil: experiencia.;Acreditar Atención al cliente: la vacante lo pide y no figura en el CV.;d508c96e4333f9d60045fde2eabe6d65
1048;70;139;5;12/08/2026;3;3;3;3;3;3,8;3,7;Media;Punto fuerte: encaje con el rol. Cubre Inglés. Punto débil: encaje con el rol.;Acreditar Negociación: la vacante lo pide y no figura en el CV.;f5afac3bc9ed839fa51c0f7d16a6b1f0
1049;116;192;5;12/08/2026;5;1;2;3;3;3,0;3,2;Media;Punto fuerte: encaje con el rol. No acredita a buen nivel ninguna de las habilidades pedidas. Punto débil: habilidades pedidas: le falta Odoo, Organización.;Acreditar Odoo: la vacante lo pide y no figura en el CV.;1d8ddb07bbd95a6cd14f8e409279f715
1050;83;27;3;12/08/2026;3;1;5;3;1;2,7;2,7;Baja;Revisión manual. Punto fuerte: experiencia.;Acreditar Prevención de riesgos: la vacante lo pide y no figura en el CV.;0da3bf552eaaf1b9ddbdb332ac2cb1a9
1051;4;27;5;13/08/2026;1;1;3;5;1;2,6;2,2;Baja;Punto fuerte: retribución. No acredita a buen nivel ninguna de las habilidades pedidas. Punto débil: encaje con el rol.;Acreditar Gestión de proyectos: la vacante lo pide y no figura en el CV.;c87557ecf671fcc862d8f4c7c86bcd1e
1052;93;45;5;13/08/2026;1;1;5;4;2;2,5;2,9;Baja;Punto fuerte: experiencia. Cubre Euskera. Punto débil: encaje con el rol.;Acreditar Atención al detalle: la vacante lo pide y no figura en el CV.;7471a6f385b02e1a4dfb6809e06f286e
1053;96;15;5;13/08/2026;2;1;4;4;2;2,4;2,6;Baja;Punto fuerte: experiencia. No acredita a buen nivel ninguna de las habilidades pedidas. Punto débil: habilidades pedidas: le falta Microsoft Office, Francés.;Acreditar Microsoft Office: la vacante lo pide y no figura en el CV.;4186f381102a944447440cf53f150937
1054;110;192;5;13/08/2026;2;2;5;3;3;3,8;4,2;Media;Punto fuerte: experiencia. Cubre Atención al cliente. Punto débil: encaje con el rol.;Acreditar Odoo: la vacante lo pide y no figura en el CV.;30513ba705d6e6ed3ff594b5995fe27c
1055;92;114;5;13/08/2026;3;1;5;2;2;3,2;3,5;Media;Punto fuerte: experiencia. No acredita a buen nivel ninguna de las habilidades pedidas. Punto débil: habilidades pedidas: le falta Salesforce, Orientación a resultados.;Acreditar Salesforce: la vacante lo pide y no figura en el CV.;507bc7580a51d87e07b5c014e3951fd6
1056;123;147;5;13/08/2026;4;3;2;3;2;3,9;3,4;Media;Punto fuerte: encaje con el rol. Cubre Atención al cliente, Salesforce. Punto débil: experiencia.;Acreditar Negociación: la vacante lo pide y no figura en el CV.;6155f3343edca93166aeafc6c86a1068
1057;126;103;5;13/08/2026;3;2;3;3;3;3,6;3,6;Media;Punto fuerte: encaje con el rol. No acredita a buen nivel ninguna de las habilidades pedidas. Punto débil: habilidades pedidas: le falta Trabajo en equipo, Logística.;Acreditar Trabajo en equipo: la vacante lo pide y no figura en el CV.;bf8badb65edb2a8201262f446f291c52
1058;90;169;5;13/08/2026;2;1;5;1;2;3,0;3,2;Media;Punto fuerte: experiencia. No acredita a buen nivel ninguna de las habilidades pedidas. Punto débil: habilidades pedidas: le falta Autonomía, Soldadura.;Acreditar Autonomía: la vacante lo pide y no figura en el CV.;76f8de286439e9508b10f9e90bf2fedc
1059;98;218;5;13/08/2026;5;2;4;1;2;3,3;2,9;Media;Punto fuerte: encaje con el rol. Cubre Trabajo bajo presión. Punto débil: retribución.;Acreditar Trabajo en equipo: la vacante lo pide y no figura en el CV.;c5c761f89bb823c2eba5d9fb3bd0a14d
1060;98;80;5;13/08/2026;4;3;4;3;4;4,5;4,2;Alta;Punto fuerte: encaje con el rol. Cubre Trabajo bajo presión. Punto débil: habilidades pedidas: le falta Mecanizado CNC, Trabajo en equipo.;Acreditar Mecanizado CNC: la vacante lo pide y no figura en el CV.;c5c761f89bb823c2eba5d9fb3bd0a14d
1061;123;247;5;13/08/2026;3;3;2;3;2;3,1;2,7;Media;Punto fuerte: encaje con el rol. Cubre Atención al cliente, Salesforce. Punto débil: experiencia.;Acreditar Negociación: la vacante lo pide y no figura en el CV.;6155f3343edca93166aeafc6c86a1068
1062;124;169;5;13/08/2026;5;1;5;3;4;3,7;4,1;Media;Punto fuerte: encaje con el rol. No acredita a buen nivel ninguna de las habilidades pedidas. Punto débil: habilidades pedidas: le falta Autonomía, Soldadura.;Acreditar Autonomía: la vacante lo pide y no figura en el CV.;88f59b2261aa4bf4c7aee145ba6dfe21
1063;126;86;5;13/08/2026;3;2;3;4;1;3,2;3,5;Media;Punto fuerte: retribución. Cubre Trabajo bajo presión. Punto débil: probabilidad de entrevista.;Acreditar Empatía: la vacante lo pide y no figura en el CV.;bf8badb65edb2a8201262f446f291c52
1064;96;95;5;13/08/2026;3;1;4;3;2;3,0;3,1;Media;Punto fuerte: experiencia. No acredita a buen nivel ninguna de las habilidades pedidas. Punto débil: habilidades pedidas: le falta Atención al cliente, Orientación a resultados.;Acreditar Atención al cliente: la vacante lo pide y no figura en el CV.;4186f381102a944447440cf53f150937
1065;53;77;5;13/08/2026;5;1;5;5;3;3,8;3,9;Media;Punto fuerte: encaje con el rol. No acredita a buen nivel ninguna de las habilidades pedidas. Punto débil: habilidades pedidas: le falta Google Analytics, Creatividad.;Acreditar Google Analytics: la vacante lo pide y no figura en el CV.;d7dc5213f05e3731c1548793a9af61e6
1066;104;97;5;13/08/2026;5;1;3;2;3;3,7;3,5;Media;Punto fuerte: encaje con el rol. No acredita a buen nivel ninguna de las habilidades pedidas. Punto débil: habilidades pedidas: le falta SAP, Atención al detalle.;Acreditar SAP: la vacante lo pide y no figura en el CV.;83784fb75cfd6f0b3f6f78ed66c29913
1067;123;238;5;13/08/2026;3;3;4;4;4;4,3;4,1;Alta;Punto fuerte: experiencia. Cubre Atención al cliente. Punto débil: encaje con el rol.;Acreditar Trabajo en equipo: la vacante lo pide y no figura en el CV.;6155f3343edca93166aeafc6c86a1068
1068;15;191;5;13/08/2026;2;1;2;4;1;2,4;2,3;Baja;Punto fuerte: retribución. No acredita a buen nivel ninguna de las habilidades pedidas. Punto débil: habilidades pedidas: le falta Excel avanzado, Pensamiento crítico.;Acreditar Excel avanzado: la vacante lo pide y no figura en el CV.;045acccb8d5df88f9758c8c5ad6ab3da
1069;100;191;5;13/08/2026;2;1;1;4;1;2,1;2,3;Baja;Punto fuerte: retribución. No acredita a buen nivel ninguna de las habilidades pedidas. Punto débil: habilidades pedidas: le falta Excel avanzado, Pensamiento crítico.;Acreditar Excel avanzado: la vacante lo pide y no figura en el CV.;a55050736976ba738c4e5e8a86c34ed9
1070;33;66;5;13/08/2026;4;1;2;4;2;2,5;2,4;Baja;Punto fuerte: encaje con el rol. No acredita a buen nivel ninguna de las habilidades pedidas. Punto débil: habilidades pedidas: le falta Inglés.;Acreditar Inglés: la vacante lo pide y no figura en el CV.;f56a53d6d06a56c7dbc5480afd08848d
1071;7;35;5;13/08/2026;5;2;5;4;4;4,5;4,3;Alta;Punto fuerte: encaje con el rol. No acredita a buen nivel ninguna de las habilidades pedidas. Punto débil: habilidades pedidas: le falta Organización, Odoo.;Acreditar Organización: la vacante lo pide y no figura en el CV.;383eaa5c29506016b589f75b32306891
1072;92;30;5;13/08/2026;3;1;4;3;2;3,0;2,8;Media;Punto fuerte: experiencia. No acredita a buen nivel ninguna de las habilidades pedidas. Punto débil: habilidades pedidas: le falta Atención al cliente, Microsoft Office.;Acreditar Atención al cliente: la vacante lo pide y no figura en el CV.;507bc7580a51d87e07b5c014e3951fd6
1073;95;44;5;13/08/2026;2;2;1;5;2;2,9;2,7;Baja;Punto fuerte: retribución. Cubre Creatividad. Punto débil: experiencia.;Acreditar Google Analytics: la vacante lo pide y no figura en el CV.;38ec8d05ee004f3d9735664e439808c9
1074;26;23;5;13/08/2026;4;1;3;3;3;3,0;2,5;Media;Punto fuerte: encaje con el rol. No acredita a buen nivel ninguna de las habilidades pedidas. Punto débil: habilidades pedidas: le falta Inglés, Atención al cliente.;Acreditar Inglés: la vacante lo pide y no figura en el CV.;e18d57d93e73503c7ab01f43e67c99b0
1075;102;217;5;13/08/2026;2;2;4;1;2;2,7;2,8;Baja;Punto fuerte: experiencia. No acredita a buen nivel ninguna de las habilidades pedidas. Punto débil: retribución.;Acreditar Atención al cliente: la vacante lo pide y no figura en el CV.;025b3b4f122944277d4e5de5758fb6c9
1076;98;217;5;13/08/2026;4;1;4;1;2;3,2;3,0;Media;Punto fuerte: encaje con el rol. No acredita a buen nivel ninguna de las habilidades pedidas. Punto débil: habilidades pedidas: le falta Atención al cliente, Organización.;Acreditar Atención al cliente: la vacante lo pide y no figura en el CV.;c5c761f89bb823c2eba5d9fb3bd0a14d
1077;123;241;5;13/08/2026;1;1;3;3;2;2,3;2,6;Baja;Punto fuerte: experiencia. No acredita a buen nivel ninguna de las habilidades pedidas. Punto débil: encaje con el rol.;Acreditar Comunicación: la vacante lo pide y no figura en el CV.;6155f3343edca93166aeafc6c86a1068
1078;85;128;5;13/08/2026;5;4;4;5;4;5,0;5,0;Alta;Punto fuerte: encaje con el rol. Cubre Análisis estadístico, Power BI. Sin puntos débiles relevantes.;Subir Excel avanzado de nivel 2 a 3.;5c4e1357a35f409ae56311fce6ced4de
1079;32;14;5;13/08/2026;5;4;4;3;5;5,0;4,9;Alta;Punto fuerte: encaje con el rol. Cubre Pensamiento crítico, Análisis estadístico. Punto débil: retribución.;Subir Inglés de nivel 2 a 3.;75dca3528dcbd1edfbded4bb0601c459
1080;111;52;5;13/08/2026;2;1;5;4;3;2,8;2,5;Baja;Punto fuerte: experiencia. No acredita a buen nivel ninguna de las habilidades pedidas. Punto débil: habilidades pedidas: le falta Atención al cliente, Francés.;Acreditar Atención al cliente: la vacante lo pide y no figura en el CV.;c45621a527924aa068064fc20c28d2b9
1081;44;147;5;13/08/2026;3;1;1;5;1;2,4;2,8;Baja;Punto fuerte: retribución. No acredita a buen nivel ninguna de las habilidades pedidas. Punto débil: habilidades pedidas: le falta Negociación, Atención al cliente.;Acreditar Negociación: la vacante lo pide y no figura en el CV.;2fd67b166cd5705953353f5169d02f1f
1082;106;230;5;13/08/2026;4;1;2;3;3;3,1;2,7;Media;Punto fuerte: encaje con el rol. No acredita a buen nivel ninguna de las habilidades pedidas. Punto débil: habilidades pedidas: le falta SAP, Logística.;Acreditar SAP: la vacante lo pide y no figura en el CV.;1d34b2b4a5c33959f0ee775925dcb0e2
1083;121;208;5;13/08/2026;5;3;1;3;3;3,8;3,9;Media;Punto fuerte: encaje con el rol. Cubre SQL, Power BI, Python. Punto débil: experiencia.;Acreditar Análisis estadístico: la vacante lo pide y no figura en el CV.;cb39e08210413c9765882bcc9841220f
1084;14;234;5;13/08/2026;5;2;2;5;3;4,1;3,8;Alta;Punto fuerte: encaje con el rol. Cubre Mecanizado CNC, Prevención de riesgos. Punto débil: habilidades pedidas: le falta Autonomía.;Acreditar Autonomía: la vacante lo pide y no figura en el CV.;885480c884ed8190dc3fb64ffb791b29
1085;89;146;5;13/08/2026;5;2;3;1;2;3,8;3,9;Media;Punto fuerte: encaje con el rol. Cubre Git. Punto débil: retribución.;Acreditar JavaScript: la vacante lo pide y no figura en el CV.;e55d60a89641a3f36c331a954f73d14f
1086;126;48;5;13/08/2026;5;2;4;4;3;4,0;3,9;Alta;Punto fuerte: encaje con el rol. No acredita a buen nivel ninguna de las habilidades pedidas. Punto débil: habilidades pedidas: le falta Microsoft Office, Odoo.;Acreditar Microsoft Office: la vacante lo pide y no figura en el CV.;bf8badb65edb2a8201262f446f291c52
1087;82;234;5;13/08/2026;5;1;2;5;2;3,4;3,0;Media;Punto fuerte: encaje con el rol. No acredita a buen nivel ninguna de las habilidades pedidas. Punto débil: habilidades pedidas: le falta Mecanizado CNC, Autonomía.;Acreditar Mecanizado CNC: la vacante lo pide y no figura en el CV.;3ec0b79b25325c03b9a45736b8998523
1088;76;162;5;13/08/2026;4;2;3;3;3;3,2;2,8;Media;Punto fuerte: encaje con el rol. No acredita a buen nivel ninguna de las habilidades pedidas. Punto débil: habilidades pedidas: le falta Atención al cliente, Trabajo bajo presión.;Acreditar Atención al cliente: la vacante lo pide y no figura en el CV.;4cfd825587a78dd0bc54d9398a050a4f
1089;97;99;5;13/08/2026;4;2;1;3;2;3,5;3,3;Media;Punto fuerte: encaje con el rol. No acredita a buen nivel ninguna de las habilidades pedidas. Punto débil: experiencia.;Acreditar Atención al cliente: la vacante lo pide y no figura en el CV.;d508c96e4333f9d60045fde2eabe6d65
1090;39;234;5;13/08/2026;5;3;1;2;3;3,5;3,3;Media;Punto fuerte: encaje con el rol. Cubre Autonomía, Prevención de riesgos. Punto débil: experiencia.;Acreditar Mecanizado CNC: la vacante lo pide y no figura en el CV.;d866939a94fc049e27104c52373baea1
1091;108;80;4;13/08/2026;3;1;5;3;2;3,2;3,2;Media;Revisión manual. Punto fuerte: experiencia.;Acreditar Mecanizado CNC: la vacante lo pide y no figura en el CV.;d8dfe0f83e95120fd39310c95ef282a9
1092;65;16;5;14/08/2026;2;3;5;5;3;4,3;4,1;Alta;Punto fuerte: experiencia. Cubre Docker, SQL. Punto débil: encaje con el rol.;Acreditar Git: la vacante lo pide y no figura en el CV.;3cb0682fe51ea684660b1b35c056b93a
1093;91;62;5;14/08/2026;4;1;4;4;3;3,4;3,1;Media;Punto fuerte: encaje con el rol. No acredita a buen nivel ninguna de las habilidades pedidas. Punto débil: habilidades pedidas: le falta Odoo, Microsoft Office.;Acreditar Odoo: la vacante lo pide y no figura en el CV.;be9bfff5f85dbd1ee4d9197b95ba39c9
1094;117;106;5;14/08/2026;4;1;4;1;3;2,5;2,4;Baja;Punto fuerte: encaje con el rol. No acredita a buen nivel ninguna de las habilidades pedidas. Punto débil: habilidades pedidas: le falta Soldadura, Prevención de riesgos.;Acreditar Soldadura: la vacante lo pide y no figura en el CV.;35b6487636b234fe1f4efe057b30b1e2
1095;114;48;5;14/08/2026;2;2;3;1;1;2,0;2,0;Baja;Punto fuerte: experiencia. Cubre Organización. Punto débil: retribución.;Acreditar Microsoft Office: la vacante lo pide y no figura en el CV.;ecbcbaa2cd87e3d89bdbf4bee1928766
1096;92;121;5;14/08/2026;3;1;2;3;1;3,0;3,0;Media;Punto fuerte: encaje con el rol. No acredita a buen nivel ninguna de las habilidades pedidas. Punto débil: habilidades pedidas: le falta Microsoft Office, Organización.;Acreditar Microsoft Office: la vacante lo pide y no figura en el CV.;507bc7580a51d87e07b5c014e3951fd6
1097;111;109;5;14/08/2026;2;1;5;5;3;2,9;2,9;Baja;Punto fuerte: experiencia. No acredita a buen nivel ninguna de las habilidades pedidas. Punto débil: habilidades pedidas: le falta JavaScript, Git.;Acreditar JavaScript: la vacante lo pide y no figura en el CV.;c45621a527924aa068064fc20c28d2b9
1098;47;114;5;14/08/2026;5;3;5;3;4;4,7;4,4;Alta;Punto fuerte: encaje con el rol. Cubre Salesforce, Euskera. Punto débil: habilidades pedidas: le falta Negociación, Atención al cliente.;Acreditar Negociación: la vacante lo pide y no figura en el CV.;632cb7af436fcdef206636840f9bd3e9
1099;36;81;5;14/08/2026;5;2;3;3;2;3,4;3,1;Media;Punto fuerte: encaje con el rol. Cubre SAP. Punto débil: habilidades pedidas: le falta Excel avanzado, Pensamiento crítico.;Acreditar Excel avanzado: la vacante lo pide y no figura en el CV.;a9c8adea270d72c098cdcfc98cec0a24
1100;111;4;5;14/08/2026;1;1;5;5;2;2,9;2,8;Baja;Punto fuerte: experiencia. Cubre Euskera. Punto débil: encaje con el rol.;Acreditar Contabilidad: la vacante lo pide y no figura en el CV.;c45621a527924aa068064fc20c28d2b9
1101;110;250;5;14/08/2026;2;4;4;1;2;3,7;3,9;Media;Punto fuerte: habilidades pedidas (Atención al cliente, Euskera). Cubre Atención al cliente, Euskera. Punto débil: retribución.;Subir Inglés de nivel 2 a 3.;30513ba705d6e6ed3ff594b5995fe27c
1102;64;77;5;14/08/2026;5;3;2;4;5;4,4;4,1;Alta;Punto fuerte: encaje con el rol. Cubre HubSpot, Creatividad. Punto débil: experiencia.;Acreditar Google Analytics: la vacante lo pide y no figura en el CV.;8fcae24fb6920086713d68c73ed9e705
1103;91;134;5;14/08/2026;2;2;4;3;4;3,8;3,9;Media;Punto fuerte: experiencia. No acredita a buen nivel ninguna de las habilidades pedidas. Punto débil: encaje con el rol.;Acreditar Creatividad: la vacante lo pide y no figura en el CV.;be9bfff5f85dbd1ee4d9197b95ba39c9
1104;8;102;5;14/08/2026;5;2;2;3;3;3,7;3,6;Media;Punto fuerte: encaje con el rol. Cubre Excel avanzado. Punto débil: habilidades pedidas: le falta Gestión de proyectos, SAP.;Acreditar Gestión de proyectos: la vacante lo pide y no figura en el CV.;9091e8fb9fb54d7ae3978b0e9dfdfd4e
1105;98;63;5;14/08/2026;4;1;5;1;3;3,7;3,4;Media;Punto fuerte: experiencia. No acredita a buen nivel ninguna de las habilidades pedidas. Punto débil: habilidades pedidas: le falta Atención al cliente, Odoo.;Acreditar Atención al cliente: la vacante lo pide y no figura en el CV.;c5c761f89bb823c2eba5d9fb3bd0a14d
1106;94;141;5;14/08/2026;2;3;4;3;3;3,4;3,6;Media;Punto fuerte: experiencia. Cubre Euskera. Punto débil: encaje con el rol.;Acreditar Microsoft Office: la vacante lo pide y no figura en el CV.;425d41c7203a2767e3c70d2be9eb4c5e
1107;115;201;5;14/08/2026;2;1;1;5;2;2,2;2,4;Baja;Punto fuerte: retribución. No acredita a buen nivel ninguna de las habilidades pedidas. Punto débil: habilidades pedidas: le falta Atención al cliente, Salesforce.;Acreditar Atención al cliente: la vacante lo pide y no figura en el CV.;aa65de7ed7107b5037472dc734fcc40a
1108;59;77;5;14/08/2026;2;2;2;3;2;2,7;2,6;Baja;Punto fuerte: retribución. Cubre Creatividad. Punto débil: encaje con el rol.;Acreditar HubSpot: la vacante lo pide y no figura en el CV.;76c5a1f362a8c28dc86ec1e008398a92
1109;94;3;5;14/08/2026;2;3;3;3;3;3,7;3,6;Media;Punto fuerte: habilidades pedidas (Euskera). Cubre Euskera. Punto débil: encaje con el rol.;Acreditar Ciberseguridad: la vacante lo pide y no figura en el CV.;425d41c7203a2767e3c70d2be9eb4c5e
1110;51;167;5;14/08/2026;2;2;4;3;3;2,6;2,8;Baja;Punto fuerte: experiencia. Cubre Euskera. Punto débil: encaje con el rol.;Acreditar Organización: la vacante lo pide y no figura en el CV.;09d8964fac3b34e828c77f23f93ac102
1111;127;15;5;14/08/2026;1;2;2;1;3;2,6;2,8;Baja;Punto fuerte: probabilidad de entrevista. Cubre Inglés. Punto débil: encaje con el rol.;Acreditar Microsoft Office: la vacante lo pide y no figura en el CV.;c84a1f2aca07835f87348ad25d5788ce
1112;53;4;5;14/08/2026;2;1;3;5;2;3,1;2,8;Media;Punto fuerte: retribución. No acredita a buen nivel ninguna de las habilidades pedidas. Punto débil: habilidades pedidas: le falta Contabilidad, Pensamiento crítico.;Acreditar Contabilidad: la vacante lo pide y no figura en el CV.;d7dc5213f05e3731c1548793a9af61e6
1113;127;59;5;14/08/2026;1;1;2;5;1;2,4;2,8;Baja;Punto fuerte: retribución. No acredita a buen nivel ninguna de las habilidades pedidas. Punto débil: encaje con el rol.;Acreditar Excel avanzado: la vacante lo pide y no figura en el CV.;c84a1f2aca07835f87348ad25d5788ce
1114;122;47;5;14/08/2026;1;2;1;3;3;2,2;2,3;Baja;Punto fuerte: retribución. No acredita a buen nivel ninguna de las habilidades pedidas. Punto débil: encaje con el rol.;Acreditar Figma: la vacante lo pide y no figura en el CV.;0f47f08a3ff2736019f0343b79efd27a
1115;111;11;5;14/08/2026;1;1;5;4;3;2,4;2,5;Baja;Punto fuerte: experiencia. No acredita a buen nivel ninguna de las habilidades pedidas. Punto débil: encaje con el rol.;Acreditar Contabilidad: la vacante lo pide y no figura en el CV.;c45621a527924aa068064fc20c28d2b9
1116;94;238;5;14/08/2026;2;2;4;3;3;2,8;2,6;Baja;Punto fuerte: experiencia. Cubre Vocación de servicio. Punto débil: encaje con el rol.;Acreditar Atención al cliente: la vacante lo pide y no figura en el CV.;425d41c7203a2767e3c70d2be9eb4c5e
1117;128;70;5;14/08/2026;1;1;5;1;2;2,2;2,1;Baja;Punto fuerte: experiencia. No acredita a buen nivel ninguna de las habilidades pedidas. Punto débil: encaje con el rol.;Acreditar WordPress: la vacante lo pide y no figura en el CV.;dc4a815cd975a1b7a4abe5c4611d9745
1118;90;16;5;14/08/2026;2;1;5;5;2;3,1;3,3;Media;Punto fuerte: experiencia. No acredita a buen nivel ninguna de las habilidades pedidas. Punto débil: habilidades pedidas: le falta Docker, SQL.;Acreditar Docker: la vacante lo pide y no figura en el CV.;76f8de286439e9508b10f9e90bf2fedc
1119;58;205;5;14/08/2026;5;2;1;5;3;3,8;3,7;Media;Punto fuerte: encaje con el rol. Cubre SQL, Python. Punto débil: experiencia.;Acreditar Análisis estadístico: la vacante lo pide y no figura en el CV.;f32dca8b4bbeaf7b99a5388a3ee25d05
1120;44;66;5;14/08/2026;5;3;1;5;3;4,0;4,3;Alta;Punto fuerte: encaje con el rol. Cubre Análisis estadístico, Inglés. Punto débil: experiencia.;Subir Pensamiento crítico de nivel 2 a 3.;2fd67b166cd5705953353f5169d02f1f
1121;103;182;5;14/08/2026;2;1;2;3;1;2,1;2,2;Baja;Punto fuerte: retribución. Cubre Atención al detalle. Punto débil: habilidades pedidas: le falta Análisis estadístico, Inglés.;Acreditar Análisis estadístico: la vacante lo pide y no figura en el CV.;37af7efae85839558568edaf5c1584f8
1122;118;109;5;14/08/2026;5;3;2;3;3;3,8;3,4;Media;Punto fuerte: encaje con el rol. Cubre JavaScript, Java. Punto débil: experiencia.;Acreditar Git: la vacante lo pide y no figura en el CV.;7cd441c45246fdcf3b7ed7b74b726039
1123;36;42;5;14/08/2026;2;1;5;3;2;2,4;2,6;Baja;Punto fuerte: experiencia. No acredita a buen nivel ninguna de las habilidades pedidas. Punto débil: habilidades pedidas: le falta Organización, Trabajo bajo presión.;Acreditar Organización: la vacante lo pide y no figura en el CV.;a9c8adea270d72c098cdcfc98cec0a24
1124;26;114;5;14/08/2026;2;2;3;3;3;3,3;3,3;Media;Punto fuerte: experiencia. No acredita a buen nivel ninguna de las habilidades pedidas. Punto débil: encaje con el rol.;Acreditar Salesforce: la vacante lo pide y no figura en el CV.;e18d57d93e73503c7ab01f43e67c99b0
1125;51;147;5;14/08/2026;5;1;2;3;2;3,6;3,9;Media;Punto fuerte: encaje con el rol. No acredita a buen nivel ninguna de las habilidades pedidas. Punto débil: habilidades pedidas: le falta Negociación, Atención al cliente.;Acreditar Negociación: la vacante lo pide y no figura en el CV.;09d8964fac3b34e828c77f23f93ac102
1126;28;14;5;14/08/2026;4;2;3;3;3;3,4;3,5;Media;Punto fuerte: encaje con el rol. Cubre Inglés. Punto débil: habilidades pedidas: le falta Pensamiento crítico, Atención al detalle.;Acreditar Pensamiento crítico: la vacante lo pide y no figura en el CV.;3d4aa4595655d0cacd2dda308651f1ce
1127;60;66;5;14/08/2026;1;2;1;5;1;2,7;2,6;Baja;Punto fuerte: retribución. Cubre Inglés. Punto débil: encaje con el rol.;Acreditar Análisis estadístico: la vacante lo pide y no figura en el CV.;7fb8cfa04fabdd00e9a549148bd60e44
1128;9;147;5;14/08/2026;1;1;1;4;1;2,3;2,3;Baja;Punto fuerte: retribución. No acredita a buen nivel ninguna de las habilidades pedidas. Punto débil: encaje con el rol.;Acreditar Negociación: la vacante lo pide y no figura en el CV.;2a84e3ebb2f9f0e3841cbb047491fc45
1129;25;147;5;14/08/2026;5;2;1;4;3;3,5;3,4;Media;Punto fuerte: encaje con el rol. Cubre Negociación, Atención al cliente. Punto débil: experiencia.;Acreditar Orientación a resultados: la vacante lo pide y no figura en el CV.;38357ca63edb529b559f755942888aca
1130;119;138;5;14/08/2026;2;1;2;5;1;2,1;2,1;Baja;Punto fuerte: retribución. No acredita a buen nivel ninguna de las habilidades pedidas. Punto débil: habilidades pedidas: le falta Orientación a resultados, Negociación.;Acreditar Orientación a resultados: la vacante lo pide y no figura en el CV.;bf4d833bd31cd6a9f8c9ebb76104ddf7
1131;47;23;5;14/08/2026;2;1;5;1;3;2,6;2,5;Baja;Punto fuerte: experiencia. Cubre Inglés. Punto débil: habilidades pedidas: le falta Atención al cliente, Francés.;Acreditar Atención al cliente: la vacante lo pide y no figura en el CV.;632cb7af436fcdef206636840f9bd3e9
1132;27;66;5;14/08/2026;2;2;1;2;2;2,4;2,3;Baja;Sin puntos fuertes claros para este puesto. Cubre Inglés. Punto débil: experiencia.;Acreditar Análisis estadístico: la vacante lo pide y no figura en el CV.;a0489a87a3728bb0e3d150e106c9569a
1133;111;130;5;14/08/2026;3;2;4;5;2;3,4;3,9;Media;Punto fuerte: retribución. No acredita a buen nivel ninguna de las habilidades pedidas. Punto débil: habilidades pedidas: le falta Redes, Docker.;Acreditar Redes: la vacante lo pide y no figura en el CV.;c45621a527924aa068064fc20c28d2b9
1134;106;174;4;14/08/2026;4;1;1;5;1;2,2;2,2;Baja;Revisión manual. Punto fuerte: retribución.;Acreditar Empatía: la vacante lo pide y no figura en el CV.;1d34b2b4a5c33959f0ee775925dcb0e2
1135;69;205;5;15/08/2026;2;1;1;3;2;2,4;2,3;Baja;Punto fuerte: retribución. No acredita a buen nivel ninguna de las habilidades pedidas. Punto débil: habilidades pedidas: le falta SQL, Python.;Acreditar SQL: la vacante lo pide y no figura en el CV.;7acbc14f03275bc7b352029c8f0b9bc1
1136;92;191;5;15/08/2026;2;1;1;3;1;2,3;2,4;Baja;Punto fuerte: retribución. Cubre Excel avanzado. Punto débil: habilidades pedidas: le falta Pensamiento crítico, Atención al detalle.;Acreditar Pensamiento crítico: la vacante lo pide y no figura en el CV.;507bc7580a51d87e07b5c014e3951fd6
1137;68;169;5;15/08/2026;5;1;4;1;3;3,6;3,5;Media;Punto fuerte: encaje con el rol. No acredita a buen nivel ninguna de las habilidades pedidas. Punto débil: habilidades pedidas: le falta Autonomía, Soldadura.;Acreditar Autonomía: la vacante lo pide y no figura en el CV.;e74475b24a3a5e1c4424f7c7a57ca71c
1138;92;44;5;15/08/2026;2;1;1;3;2;2,6;2,9;Baja;Punto fuerte: retribución. No acredita a buen nivel ninguna de las habilidades pedidas. Punto débil: habilidades pedidas: le falta Google Analytics, Creatividad.;Acreditar Google Analytics: la vacante lo pide y no figura en el CV.;507bc7580a51d87e07b5c014e3951fd6
1139;125;218;5;15/08/2026;1;1;4;1;1;1,8;2,1;Baja;Punto fuerte: experiencia. No acredita a buen nivel ninguna de las habilidades pedidas. Punto débil: encaje con el rol.;Acreditar Trabajo en equipo: la vacante lo pide y no figura en el CV.;53a01c275e45eeaf2f82fc44b80aed50
1140;109;96;5;15/08/2026;1;2;5;1;3;3,3;3,1;Media;Punto fuerte: experiencia. Cubre Euskera. Punto débil: encaje con el rol.;Acreditar SQL: la vacante lo pide y no figura en el CV.;8c05856918be966f9ef0b4acf5cb8f27
1141;16;167;5;15/08/2026;2;1;4;2;1;2,3;2,6;Baja;Punto fuerte: experiencia. No acredita a buen nivel ninguna de las habilidades pedidas. Punto débil: habilidades pedidas: le falta Organización, Trabajo bajo presión.;Acreditar Organización: la vacante lo pide y no figura en el CV.;9530d96f3cc7bbb0bbb2b41a3b822435
1142;110;148;5;15/08/2026;2;2;4;2;3;3,1;3,6;Media;Punto fuerte: experiencia. Cubre Trabajo en equipo. Punto débil: encaje con el rol.;Acreditar Logística: la vacante lo pide y no figura en el CV.;30513ba705d6e6ed3ff594b5995fe27c
1143;103;47;5;15/08/2026;1;1;3;3;2;2,2;2,2;Baja;Punto fuerte: experiencia. No acredita a buen nivel ninguna de las habilidades pedidas. Punto débil: encaje con el rol.;Acreditar Figma: la vacante lo pide y no figura en el CV.;37af7efae85839558568edaf5c1584f8
1144;29;70;5;15/08/2026;2;1;4;3;1;2,7;2,6;Baja;Punto fuerte: experiencia. No acredita a buen nivel ninguna de las habilidades pedidas. Punto débil: habilidades pedidas: le falta WordPress, HubSpot.;Acreditar WordPress: la vacante lo pide y no figura en el CV.;b613a75bd33c952658043c1eb97e8249
1145;129;232;5;15/08/2026;2;2;5;5;1;3,0;3,4;Media;Punto fuerte: experiencia. Cubre Prevención de riesgos. Punto débil: probabilidad de entrevista.;Acreditar Negociación: la vacante lo pide y no figura en el CV.;bcf494e44790574dbf2ddacaa64605b9
1146;112;95;5;15/08/2026;5;1;2;3;2;2,9;2,8;Baja;Punto fuerte: encaje con el rol. No acredita a buen nivel ninguna de las habilidades pedidas. Punto débil: habilidades pedidas: le falta Atención al cliente, Orientación a resultados.;Acreditar Atención al cliente: la vacante lo pide y no figura en el CV.;386e85cee8443f469279f9dcd8990713
1147;112;187;5;15/08/2026;4;2;1;4;1;2,8;2,5;Baja;Punto fuerte: encaje con el rol. Cubre Salesforce, Euskera. Punto débil: experiencia.;Acreditar Negociación: la vacante lo pide y no figura en el CV.;386e85cee8443f469279f9dcd8990713
1148;27;77;5;15/08/2026;5;1;2;2;2;2,8;2,7;Baja;Punto fuerte: encaje con el rol. No acredita a buen nivel ninguna de las habilidades pedidas. Punto débil: habilidades pedidas: le falta HubSpot, Google Analytics.;Acreditar HubSpot: la vacante lo pide y no figura en el CV.;a0489a87a3728bb0e3d150e106c9569a
1149;119;132;5;15/08/2026;2;3;2;3;2;3,2;3,0;Media;Punto fuerte: habilidades pedidas (Organización, Euskera). Cubre Organización, Euskera. Punto débil: encaje con el rol.;Acreditar Atención al cliente: la vacante lo pide y no figura en el CV.;bf4d833bd31cd6a9f8c9ebb76104ddf7
1150;101;215;5;15/08/2026;2;3;4;2;3;3,5;3,6;Media;Punto fuerte: experiencia. Cubre Organización, Microsoft Office. Punto débil: encaje con el rol.;Acreditar Atención al cliente: la vacante lo pide y no figura en el CV.;502bd7fd3adf67816abdca47dfd1122c
1151;109;10;5;15/08/2026;1;1;5;2;2;2,7;2,9;Baja;Punto fuerte: experiencia. No acredita a buen nivel ninguna de las habilidades pedidas. Punto débil: encaje con el rol.;Acreditar Resolución de problemas: la vacante lo pide y no figura en el CV.;8c05856918be966f9ef0b4acf5cb8f27
1152;118;104;5;15/08/2026;5;2;2;3;3;3,6;3,3;Media;Punto fuerte: encaje con el rol. Cubre Python, Euskera. Punto débil: habilidades pedidas: le falta Excel avanzado, Análisis estadístico.;Acreditar Excel avanzado: la vacante lo pide y no figura en el CV.;7cd441c45246fdcf3b7ed7b74b726039
1153;104;158;5;15/08/2026;5;1;5;1;2;3,4;3,0;Media;Punto fuerte: encaje con el rol. No acredita a buen nivel ninguna de las habilidades pedidas. Punto débil: habilidades pedidas: le falta Microsoft Office, Atención al cliente.;Acreditar Microsoft Office: la vacante lo pide y no figura en el CV.;83784fb75cfd6f0b3f6f78ed66c29913
1154;72;208;5;15/08/2026;5;2;5;3;3;3,5;3,5;Media;Punto fuerte: encaje con el rol. Cubre Análisis estadístico, Power BI. Punto débil: habilidades pedidas: le falta SQL, Python.;Acreditar SQL: la vacante lo pide y no figura en el CV.;00c6ea09b3c021f3b117297451d698eb
1155;111;37;5;15/08/2026;2;1;5;5;3;3,6;3,9;Media;Punto fuerte: experiencia. No acredita a buen nivel ninguna de las habilidades pedidas. Punto débil: habilidades pedidas: le falta Git, Python.;Acreditar Git: la vacante lo pide y no figura en el CV.;c45621a527924aa068064fc20c28d2b9
1156;47;175;5;15/08/2026;3;2;3;3;4;3,1;2,8;Media;Punto fuerte: probabilidad de entrevista. No acredita a buen nivel ninguna de las habilidades pedidas. Punto débil: habilidades pedidas: le falta Análisis estadístico, SQL.;Acreditar Análisis estadístico: la vacante lo pide y no figura en el CV.;632cb7af436fcdef206636840f9bd3e9
1157;97;198;5;15/08/2026;1;1;3;3;1;2,2;2,2;Baja;Punto fuerte: experiencia. No acredita a buen nivel ninguna de las habilidades pedidas. Punto débil: encaje con el rol.;Acreditar Ciberseguridad: la vacante lo pide y no figura en el CV.;d508c96e4333f9d60045fde2eabe6d65
1158;50;169;5;15/08/2026;1;1;2;2;1;1,6;1,8;Baja;Sin puntos fuertes claros para este puesto. No acredita a buen nivel ninguna de las habilidades pedidas. Punto débil: encaje con el rol.;Acreditar Autonomía: la vacante lo pide y no figura en el CV.;bf9ce192c37211714da1407c648bd2d0
1159;55;128;5;15/08/2026;1;1;2;5;1;2,3;2,3;Baja;Punto fuerte: retribución. No acredita a buen nivel ninguna de las habilidades pedidas. Punto débil: encaje con el rol.;Acreditar Excel avanzado: la vacante lo pide y no figura en el CV.;bdc486f200cf51150a14741a79615248
1160;127;100;5;15/08/2026;2;2;3;2;3;3,2;3,6;Media;Punto fuerte: experiencia. No acredita a buen nivel ninguna de las habilidades pedidas. Punto débil: encaje con el rol.;Acreditar Microsoft Office: la vacante lo pide y no figura en el CV.;c84a1f2aca07835f87348ad25d5788ce
1161;96;4;5;15/08/2026;1;2;2;5;2;2,7;2,3;Baja;Punto fuerte: retribución. No acredita a buen nivel ninguna de las habilidades pedidas. Punto débil: encaje con el rol.;Acreditar Contabilidad: la vacante lo pide y no figura en el CV.;4186f381102a944447440cf53f150937
1162;2;169;5;15/08/2026;5;1;4;3;2;2,9;2,9;Baja;Punto fuerte: encaje con el rol. No acredita a buen nivel ninguna de las habilidades pedidas. Punto débil: habilidades pedidas: le falta Autonomía, Prevención de riesgos.;Acreditar Autonomía: la vacante lo pide y no figura en el CV.;ff6a94069d1ee9118029d75b03c2d938
1163;31;14;5;15/08/2026;3;2;4;3;3;3,4;3,8;Media;Punto fuerte: experiencia. Cubre Inglés. Punto débil: habilidades pedidas: le falta Pensamiento crítico, Atención al detalle.;Acreditar Pensamiento crítico: la vacante lo pide y no figura en el CV.;f5bdd3f0eb3dad01d633b74b369c9125
1164;116;15;5;15/08/2026;3;1;1;1;1;2,0;2,3;Baja;Punto fuerte: encaje con el rol. No acredita a buen nivel ninguna de las habilidades pedidas. Punto débil: habilidades pedidas: le falta Microsoft Office, Francés.;Acreditar Microsoft Office: la vacante lo pide y no figura en el CV.;1d8ddb07bbd95a6cd14f8e409279f715
1165;100;230;5;15/08/2026;2;2;3;1;2;3,0;3,1;Media;Punto fuerte: experiencia. Cubre SAP. Punto débil: retribución.;Acreditar Logística: la vacante lo pide y no figura en el CV.;a55050736976ba738c4e5e8a86c34ed9
1166;9;147;3;15/08/2026;2;1;1;4;1;2,3;2,3;Baja;Revisión manual. Punto fuerte: retribución.;Acreditar Negociación: la vacante lo pide y no figura en el CV.;2a84e3ebb2f9f0e3841cbb047491fc45
1167;96;24;5;16/08/2026;2;1;5;1;1;2,5;2,8;Baja;Punto fuerte: experiencia. No acredita a buen nivel ninguna de las habilidades pedidas. Punto débil: habilidades pedidas: le falta Euskera, Trabajo bajo presión.;Acreditar Euskera: la vacante lo pide y no figura en el CV.;4186f381102a944447440cf53f150937
1168;10;167;5;16/08/2026;2;1;5;3;2;2,7;2,6;Baja;Punto fuerte: experiencia. No acredita a buen nivel ninguna de las habilidades pedidas. Punto débil: habilidades pedidas: le falta Organización, Trabajo bajo presión.;Acreditar Organización: la vacante lo pide y no figura en el CV.;5dc3326fef2f12734c32694a65dda3fb
1169;30;109;5;16/08/2026;3;1;1;3;1;2,2;2,3;Baja;Punto fuerte: encaje con el rol. No acredita a buen nivel ninguna de las habilidades pedidas. Punto débil: habilidades pedidas: le falta JavaScript, Git.;Acreditar JavaScript: la vacante lo pide y no figura en el CV.;fdb15b3bc12281881d7d7b584622407a
1170;52;23;5;16/08/2026;2;3;4;1;3;3,2;3,0;Media;Punto fuerte: experiencia. Cubre Inglés. Punto débil: retribución.;Acreditar Atención al cliente: la vacante lo pide y no figura en el CV.;9c968e3db36d38047984c27ed0614858
1171;90;102;5;16/08/2026;1;2;5;3;3;2,9;2,7;Baja;Punto fuerte: experiencia. Cubre SAP. Punto débil: encaje con el rol.;Acreditar Excel avanzado: la vacante lo pide y no figura en el CV.;76f8de286439e9508b10f9e90bf2fedc
1172;120;241;5;16/08/2026;5;3;4;3;4;4,5;4,6;Alta;Punto fuerte: encaje con el rol. Cubre Inglés. Punto débil: habilidades pedidas: le falta Pensamiento crítico.;Acreditar Pensamiento crítico: la vacante lo pide y no figura en el CV.;316f87cb8ffa1f8e3787c1907ef0d540
1173;90;117;5;16/08/2026;5;3;5;1;4;4,5;4,5;Alta;Punto fuerte: encaje con el rol. Cubre Negociación, Atención al cliente. Punto débil: retribución.;Acreditar Salesforce: la vacante lo pide y no figura en el CV.;76f8de286439e9508b10f9e90bf2fedc
1174;130;113;5;16/08/2026;5;2;2;3;3;3,7;3,4;Media;Punto fuerte: encaje con el rol. Cubre Python. Punto débil: habilidades pedidas: le falta Análisis estadístico, SQL.;Acreditar Análisis estadístico: la vacante lo pide y no figura en el CV.;f418584dce751abda6c0d2aa093088b4
1175;103;23;5;16/08/2026;2;1;5;3;2;3,1;3,2;Media;Punto fuerte: experiencia. No acredita a buen nivel ninguna de las habilidades pedidas. Punto débil: habilidades pedidas: le falta Inglés, Atención al cliente.;Acreditar Inglés: la vacante lo pide y no figura en el CV.;37af7efae85839558568edaf5c1584f8
1176;120;35;5;16/08/2026;5;2;3;1;3;3,7;3,9;Media;Punto fuerte: encaje con el rol. Cubre Odoo. Punto débil: retribución.;Acreditar Atención al cliente: la vacante lo pide y no figura en el CV.;316f87cb8ffa1f8e3787c1907ef0d540
1177;26;205;5;16/08/2026;5;2;1;4;4;3,6;3,4;Media;Punto fuerte: encaje con el rol. Cubre SQL. Punto débil: experiencia.;Acreditar Python: la vacante lo pide y no figura en el CV.;e18d57d93e73503c7ab01f43e67c99b0
1178;46;139;5;16/08/2026;2;2;4;3;3;3,2;3,2;Media;Punto fuerte: experiencia. Cubre Pensamiento crítico. Punto débil: encaje con el rol.;Acreditar Negociación: la vacante lo pide y no figura en el CV.;bd22d806c7aa9abe89853a933bae69c6
1179;99;217;5;16/08/2026;2;1;3;1;1;2,4;2,6;Baja;Punto fuerte: experiencia. No acredita a buen nivel ninguna de las habilidades pedidas. Punto débil: habilidades pedidas: le falta Organización, Microsoft Office.;Acreditar Organización: la vacante lo pide y no figura en el CV.;46dcc44cf0c4cc192a18786d8bbcbefc
1180;129;1;5;16/08/2026;3;2;5;1;4;3,3;3,6;Media;Punto fuerte: experiencia. Cubre Euskera. Punto débil: retribución.;Acreditar AutoCAD: la vacante lo pide y no figura en el CV.;bcf494e44790574dbf2ddacaa64605b9
1181;128;247;5;16/08/2026;4;4;3;3;4;4,5;4,1;Alta;Punto fuerte: encaje con el rol. Cubre Negociación, Atención al cliente, Euskera. Punto débil: experiencia.;Acreditar Salesforce: la vacante lo pide y no figura en el CV.;dc4a815cd975a1b7a4abe5c4611d9745
1182;66;167;5;16/08/2026;5;1;4;3;3;3,6;4,0;Media;Punto fuerte: encaje con el rol. Cubre Creatividad. Punto débil: habilidades pedidas: le falta Organización, Trabajo bajo presión.;Acreditar Organización: la vacante lo pide y no figura en el CV.;b2853efa8162d2f61ec7179884b4a842
1183;114;213;5;16/08/2026;2;1;4;1;2;2,5;2,3;Baja;Punto fuerte: experiencia. Cubre Organización. Punto débil: habilidades pedidas: le falta Trabajo bajo presión, Creatividad.;Acreditar Trabajo bajo presión: la vacante lo pide y no figura en el CV.;ecbcbaa2cd87e3d89bdbf4bee1928766
1184;103;95;5;16/08/2026;2;3;4;3;4;3,8;3,5;Media;Punto fuerte: experiencia. Cubre Negociación. Punto débil: encaje con el rol.;Acreditar Atención al cliente: la vacante lo pide y no figura en el CV.;37af7efae85839558568edaf5c1584f8
1185;10;23;5;16/08/2026;2;2;5;1;3;2,9;3,0;Baja;Punto fuerte: experiencia. No acredita a buen nivel ninguna de las habilidades pedidas. Punto débil: retribución.;Acreditar Atención al cliente: la vacante lo pide y no figura en el CV.;5dc3326fef2f12734c32694a65dda3fb
1186;102;153;5;16/08/2026;5;3;2;5;4;4,4;4,5;Alta;Punto fuerte: encaje con el rol. Cubre WordPress, Creatividad. Punto débil: experiencia.;Acreditar HubSpot: la vacante lo pide y no figura en el CV.;025b3b4f122944277d4e5de5758fb6c9
1187;110;173;5;16/08/2026;3;1;3;3;1;2,6;2,5;Baja;Punto fuerte: encaje con el rol. No acredita a buen nivel ninguna de las habilidades pedidas. Punto débil: habilidades pedidas: le falta Negociación, Salesforce.;Acreditar Negociación: la vacante lo pide y no figura en el CV.;30513ba705d6e6ed3ff594b5995fe27c
1188;81;205;5;16/08/2026;5;1;1;3;2;3,0;2,8;Media;Punto fuerte: encaje con el rol. No acredita a buen nivel ninguna de las habilidades pedidas. Punto débil: habilidades pedidas: le falta SQL, Python.;Acreditar SQL: la vacante lo pide y no figura en el CV.;11bbeacc030854ec0ebf30b0b36ff61f
1189;47;42;5;16/08/2026;3;3;5;3;4;4,0;3,7;Alta;Punto fuerte: experiencia. Cubre Creatividad, Euskera. Punto débil: encaje con el rol.;Acreditar Organización: la vacante lo pide y no figura en el CV.;632cb7af436fcdef206636840f9bd3e9
1190;126;141;5;16/08/2026;5;2;3;3;4;4,0;3,8;Alta;Punto fuerte: encaje con el rol. No acredita a buen nivel ninguna de las habilidades pedidas. Punto débil: habilidades pedidas: le falta Microsoft Office, Francés.;Acreditar Microsoft Office: la vacante lo pide y no figura en el CV.;bf8badb65edb2a8201262f446f291c52
1191;102;220;5;16/08/2026;2;2;5;2;3;3,4;3,8;Media;Punto fuerte: experiencia. Cubre Empatía, Euskera. Punto débil: encaje con el rol.;Acreditar Trabajo bajo presión: la vacante lo pide y no figura en el CV.;025b3b4f122944277d4e5de5758fb6c9
1192;128;83;5;16/08/2026;1;2;4;3;2;2,5;2,2;Baja;Punto fuerte: experiencia. Cubre SAP, Euskera. Punto débil: encaje con el rol.;Acreditar Pensamiento crítico: la vacante lo pide y no figura en el CV.;dc4a815cd975a1b7a4abe5c4611d9745
1193;128;232;5;16/08/2026;1;2;3;4;2;2,3;2,3;Baja;Punto fuerte: retribución. Cubre Negociación. Punto débil: encaje con el rol.;Acreditar Gestión de proyectos: la vacante lo pide y no figura en el CV.;dc4a815cd975a1b7a4abe5c4611d9745
1194;110;132;3;16/08/2026;1;2;3;2;2;3,6;3,6;Media;Revisión manual. Punto fuerte: habilidades pedidas (Atención al cliente, Euskera).;Acreditar Microsoft Office: la vacante lo pide y no figura en el CV.;30513ba705d6e6ed3ff594b5995fe27c
1195;27;66;4;16/08/2026;2;2;2;3;2;2,9;2,9;Baja;Revisión manual. Sin puntos fuertes claros para este puesto.;Acreditar Análisis estadístico: la vacante lo pide y no figura en el CV.;a0489a87a3728bb0e3d150e106c9569a
1196;102;153;3;16/08/2026;4;2;1;5;5;4,1;4,1;Alta;Revisión manual. Punto fuerte: encaje con el rol.;Acreditar HubSpot: la vacante lo pide y no figura en el CV.;025b3b4f122944277d4e5de5758fb6c9
1197;126;124;5;17/08/2026;5;2;4;2;3;3,9;3,6;Media;Punto fuerte: encaje con el rol. Cubre Pensamiento crítico. Punto débil: habilidades pedidas: le falta SAP, Excel avanzado.;Acreditar SAP: la vacante lo pide y no figura en el CV.;bf8badb65edb2a8201262f446f291c52
1198;125;151;5;17/08/2026;2;1;1;5;2;2,4;2,4;Baja;Punto fuerte: retribución. No acredita a buen nivel ninguna de las habilidades pedidas. Punto débil: habilidades pedidas: le falta Creatividad, Photoshop.;Acreditar Creatividad: la vacante lo pide y no figura en el CV.;53a01c275e45eeaf2f82fc44b80aed50
1199;115;138;5;17/08/2026;3;2;3;4;2;3,3;3,5;Media;Punto fuerte: retribución. No acredita a buen nivel ninguna de las habilidades pedidas. Punto débil: habilidades pedidas: le falta Orientación a resultados, Negociación.;Acreditar Orientación a resultados: la vacante lo pide y no figura en el CV.;aa65de7ed7107b5037472dc734fcc40a
1200;126;138;5;17/08/2026;2;2;2;3;2;3,0;2,9;Media;Punto fuerte: retribución. No acredita a buen nivel ninguna de las habilidades pedidas. Punto débil: encaje con el rol.;Acreditar Orientación a resultados: la vacante lo pide y no figura en el CV.;bf8badb65edb2a8201262f446f291c52
1201;120;104;5;17/08/2026;2;1;3;5;3;2,9;3,2;Baja;Punto fuerte: retribución. No acredita a buen nivel ninguna de las habilidades pedidas. Punto débil: habilidades pedidas: le falta Excel avanzado, Análisis estadístico.;Acreditar Excel avanzado: la vacante lo pide y no figura en el CV.;316f87cb8ffa1f8e3787c1907ef0d540
1202;126;213;5;17/08/2026;4;1;3;4;2;2,8;2,5;Baja;Punto fuerte: encaje con el rol. Cubre Trabajo bajo presión. Punto débil: habilidades pedidas: le falta Creatividad, Organización.;Acreditar Creatividad: la vacante lo pide y no figura en el CV.;bf8badb65edb2a8201262f446f291c52
1203;124;53;5;17/08/2026;4;1;5;3;2;3,0;2,9;Media;Punto fuerte: experiencia. No acredita a buen nivel ninguna de las habilidades pedidas. Punto débil: habilidades pedidas: le falta Atención al cliente, Odoo.;Acreditar Atención al cliente: la vacante lo pide y no figura en el CV.;88f59b2261aa4bf4c7aee145ba6dfe21
1204;102;14;5;17/08/2026;2;1;5;3;2;2,8;3,2;Baja;Punto fuerte: experiencia. No acredita a buen nivel ninguna de las habilidades pedidas. Punto débil: habilidades pedidas: le falta Pensamiento crítico, Atención al detalle.;Acreditar Pensamiento crítico: la vacante lo pide y no figura en el CV.;025b3b4f122944277d4e5de5758fb6c9
1205;123;156;5;17/08/2026;4;3;3;3;4;4,4;4,3;Alta;Punto fuerte: encaje con el rol. Cubre Atención al cliente, Salesforce. Punto débil: habilidades pedidas: le falta Negociación.;Acreditar Negociación: la vacante lo pide y no figura en el CV.;6155f3343edca93166aeafc6c86a1068
1206;100;198;5;17/08/2026;2;2;4;3;3;3,3;3,4;Media;Punto fuerte: experiencia. No acredita a buen nivel ninguna de las habilidades pedidas. Punto débil: encaje con el rol.;Acreditar Docker: la vacante lo pide y no figura en el CV.;a55050736976ba738c4e5e8a86c34ed9
1207;5;175;5;17/08/2026;5;3;5;3;4;4,6;4,5;Alta;Punto fuerte: encaje con el rol. Cubre SQL, Python. Punto débil: habilidades pedidas: le falta Análisis estadístico, Excel avanzado.;Acreditar Análisis estadístico: la vacante lo pide y no figura en el CV.;f894e1db4345616d702c24ded0c3174b
1208;106;24;5;17/08/2026;5;3;2;3;4;3,9;3,7;Media;Punto fuerte: encaje con el rol. Cubre Euskera, Inglés. Punto débil: experiencia.;Acreditar Trabajo bajo presión: la vacante lo pide y no figura en el CV.;1d34b2b4a5c33959f0ee775925dcb0e2
1209;85;131;5;17/08/2026;5;3;5;1;5;4,7;4,5;Alta;Punto fuerte: encaje con el rol. Cubre Java. Punto débil: retribución.;Acreditar JavaScript: la vacante lo pide y no figura en el CV.;5c4e1357a35f409ae56311fce6ced4de
1210;56;104;5;17/08/2026;2;2;5;4;3;3,6;3,7;Media;Punto fuerte: experiencia. Cubre Euskera. Punto débil: encaje con el rol.;Acreditar Excel avanzado: la vacante lo pide y no figura en el CV.;29f6492552b6da6c91a1e236597abf82
1211;97;138;5;17/08/2026;5;2;2;3;2;3,6;3,1;Media;Punto fuerte: encaje con el rol. No acredita a buen nivel ninguna de las habilidades pedidas. Punto débil: habilidades pedidas: le falta Orientación a resultados, Negociación.;Acreditar Orientación a resultados: la vacante lo pide y no figura en el CV.;d508c96e4333f9d60045fde2eabe6d65
1212;67;175;5;17/08/2026;5;1;4;3;2;3,4;3,2;Media;Punto fuerte: encaje con el rol. No acredita a buen nivel ninguna de las habilidades pedidas. Punto débil: habilidades pedidas: le falta Análisis estadístico, SQL.;Acreditar Análisis estadístico: la vacante lo pide y no figura en el CV.;91cd2ac01281f8d5fa469f6015e9a4ab
1213;114;156;5;17/08/2026;2;2;3;3;2;3,3;3,6;Media;Punto fuerte: experiencia. No acredita a buen nivel ninguna de las habilidades pedidas. Punto débil: encaje con el rol.;Acreditar Negociación: la vacante lo pide y no figura en el CV.;ecbcbaa2cd87e3d89bdbf4bee1928766
1214;80;228;5;17/08/2026;5;3;3;1;4;4,2;4,1;Alta;Punto fuerte: encaje con el rol. Cubre Microsoft Office, Comunicación. Punto débil: retribución.;Acreditar Empatía: la vacante lo pide y no figura en el CV.;0ab41c1e90b3e44375989152324bc3dc
1215;18;208;5;17/08/2026;1;1;2;3;1;2,0;2,1;Baja;Punto fuerte: retribución. No acredita a buen nivel ninguna de las habilidades pedidas. Punto débil: encaje con el rol.;Acreditar SQL: la vacante lo pide y no figura en el CV.;f75337c1535cca7acdd8d464a5086ad5
1216;115;235;5;17/08/2026;2;1;3;3;1;2,2;2,3;Baja;Punto fuerte: experiencia. No acredita a buen nivel ninguna de las habilidades pedidas. Punto débil: habilidades pedidas: le falta Vocación de servicio, Trabajo en equipo.;Acreditar Vocación de servicio: la vacante lo pide y no figura en el CV.;aa65de7ed7107b5037472dc734fcc40a
1217;113;47;5;17/08/2026;3;2;2;5;2;3,2;3,1;Media;Punto fuerte: retribución. Cubre Creatividad, Euskera. Punto débil: habilidades pedidas: le falta Figma, Empatía.;Acreditar Figma: la vacante lo pide y no figura en el CV.;7eecc91afd3f91f116de12ffa2ece811
1218;57;104;5;17/08/2026;5;1;2;5;2;3,3;3,6;Media;Punto fuerte: encaje con el rol. Cubre Python. Punto débil: habilidades pedidas: le falta Excel avanzado, Análisis estadístico.;Acreditar Excel avanzado: la vacante lo pide y no figura en el CV.;32e0331dbc878ffbd95b2b90ac4d72f2
1219;35;116;5;17/08/2026;4;2;4;1;2;3,1;2,6;Media;Punto fuerte: encaje con el rol. Cubre Atención al cliente. Punto débil: retribución.;Acreditar Odoo: la vacante lo pide y no figura en el CV.;2ec93fe739d638737d2fb11b7af497bb
1220;98;28;5;17/08/2026;5;2;4;1;3;4,0;3,6;Alta;Punto fuerte: encaje con el rol. Cubre Inglés. Punto débil: retribución.;Acreditar Atención al cliente: la vacante lo pide y no figura en el CV.;c5c761f89bb823c2eba5d9fb3bd0a14d
1221;119;70;5;17/08/2026;2;1;3;1;2;2,4;2,3;Baja;Punto fuerte: experiencia. No acredita a buen nivel ninguna de las habilidades pedidas. Punto débil: habilidades pedidas: le falta WordPress, HubSpot.;Acreditar WordPress: la vacante lo pide y no figura en el CV.;bf4d833bd31cd6a9f8c9ebb76104ddf7
1222;129;149;5;17/08/2026;2;2;5;5;3;3,2;3,3;Media;Punto fuerte: experiencia. Cubre Empatía. Punto débil: encaje con el rol.;Acreditar Creatividad: la vacante lo pide y no figura en el CV.;bcf494e44790574dbf2ddacaa64605b9
1223;123;147;4;17/08/2026;4;2;1;4;1;4,3;4,3;Alta;Revisión manual. Punto fuerte: encaje con el rol.;Acreditar Negociación: la vacante lo pide y no figura en el CV.;6155f3343edca93166aeafc6c86a1068
1224;23;187;4;17/08/2026;1;4;3;3;3;3,5;3,5;Media;Revisión manual. Punto fuerte: habilidades pedidas (Atención al cliente, Euskera).;Acreditar Negociación: la vacante lo pide y no figura en el CV.;c69114ac25b163c11e24ee2b45095c2e
1225;112;205;5;18/08/2026;2;1;2;5;2;2,7;2,5;Baja;Punto fuerte: retribución. No acredita a buen nivel ninguna de las habilidades pedidas. Punto débil: habilidades pedidas: le falta SQL, Python.;Acreditar SQL: la vacante lo pide y no figura en el CV.;386e85cee8443f469279f9dcd8990713
1226;107;63;5;18/08/2026;2;2;4;1;2;2,8;2,9;Baja;Punto fuerte: experiencia. Cubre Euskera. Punto débil: retribución.;Acreditar Atención al cliente: la vacante lo pide y no figura en el CV.;018a507c8bc3280d933488b584add926
1227;130;86;5;18/08/2026;2;1;4;3;2;3,1;2,8;Media;Punto fuerte: experiencia. Cubre Euskera. Punto débil: habilidades pedidas: le falta Trabajo bajo presión, Atención al cliente.;Acreditar Trabajo bajo presión: la vacante lo pide y no figura en el CV.;f418584dce751abda6c0d2aa093088b4
1228;117;247;5;18/08/2026;4;2;1;3;2;3,5;3,2;Media;Punto fuerte: encaje con el rol. Cubre Negociación. Punto débil: experiencia.;Acreditar Atención al cliente: la vacante lo pide y no figura en el CV.;35b6487636b234fe1f4efe057b30b1e2
1229;46;66;5;18/08/2026;4;4;3;1;3;4,1;3,8;Alta;Punto fuerte: encaje con el rol. Cubre Pensamiento crítico. Punto débil: retribución.;Subir Análisis estadístico de nivel 2 a 3.;bd22d806c7aa9abe89853a933bae69c6
1230;133;156;5;18/08/2026;2;2;3;3;2;3,2;3,6;Media;Punto fuerte: experiencia. No acredita a buen nivel ninguna de las habilidades pedidas. Punto débil: encaje con el rol.;Acreditar Negociación: la vacante lo pide y no figura en el CV.;92132dfcde48ccc936db147438277a1d
1231;105;113;5;18/08/2026;2;1;3;5;1;2,8;2,9;Baja;Punto fuerte: retribución. No acredita a buen nivel ninguna de las habilidades pedidas. Punto débil: habilidades pedidas: le falta Análisis estadístico, SQL.;Acreditar Análisis estadístico: la vacante lo pide y no figura en el CV.;b6452daf8fd3171fbc538805a9f31fb3
1232;129;146;5;18/08/2026;5;1;5;1;3;3,4;3,3;Media;Punto fuerte: encaje con el rol. No acredita a buen nivel ninguna de las habilidades pedidas. Punto débil: habilidades pedidas: le falta JavaScript, Git.;Acreditar JavaScript: la vacante lo pide y no figura en el CV.;bcf494e44790574dbf2ddacaa64605b9
1233;30;205;5;18/08/2026;5;3;1;3;3;3,9;3,6;Media;Punto fuerte: encaje con el rol. Cubre SQL, Análisis estadístico. Punto débil: experiencia.;Subir Python de nivel 2 a 3.;fdb15b3bc12281881d7d7b584622407a
1234;58;208;5;18/08/2026;4;2;3;3;3;3,3;3,2;Media;Punto fuerte: encaje con el rol. Cubre SQL, Python. Punto débil: habilidades pedidas: le falta Análisis estadístico, Power BI.;Acreditar Análisis estadístico: la vacante lo pide y no figura en el CV.;f32dca8b4bbeaf7b99a5388a3ee25d05
1235;125;117;5;18/08/2026;1;4;2;2;3;3,9;4,3;Media;Punto fuerte: habilidades pedidas (Negociación, Atención al cliente). Cubre Negociación, Atención al cliente, Orientación a resultados. Punto débil: encaje con el rol.;Acreditar Salesforce: la vacante lo pide y no figura en el CV.;53a01c275e45eeaf2f82fc44b80aed50
1236;7;16;5;18/08/2026;2;1;4;5;2;3,2;3,4;Media;Punto fuerte: retribución. No acredita a buen nivel ninguna de las habilidades pedidas. Punto débil: habilidades pedidas: le falta Docker, SQL.;Acreditar Docker: la vacante lo pide y no figura en el CV.;383eaa5c29506016b589f75b32306891
1237;114;229;5;18/08/2026;5;1;4;1;3;3,6;3,4;Media;Punto fuerte: encaje con el rol. Cubre Power BI. Punto débil: habilidades pedidas: le falta Excel avanzado, Contabilidad.;Acreditar Excel avanzado: la vacante lo pide y no figura en el CV.;ecbcbaa2cd87e3d89bdbf4bee1928766
1238;1;138;5;18/08/2026;2;1;3;5;1;2,0;2,1;Baja;Punto fuerte: retribución. No acredita a buen nivel ninguna de las habilidades pedidas. Punto débil: habilidades pedidas: le falta Orientación a resultados, Negociación.;Acreditar Orientación a resultados: la vacante lo pide y no figura en el CV.;a1bec3d7b0af64b7b136dfd2d05d6fb7
1239;133;66;5;18/08/2026;3;2;1;3;2;3,2;3,7;Media;Punto fuerte: encaje con el rol. No acredita a buen nivel ninguna de las habilidades pedidas. Punto débil: experiencia.;Acreditar Análisis estadístico: la vacante lo pide y no figura en el CV.;92132dfcde48ccc936db147438277a1d
1240;48;138;5;18/08/2026;5;1;3;3;3;3,3;3,1;Media;Punto fuerte: encaje con el rol. No acredita a buen nivel ninguna de las habilidades pedidas. Punto débil: habilidades pedidas: le falta Orientación a resultados, Negociación.;Acreditar Orientación a resultados: la vacante lo pide y no figura en el CV.;6be6b4c03c998ee742d555c2c8441002
1241;123;185;5;18/08/2026;4;2;3;3;3;3,7;3,7;Media;Punto fuerte: encaje con el rol. Cubre Atención al cliente. Punto débil: habilidades pedidas: le falta Microsoft Office, Organización.;Acreditar Microsoft Office: la vacante lo pide y no figura en el CV.;6155f3343edca93166aeafc6c86a1068
1242;37;27;5;18/08/2026;5;3;3;5;4;4,8;4,4;Alta;Punto fuerte: encaje con el rol. Cubre Gestión de proyectos, Prevención de riesgos. Punto débil: habilidades pedidas: le falta AutoCAD.;Acreditar AutoCAD: la vacante lo pide y no figura en el CV.;31b3d37b09ab14302024065358c62f20
1243;26;131;5;18/08/2026;3;1;2;2;2;3,0;3,0;Media;Punto fuerte: encaje con el rol. No acredita a buen nivel ninguna de las habilidades pedidas. Punto débil: habilidades pedidas: le falta JavaScript, Java.;Acreditar JavaScript: la vacante lo pide y no figura en el CV.;e18d57d93e73503c7ab01f43e67c99b0
1244;114;59;5;18/08/2026;4;2;1;5;1;3,1;3,2;Media;Punto fuerte: retribución. Cubre Power BI. Punto débil: experiencia.;Acreditar Excel avanzado: la vacante lo pide y no figura en el CV.;ecbcbaa2cd87e3d89bdbf4bee1928766
1245;128;203;5;18/08/2026;4;4;5;1;4;4,9;5,0;Alta;Punto fuerte: experiencia. Cubre Atención al cliente, Euskera. Punto débil: retribución.;Acreditar Trabajo bajo presión: la vacante lo pide y no figura en el CV.;dc4a815cd975a1b7a4abe5c4611d9745
1246;63;4;5;18/08/2026;2;2;2;5;2;3,1;3,3;Media;Punto fuerte: retribución. Cubre Euskera. Punto débil: encaje con el rol.;Acreditar Contabilidad: la vacante lo pide y no figura en el CV.;a76d2d2fdfe4ab06c79ecacf09618e66
1247;36;162;5;18/08/2026;2;2;4;4;3;3,7;3,4;Media;Punto fuerte: experiencia. No acredita a buen nivel ninguna de las habilidades pedidas. Punto débil: encaje con el rol.;Acreditar Euskera: la vacante lo pide y no figura en el CV.;a9c8adea270d72c098cdcfc98cec0a24
1248;29;208;5;18/08/2026;5;1;3;3;3;3,5;3,3;Media;Punto fuerte: encaje con el rol. Cubre Power BI. Punto débil: habilidades pedidas: le falta SQL, Análisis estadístico.;Acreditar SQL: la vacante lo pide y no figura en el CV.;b613a75bd33c952658043c1eb97e8249
1249;107;106;5;18/08/2026;2;1;5;1;2;2,4;2,2;Baja;Punto fuerte: experiencia. No acredita a buen nivel ninguna de las habilidades pedidas. Punto débil: habilidades pedidas: le falta Soldadura, Prevención de riesgos.;Acreditar Soldadura: la vacante lo pide y no figura en el CV.;018a507c8bc3280d933488b584add926
1250;57;208;5;18/08/2026;5;3;3;3;3;4,6;4,6;Alta;Punto fuerte: encaje con el rol. Cubre Power BI, Python. Punto débil: habilidades pedidas: le falta SQL, Análisis estadístico.;Acreditar SQL: la vacante lo pide y no figura en el CV.;32e0331dbc878ffbd95b2b90ac4d72f2
1251;132;113;5;18/08/2026;2;1;2;3;2;2,8;2,8;Baja;Punto fuerte: retribución. No acredita a buen nivel ninguna de las habilidades pedidas. Punto débil: habilidades pedidas: le falta Análisis estadístico, SQL.;Acreditar Análisis estadístico: la vacante lo pide y no figura en el CV.;2ecb9edf8ba799d8e907738b02e00593
1252;73;114;5;18/08/2026;2;1;3;3;1;1,9;2,2;Baja;Punto fuerte: experiencia. Cubre Euskera. Punto débil: habilidades pedidas: le falta Salesforce, Orientación a resultados.;Acreditar Salesforce: la vacante lo pide y no figura en el CV.;c7572b0b01ded11bb39dd474f5304968
1253;129;244;5;18/08/2026;4;1;5;5;3;3,9;3,7;Media;Punto fuerte: experiencia. No acredita a buen nivel ninguna de las habilidades pedidas. Punto débil: habilidades pedidas: le falta AutoCAD, Diseño gráfico.;Acreditar AutoCAD: la vacante lo pide y no figura en el CV.;bcf494e44790574dbf2ddacaa64605b9
1254;123;247;3;18/08/2026;2;3;2;3;2;3,2;3,2;Media;Revisión manual. Punto fuerte: encaje con el rol.;Acreditar Negociación: la vacante lo pide y no figura en el CV.;6155f3343edca93166aeafc6c86a1068
1255;132;113;3;18/08/2026;1;2;2;4;1;3,2;3,2;Media;Revisión manual. Punto fuerte: retribución.;Acreditar Análisis estadístico: la vacante lo pide y no figura en el CV.;2ecb9edf8ba799d8e907738b02e00593
1256;32;14;4;18/08/2026;5;4;5;3;5;4,7;4,7;Alta;Revisión manual. Punto fuerte: encaje con el rol.;Subir Inglés de nivel 2 a 3.;75dca3528dcbd1edfbded4bb0601c459
1257;133;243;5;19/08/2026;5;2;2;5;3;3,9;3,8;Media;Punto fuerte: encaje con el rol. Cubre Excel avanzado, Power BI. Punto débil: habilidades pedidas: le falta SQL, Análisis estadístico.;Acreditar SQL: la vacante lo pide y no figura en el CV.;92132dfcde48ccc936db147438277a1d
1258;99;169;5;19/08/2026;5;1;4;1;3;3,3;3,0;Media;Punto fuerte: encaje con el rol. No acredita a buen nivel ninguna de las habilidades pedidas. Punto débil: habilidades pedidas: le falta Autonomía, Soldadura.;Acreditar Autonomía: la vacante lo pide y no figura en el CV.;46dcc44cf0c4cc192a18786d8bbcbefc
1259;119;203;5;19/08/2026;5;3;3;2;4;4,3;4,0;Alta;Punto fuerte: encaje con el rol. Cubre Euskera, Trabajo bajo presión. Punto débil: retribución.;Acreditar Atención al cliente: la vacante lo pide y no figura en el CV.;bf4d833bd31cd6a9f8c9ebb76104ddf7
1260;52;102;5;19/08/2026;5;2;2;5;3;4,2;4,0;Alta;Punto fuerte: encaje con el rol. Cubre Gestión de proyectos. Punto débil: habilidades pedidas: le falta Excel avanzado, SAP.;Acreditar Excel avanzado: la vacante lo pide y no figura en el CV.;9c968e3db36d38047984c27ed0614858
1261;53;23;5;19/08/2026;2;1;5;2;3;3,1;3,2;Media;Punto fuerte: experiencia. No acredita a buen nivel ninguna de las habilidades pedidas. Punto débil: habilidades pedidas: le falta Inglés, Atención al cliente.;Acreditar Inglés: la vacante lo pide y no figura en el CV.;d7dc5213f05e3731c1548793a9af61e6
1262;26;128;5;19/08/2026;5;1;1;3;2;3,2;3,7;Media;Punto fuerte: encaje con el rol. No acredita a buen nivel ninguna de las habilidades pedidas. Punto débil: habilidades pedidas: le falta Excel avanzado, Análisis estadístico.;Acreditar Excel avanzado: la vacante lo pide y no figura en el CV.;e18d57d93e73503c7ab01f43e67c99b0
1263;99;242;5;19/08/2026;2;2;3;2;3;2,8;2,6;Baja;Punto fuerte: experiencia. Cubre Inglés. Punto débil: encaje con el rol.;Acreditar Pensamiento crítico: la vacante lo pide y no figura en el CV.;46dcc44cf0c4cc192a18786d8bbcbefc
1264;124;64;5;19/08/2026;5;1;5;3;3;3,9;4,3;Media;Punto fuerte: encaje con el rol. No acredita a buen nivel ninguna de las habilidades pedidas. Punto débil: habilidades pedidas: le falta Atención al cliente, Organización.;Acreditar Atención al cliente: la vacante lo pide y no figura en el CV.;88f59b2261aa4bf4c7aee145ba6dfe21
1265;116;138;5;19/08/2026;4;2;3;1;2;3,3;3,2;Media;Punto fuerte: encaje con el rol. No acredita a buen nivel ninguna de las habilidades pedidas. Punto débil: retribución.;Acreditar Atención al cliente: la vacante lo pide y no figura en el CV.;1d8ddb07bbd95a6cd14f8e409279f715
1266;66;60;5;19/08/2026;5;1;5;3;3;3,2;2,8;Media;Punto fuerte: encaje con el rol. Cubre Resolución de problemas. Punto débil: habilidades pedidas: le falta Prevención de riesgos, Mecanizado CNC.;Acreditar Prevención de riesgos: la vacante lo pide y no figura en el CV.;b2853efa8162d2f61ec7179884b4a842
1267;30;241;5;19/08/2026;2;3;2;3;2;3,5;3,1;Media;Punto fuerte: habilidades pedidas (Inglés, Pensamiento crítico). Cubre Inglés, Pensamiento crítico. Punto débil: encaje con el rol.;Acreditar Comunicación: la vacante lo pide y no figura en el CV.;fdb15b3bc12281881d7d7b584622407a
1268;132;151;5;19/08/2026;1;2;1;3;1;1,9;2,1;Baja;Punto fuerte: retribución. Cubre Creatividad, Empatía. Punto débil: encaje con el rol.;Acreditar Photoshop: la vacante lo pide y no figura en el CV.;2ecb9edf8ba799d8e907738b02e00593
1269;105;153;5;19/08/2026;2;2;2;4;2;2,9;3,1;Baja;Punto fuerte: retribución. No acredita a buen nivel ninguna de las habilidades pedidas. Punto débil: encaje con el rol.;Acreditar WordPress: la vacante lo pide y no figura en el CV.;b6452daf8fd3171fbc538805a9f31fb3
1270;119;185;5;19/08/2026;2;3;2;4;2;3,2;3,4;Media;Punto fuerte: retribución. Cubre Organización. Punto débil: encaje con el rol.;Acreditar Atención al cliente: la vacante lo pide y no figura en el CV.;bf4d833bd31cd6a9f8c9ebb76104ddf7
1271;134;208;5;19/08/2026;2;1;3;3;3;3,4;3,3;Media;Punto fuerte: experiencia. No acredita a buen nivel ninguna de las habilidades pedidas. Punto débil: habilidades pedidas: le falta SQL, Análisis estadístico.;Acreditar SQL: la vacante lo pide y no figura en el CV.;c29ac152f61bae4151b5cd27508b247c
1272;130;173;5;19/08/2026;2;1;3;3;1;1,8;1,8;Baja;Punto fuerte: experiencia. Cubre Orientación a resultados. Punto débil: habilidades pedidas: le falta Negociación, Salesforce.;Acreditar Negociación: la vacante lo pide y no figura en el CV.;f418584dce751abda6c0d2aa093088b4
1273;123;34;5;19/08/2026;1;1;3;3;1;2,3;2,3;Baja;Punto fuerte: experiencia. No acredita a buen nivel ninguna de las habilidades pedidas. Punto débil: encaje con el rol.;Acreditar Trabajo bajo presión: la vacante lo pide y no figura en el CV.;6155f3343edca93166aeafc6c86a1068
1274;132;243;5;19/08/2026;3;1;2;3;2;2,4;2,6;Baja;Punto fuerte: encaje con el rol. No acredita a buen nivel ninguna de las habilidades pedidas. Punto débil: habilidades pedidas: le falta Excel avanzado, Power BI.;Acreditar Excel avanzado: la vacante lo pide y no figura en el CV.;2ecb9edf8ba799d8e907738b02e00593
1275;14;60;5;19/08/2026;5;3;4;3;4;4,4;4,0;Alta;Punto fuerte: encaje con el rol. Cubre Prevención de riesgos, Mecanizado CNC, Resolución de problemas. Punto débil: habilidades pedidas: le falta Autonomía, Euskera.;Acreditar Autonomía: la vacante lo pide y no figura en el CV.;885480c884ed8190dc3fb64ffb791b29
1276;108;192;5;19/08/2026;4;2;4;3;3;3,5;3,3;Media;Punto fuerte: encaje con el rol. Cubre Atención al cliente. Punto débil: habilidades pedidas: le falta Odoo, Organización.;Acreditar Odoo: la vacante lo pide y no figura en el CV.;d8dfe0f83e95120fd39310c95ef282a9
1277;103;235;5;19/08/2026;2;1;3;3;1;2,2;2,3;Baja;Punto fuerte: experiencia. No acredita a buen nivel ninguna de las habilidades pedidas. Punto débil: habilidades pedidas: le falta Vocación de servicio, Trabajo en equipo.;Acreditar Vocación de servicio: la vacante lo pide y no figura en el CV.;37af7efae85839558568edaf5c1584f8
1278;89;205;5;19/08/2026;5;1;1;5;1;3,5;3,2;Media;Punto fuerte: encaje con el rol. No acredita a buen nivel ninguna de las habilidades pedidas. Punto débil: habilidades pedidas: le falta SQL, Python.;Acreditar SQL: la vacante lo pide y no figura en el CV.;e55d60a89641a3f36c331a954f73d14f
1279;118;198;5;19/08/2026;5;2;5;3;4;4,2;4,0;Alta;Punto fuerte: encaje con el rol. Cubre Redes. Punto débil: habilidades pedidas: le falta Ciberseguridad, Docker.;Acreditar Ciberseguridad: la vacante lo pide y no figura en el CV.;7cd441c45246fdcf3b7ed7b74b726039
1280;124;210;5;19/08/2026;4;2;5;3;4;3,9;4,4;Media;Punto fuerte: experiencia. Cubre Diseño gráfico. Punto débil: habilidades pedidas: le falta AutoCAD.;Acreditar AutoCAD: la vacante lo pide y no figura en el CV.;88f59b2261aa4bf4c7aee145ba6dfe21
1281;102;178;5;19/08/2026;2;1;3;5;2;2,8;2,3;Baja;Punto fuerte: retribución. No acredita a buen nivel ninguna de las habilidades pedidas. Punto débil: habilidades pedidas: le falta Negociación, Salesforce.;Acreditar Negociación: la vacante lo pide y no figura en el CV.;025b3b4f122944277d4e5de5758fb6c9
1282;97;138;4;19/08/2026;5;3;1;3;1;3,4;3,4;Media;Revisión manual. Punto fuerte: encaje con el rol.;Acreditar Orientación a resultados: la vacante lo pide y no figura en el CV.;d508c96e4333f9d60045fde2eabe6d65
1283;125;218;4;19/08/2026;1;1;4;1;1;1,6;1,6;Baja;Revisión manual. Punto fuerte: experiencia.;Acreditar Trabajo en equipo: la vacante lo pide y no figura en el CV.;53a01c275e45eeaf2f82fc44b80aed50
1284;111;37;3;19/08/2026;1;1;5;5;4;3,7;3,7;Media;Revisión manual. Punto fuerte: experiencia.;Acreditar Git: la vacante lo pide y no figura en el CV.;c45621a527924aa068064fc20c28d2b9
1285;127;100;3;19/08/2026;2;1;2;2;3;3,4;3,4;Media;Revisión manual. Punto fuerte: experiencia.;Acreditar Microsoft Office: la vacante lo pide y no figura en el CV.;c84a1f2aca07835f87348ad25d5788ce
1286;115;149;2;20/08/2026;3;3;2;5;2;3,5;3,8;Media;Punto fuerte: retribución. Cubre Creatividad, Empatía. Punto débil: experiencia.;Acreditar Figma: la vacante lo pide y no figura en el CV.;aa65de7ed7107b5037472dc734fcc40a
1287;24;228;2;20/08/2026;5;2;5;1;3;3,8;3,5;Media;Punto fuerte: encaje con el rol. No acredita a buen nivel ninguna de las habilidades pedidas. Punto débil: retribución.;Acreditar Microsoft Office: la vacante lo pide y no figura en el CV.;1aeb058baac2bcc159a5b57e54fefa31
1288;14;116;2;20/08/2026;2;1;3;4;2;2,7;2,5;Baja;Punto fuerte: retribución. No acredita a buen nivel ninguna de las habilidades pedidas. Punto débil: habilidades pedidas: le falta Odoo, Organización.;Acreditar Odoo: la vacante lo pide y no figura en el CV.;885480c884ed8190dc3fb64ffb791b29
1289;100;60;2;20/08/2026;3;1;3;3;2;2,7;2,9;Baja;Punto fuerte: encaje con el rol. No acredita a buen nivel ninguna de las habilidades pedidas. Punto débil: habilidades pedidas: le falta Prevención de riesgos, Mecanizado CNC.;Acreditar Prevención de riesgos: la vacante lo pide y no figura en el CV.;a55050736976ba738c4e5e8a86c34ed9
1290;121;23;2;20/08/2026;3;1;3;1;2;2,7;2,7;Baja;Punto fuerte: encaje con el rol. Cubre Inglés. Punto débil: habilidades pedidas: le falta Atención al cliente, Francés.;Acreditar Atención al cliente: la vacante lo pide y no figura en el CV.;cb39e08210413c9765882bcc9841220f
1291;58;162;2;20/08/2026;2;3;4;4;4;4,0;3,6;Alta;Punto fuerte: experiencia. Cubre Euskera. Punto débil: encaje con el rol.;Acreditar Atención al cliente: la vacante lo pide y no figura en el CV.;f32dca8b4bbeaf7b99a5388a3ee25d05
1292;122;20;2;20/08/2026;1;2;3;3;2;2,5;2,5;Baja;Punto fuerte: experiencia. No acredita a buen nivel ninguna de las habilidades pedidas. Punto débil: encaje con el rol.;Acreditar Odoo: la vacante lo pide y no figura en el CV.;0f47f08a3ff2736019f0343b79efd27a
1293;19;175;2;20/08/2026;2;1;4;3;2;2,5;2,8;Baja;Punto fuerte: experiencia. No acredita a buen nivel ninguna de las habilidades pedidas. Punto débil: habilidades pedidas: le falta Análisis estadístico, SQL.;Acreditar Análisis estadístico: la vacante lo pide y no figura en el CV.;07de0c3b759cac6c75f836ee50a4ea34
1294;123;129;2;20/08/2026;3;3;4;3;3;3,5;3,3;Media;Punto fuerte: experiencia. Cubre Salesforce, Atención al cliente. Punto débil: encaje con el rol.;Acreditar Negociación: la vacante lo pide y no figura en el CV.;6155f3343edca93166aeafc6c86a1068
1295;129;192;2;20/08/2026;5;2;5;3;4;4,2;3,9;Alta;Punto fuerte: encaje con el rol. Cubre Organización. Punto débil: habilidades pedidas: le falta Odoo, Atención al cliente.;Acreditar Odoo: la vacante lo pide y no figura en el CV.;bcf494e44790574dbf2ddacaa64605b9
1296;118;12;2;20/08/2026;2;2;2;3;2;3,1;2,8;Media;Punto fuerte: retribución. Cubre Inglés. Punto débil: encaje con el rol.;Acreditar Análisis estadístico: la vacante lo pide y no figura en el CV.;7cd441c45246fdcf3b7ed7b74b726039
1297;125;141;2;20/08/2026;1;4;2;1;3;3,4;3,6;Media;Punto fuerte: habilidades pedidas (Microsoft Office, Inglés). Cubre Microsoft Office, Inglés, Atención al cliente. Punto débil: encaje con el rol.;Acreditar Francés: la vacante lo pide y no figura en el CV.;53a01c275e45eeaf2f82fc44b80aed50
1298;116;229;2;20/08/2026;5;1;4;1;3;3,1;2,7;Media;Punto fuerte: encaje con el rol. No acredita a buen nivel ninguna de las habilidades pedidas. Punto débil: habilidades pedidas: le falta Excel avanzado, Contabilidad.;Acreditar Excel avanzado: la vacante lo pide y no figura en el CV.;1d8ddb07bbd95a6cd14f8e409279f715
1299;128;154;2;20/08/2026;4;3;5;1;4;4,0;3,6;Alta;Punto fuerte: experiencia. Cubre Organización, Atención al cliente. Punto débil: retribución.;Acreditar Microsoft Office: la vacante lo pide y no figura en el CV.;dc4a815cd975a1b7a4abe5c4611d9745
1300;63;109;2;20/08/2026;5;2;1;3;3;3,8;3,9;Media;Punto fuerte: encaje con el rol. Cubre Java. Punto débil: experiencia.;Acreditar JavaScript: la vacante lo pide y no figura en el CV.;a76d2d2fdfe4ab06c79ecacf09618e66
1301;70;131;2;20/08/2026;3;1;3;1;2;2,9;3,2;Baja;Punto fuerte: encaje con el rol. No acredita a buen nivel ninguna de las habilidades pedidas. Punto débil: habilidades pedidas: le falta JavaScript, Java.;Acreditar JavaScript: la vacante lo pide y no figura en el CV.;f5afac3bc9ed839fa51c0f7d16a6b1f0
1302;126;15;2;20/08/2026;5;1;4;3;3;3,1;3,0;Media;Punto fuerte: encaje con el rol. No acredita a buen nivel ninguna de las habilidades pedidas. Punto débil: habilidades pedidas: le falta Microsoft Office, Francés.;Acreditar Microsoft Office: la vacante lo pide y no figura en el CV.;bf8badb65edb2a8201262f446f291c52
1303;133;217;2;20/08/2026;1;1;3;1;1;2,0;2,5;Baja;Punto fuerte: experiencia. No acredita a buen nivel ninguna de las habilidades pedidas. Punto débil: encaje con el rol.;Acreditar Atención al cliente: la vacante lo pide y no figura en el CV.;92132dfcde48ccc936db147438277a1d
1304;125;21;2;20/08/2026;5;4;3;1;3;4,4;4,1;Alta;Punto fuerte: encaje con el rol. Cubre Odoo, Microsoft Office, Atención al cliente. Punto débil: retribución.;La retribución queda por debajo de su mínimo: solo compensa si prioriza la experiencia.;53a01c275e45eeaf2f82fc44b80aed50
1305;54;244;2;20/08/2026;5;1;3;5;2;3,6;3,4;Media;Punto fuerte: encaje con el rol. No acredita a buen nivel ninguna de las habilidades pedidas. Punto débil: habilidades pedidas: le falta AutoCAD, Diseño gráfico.;Acreditar AutoCAD: la vacante lo pide y no figura en el CV.;859984ad4520ebcdd0cd73c27c6bb5b8
1306;13;87;2;20/08/2026;5;3;2;3;2;4,1;3,7;Alta;Punto fuerte: encaje con el rol. Cubre Creatividad. Punto débil: experiencia.;Acreditar Figma: la vacante lo pide y no figura en el CV.;378db114d70b4e32b39eb03832f54cb8
1307;102;87;2;20/08/2026;5;2;3;5;3;3,9;3,8;Media;Punto fuerte: encaje con el rol. Cubre Creatividad. Punto débil: habilidades pedidas: le falta Figma, Photoshop.;Acreditar Figma: la vacante lo pide y no figura en el CV.;025b3b4f122944277d4e5de5758fb6c9
1308;117;117;2;20/08/2026;4;3;1;2;3;3,3;3,0;Media;Punto fuerte: encaje con el rol. Cubre Negociación, Orientación a resultados. Punto débil: experiencia.;Acreditar Salesforce: la vacante lo pide y no figura en el CV.;35b6487636b234fe1f4efe057b30b1e2
1309;80;13;2;20/08/2026;5;4;1;3;3;4,6;4,1;Alta;Punto fuerte: encaje con el rol. Cubre Creatividad, Comunicación. Punto débil: experiencia.;Acreditar Empatía: la vacante lo pide y no figura en el CV.;0ab41c1e90b3e44375989152324bc3dc
1310;28;72;2;20/08/2026;2;1;3;3;3;2,7;2,8;Baja;Punto fuerte: experiencia. Cubre Inglés. Punto débil: habilidades pedidas: le falta Atención al cliente, Microsoft Office.;Acreditar Atención al cliente: la vacante lo pide y no figura en el CV.;3d4aa4595655d0cacd2dda308651f1ce
1311;85;16;2;20/08/2026;5;1;4;5;3;3,6;3,8;Media;Punto fuerte: encaje con el rol. No acredita a buen nivel ninguna de las habilidades pedidas. Punto débil: habilidades pedidas: le falta Docker, SQL.;Acreditar Docker: la vacante lo pide y no figura en el CV.;5c4e1357a35f409ae56311fce6ced4de
1312;121;38;2;20/08/2026;2;2;1;3;3;2,9;3,3;Baja;Punto fuerte: retribución. Cubre Comunicación. Punto débil: experiencia.;Acreditar Microsoft Office: la vacante lo pide y no figura en el CV.;cb39e08210413c9765882bcc9841220f
1313;135;62;2;20/08/2026;1;1;2;3;1;2,2;2,0;Baja;Punto fuerte: retribución. No acredita a buen nivel ninguna de las habilidades pedidas. Punto débil: encaje con el rol.;Acreditar Odoo: la vacante lo pide y no figura en el CV.;b9bc17dfc73171df3d3d1b8ba6e3f3d7
1314;110;215;2;20/08/2026;2;2;2;2;3;2,9;3,3;Baja;Punto fuerte: probabilidad de entrevista. Cubre Atención al cliente. Punto débil: encaje con el rol.;Acreditar Organización: la vacante lo pide y no figura en el CV.;30513ba705d6e6ed3ff594b5995fe27c
1315;96;241;2;20/08/2026;2;2;5;3;3;3,3;3,5;Media;Punto fuerte: experiencia. Cubre Comunicación. Punto débil: encaje con el rol.;Acreditar Pensamiento crítico: la vacante lo pide y no figura en el CV.;4186f381102a944447440cf53f150937
1316;114;109;2;20/08/2026;2;1;1;2;1;2,1;2,3;Baja;Sin puntos fuertes claros para este puesto. No acredita a buen nivel ninguna de las habilidades pedidas. Punto débil: habilidades pedidas: le falta JavaScript, Git.;Acreditar JavaScript: la vacante lo pide y no figura en el CV.;ecbcbaa2cd87e3d89bdbf4bee1928766
1317;135;116;2;20/08/2026;2;1;2;1;2;2,3;2,5;Baja;Sin puntos fuertes claros para este puesto. No acredita a buen nivel ninguna de las habilidades pedidas. Punto débil: habilidades pedidas: le falta Odoo, Organización.;Acreditar Odoo: la vacante lo pide y no figura en el CV.;b9bc17dfc73171df3d3d1b8ba6e3f3d7
1318;101;48;2;20/08/2026;3;3;3;3;2;3,2;3,3;Media;Punto fuerte: encaje con el rol. Cubre Microsoft Office, Organización. Punto débil: probabilidad de entrevista.;Acreditar Odoo: la vacante lo pide y no figura en el CV.;502bd7fd3adf67816abdca47dfd1122c
1319;132;117;2;20/08/2026;2;2;4;3;2;2,5;2,2;Baja;Punto fuerte: experiencia. Cubre Orientación a resultados. Punto débil: encaje con el rol.;Acreditar Negociación: la vacante lo pide y no figura en el CV.;2ecb9edf8ba799d8e907738b02e00593
1320;120;154;2;20/08/2026;5;2;4;1;3;3,4;3,5;Media;Punto fuerte: encaje con el rol. Cubre Odoo. Punto débil: retribución.;Acreditar Microsoft Office: la vacante lo pide y no figura en el CV.;316f87cb8ffa1f8e3787c1907ef0d540
1321;114;96;2;20/08/2026;5;2;5;1;3;3,6;3,4;Media;Punto fuerte: encaje con el rol. No acredita a buen nivel ninguna de las habilidades pedidas. Punto débil: retribución.;Acreditar SQL: la vacante lo pide y no figura en el CV.;ecbcbaa2cd87e3d89bdbf4bee1928766
1322;82;13;2;20/08/2026;2;3;2;5;2;3,2;3,5;Media;Punto fuerte: retribución. Cubre Comunicación, Empatía. Punto débil: encaje con el rol.;Acreditar Euskera: la vacante lo pide y no figura en el CV.;3ec0b79b25325c03b9a45736b8998523
1323;28;104;2;20/08/2026;2;2;1;3;1;2,2;1,9;Baja;Punto fuerte: retribución. Cubre Euskera. Punto débil: experiencia.;Acreditar Análisis estadístico: la vacante lo pide y no figura en el CV.;3d4aa4595655d0cacd2dda308651f1ce
1324;13;87;3;20/08/2026;5;3;2;2;2;3,9;3,9;Media;Revisión manual. Punto fuerte: encaje con el rol.;Acreditar Figma: la vacante lo pide y no figura en el CV.;378db114d70b4e32b39eb03832f54cb8
1325;23;139;2;21/08/2026;2;2;5;3;3;3,2;3,3;Media;Punto fuerte: experiencia. Cubre Inglés. Punto débil: encaje con el rol.;Acreditar Negociación: la vacante lo pide y no figura en el CV.;c69114ac25b163c11e24ee2b45095c2e
1326;120;148;2;21/08/2026;2;1;4;1;1;2,2;2,5;Baja;Punto fuerte: experiencia. No acredita a buen nivel ninguna de las habilidades pedidas. Punto débil: habilidades pedidas: le falta Logística, Trabajo en equipo.;Acreditar Logística: la vacante lo pide y no figura en el CV.;316f87cb8ffa1f8e3787c1907ef0d540
1327;136;220;2;21/08/2026;2;2;3;1;1;3,1;3,2;Media;Punto fuerte: experiencia. Cubre Euskera. Punto débil: retribución.;Acreditar Empatía: la vacante lo pide y no figura en el CV.;93b8c696e0f7935fa8ed76fd3fea1bd4
1328;97;116;2;21/08/2026;5;4;1;3;4;4,4;4,1;Alta;Punto fuerte: encaje con el rol. Cubre Odoo, Microsoft Office. Punto débil: experiencia.;Acreditar Organización: la vacante lo pide y no figura en el CV.;d508c96e4333f9d60045fde2eabe6d65
1329;69;29;2;21/08/2026;2;3;3;1;2;3,3;3,8;Media;Punto fuerte: habilidades pedidas (Euskera, Inglés). Cubre Euskera, Inglés. Punto débil: retribución.;Acreditar Atención al cliente: la vacante lo pide y no figura en el CV.;7acbc14f03275bc7b352029c8f0b9bc1
1330;134;95;2;21/08/2026;2;2;4;3;3;3,0;3,2;Media;Punto fuerte: experiencia. No acredita a buen nivel ninguna de las habilidades pedidas. Punto débil: encaje con el rol.;Acreditar Negociación: la vacante lo pide y no figura en el CV.;c29ac152f61bae4151b5cd27508b247c
1331;16;138;2;21/08/2026;3;1;4;1;3;2,4;2,9;Baja;Punto fuerte: experiencia. No acredita a buen nivel ninguna de las habilidades pedidas. Punto débil: habilidades pedidas: le falta Orientación a resultados, Negociación.;Acreditar Orientación a resultados: la vacante lo pide y no figura en el CV.;9530d96f3cc7bbb0bbb2b41a3b822435
1332;104;35;2;21/08/2026;5;3;5;1;4;4,3;4,1;Alta;Punto fuerte: encaje con el rol. Cubre Organización, Euskera. Punto débil: retribución.;Acreditar Odoo: la vacante lo pide y no figura en el CV.;83784fb75cfd6f0b3f6f78ed66c29913
1333;97;72;2;21/08/2026;2;3;2;3;3;3,6;4,0;Media;Punto fuerte: habilidades pedidas (Microsoft Office, Inglés). Cubre Microsoft Office, Inglés. Punto débil: encaje con el rol.;Acreditar Atención al cliente: la vacante lo pide y no figura en el CV.;d508c96e4333f9d60045fde2eabe6d65
1334;134;140;2;21/08/2026;5;2;4;2;3;3,9;4,3;Media;Punto fuerte: encaje con el rol. No acredita a buen nivel ninguna de las habilidades pedidas. Punto débil: habilidades pedidas: le falta Vocación de servicio, Trabajo en equipo.;Acreditar Vocación de servicio: la vacante lo pide y no figura en el CV.;c29ac152f61bae4151b5cd27508b247c
1335;30;131;2;21/08/2026;3;1;3;1;3;2,7;2,7;Baja;Punto fuerte: encaje con el rol. No acredita a buen nivel ninguna de las habilidades pedidas. Punto débil: habilidades pedidas: le falta JavaScript, Java.;Acreditar JavaScript: la vacante lo pide y no figura en el CV.;fdb15b3bc12281881d7d7b584622407a
1336;39;154;2;21/08/2026;2;2;2;1;2;2,4;2,8;Baja;Sin puntos fuertes claros para este puesto. No acredita a buen nivel ninguna de las habilidades pedidas. Punto débil: retribución.;Acreditar Microsoft Office: la vacante lo pide y no figura en el CV.;d866939a94fc049e27104c52373baea1
1337;119;156;2;21/08/2026;2;1;1;3;1;1,8;1,4;Baja;Punto fuerte: retribución. No acredita a buen nivel ninguna de las habilidades pedidas. Punto débil: habilidades pedidas: le falta Negociación, Atención al cliente.;Acreditar Negociación: la vacante lo pide y no figura en el CV.;bf4d833bd31cd6a9f8c9ebb76104ddf7
1338;72;109;2;21/08/2026;4;1;5;3;3;3,4;3,4;Media;Punto fuerte: experiencia. No acredita a buen nivel ninguna de las habilidades pedidas. Punto débil: habilidades pedidas: le falta JavaScript, Git.;Acreditar JavaScript: la vacante lo pide y no figura en el CV.;00c6ea09b3c021f3b117297451d698eb
1339;126;109;2;21/08/2026;4;2;2;5;3;3,8;3,3;Media;Punto fuerte: retribución. Cubre Java. Punto débil: habilidades pedidas: le falta JavaScript, Git.;Acreditar JavaScript: la vacante lo pide y no figura en el CV.;bf8badb65edb2a8201262f446f291c52
1340;52;154;2;21/08/2026;2;1;4;2;2;3,1;3,3;Media;Punto fuerte: experiencia. No acredita a buen nivel ninguna de las habilidades pedidas. Punto débil: habilidades pedidas: le falta Microsoft Office, Odoo.;Acreditar Microsoft Office: la vacante lo pide y no figura en el CV.;9c968e3db36d38047984c27ed0614858
1341;53;154;2;21/08/2026;1;1;5;3;2;2,8;2,5;Baja;Punto fuerte: experiencia. No acredita a buen nivel ninguna de las habilidades pedidas. Punto débil: encaje con el rol.;Acreditar Microsoft Office: la vacante lo pide y no figura en el CV.;d7dc5213f05e3731c1548793a9af61e6
1342;121;109;2;21/08/2026;3;1;1;4;1;2,8;3,0;Baja;Punto fuerte: retribución. No acredita a buen nivel ninguna de las habilidades pedidas. Punto débil: habilidades pedidas: le falta JavaScript, Git.;Acreditar JavaScript: la vacante lo pide y no figura en el CV.;cb39e08210413c9765882bcc9841220f
1343;121;71;2;21/08/2026;5;1;2;3;2;3,4;3,2;Media;Punto fuerte: encaje con el rol. No acredita a buen nivel ninguna de las habilidades pedidas. Punto débil: habilidades pedidas: le falta Pensamiento crítico, SAP.;Acreditar Pensamiento crítico: la vacante lo pide y no figura en el CV.;cb39e08210413c9765882bcc9841220f
1344;109;215;2;21/08/2026;4;4;5;1;4;4,8;4,6;Alta;Punto fuerte: experiencia. Cubre Organización, Atención al cliente, Odoo. Punto débil: retribución.;Acreditar Microsoft Office: la vacante lo pide y no figura en el CV.;8c05856918be966f9ef0b4acf5cb8f27
1345;117;103;2;21/08/2026;5;2;1;3;3;3,8;3,7;Media;Punto fuerte: encaje con el rol. Cubre Trabajo en equipo. Punto débil: experiencia.;Acreditar SAP: la vacante lo pide y no figura en el CV.;35b6487636b234fe1f4efe057b30b1e2
1346;113;28;2;21/08/2026;5;2;4;1;3;4,1;4,2;Alta;Punto fuerte: encaje con el rol. Cubre Inglés. Punto débil: retribución.;Acreditar Atención al cliente: la vacante lo pide y no figura en el CV.;7eecc91afd3f91f116de12ffa2ece811
1347;112;53;2;21/08/2026;5;1;1;4;1;3,1;2,8;Media;Punto fuerte: encaje con el rol. No acredita a buen nivel ninguna de las habilidades pedidas. Punto débil: habilidades pedidas: le falta Atención al cliente, Odoo.;Acreditar Atención al cliente: la vacante lo pide y no figura en el CV.;386e85cee8443f469279f9dcd8990713
1348;45;205;2;21/08/2026;5;2;2;3;3;4,0;3,9;Alta;Punto fuerte: encaje con el rol. No acredita a buen nivel ninguna de las habilidades pedidas. Punto débil: habilidades pedidas: le falta SQL, Python.;Acreditar SQL: la vacante lo pide y no figura en el CV.;79696bcf14d19d8cc255fccfe9b7752e
1349;114;28;2;21/08/2026;2;1;5;1;2;2,8;2,5;Baja;Punto fuerte: experiencia. Cubre Inglés. Punto débil: habilidades pedidas: le falta Atención al cliente, Francés.;Acreditar Atención al cliente: la vacante lo pide y no figura en el CV.;ecbcbaa2cd87e3d89bdbf4bee1928766
1350;102;223;2;21/08/2026;5;2;4;5;3;4,0;3,8;Alta;Punto fuerte: encaje con el rol. Cubre Empatía, Creatividad. Punto débil: habilidades pedidas: le falta Photoshop.;Acreditar Photoshop: la vacante lo pide y no figura en el CV.;025b3b4f122944277d4e5de5758fb6c9
1351;40;34;2;21/08/2026;2;1;2;3;2;2,6;2,9;Baja;Punto fuerte: retribución. No acredita a buen nivel ninguna de las habilidades pedidas. Punto débil: habilidades pedidas: le falta Trabajo bajo presión, Organización.;Acreditar Trabajo bajo presión: la vacante lo pide y no figura en el CV.;9787e8ce8f1ff73732a864352c285885
1352;39;60;2;21/08/2026;5;2;2;3;3;3,9;3,7;Media;Punto fuerte: encaje con el rol. Cubre Prevención de riesgos, Autonomía. Punto débil: habilidades pedidas: le falta Mecanizado CNC, Resolución de problemas.;Acreditar Mecanizado CNC: la vacante lo pide y no figura en el CV.;d866939a94fc049e27104c52373baea1
1353;105;128;2;21/08/2026;2;1;2;5;1;2,5;2,7;Baja;Punto fuerte: retribución. No acredita a buen nivel ninguna de las habilidades pedidas. Punto débil: habilidades pedidas: le falta Excel avanzado, Análisis estadístico.;Acreditar Excel avanzado: la vacante lo pide y no figura en el CV.;b6452daf8fd3171fbc538805a9f31fb3
1354;122;195;2;22/08/2026;2;1;4;3;2;2,7;2,6;Baja;Punto fuerte: experiencia. No acredita a buen nivel ninguna de las habilidades pedidas. Punto débil: habilidades pedidas: le falta Orientación a resultados, Atención al cliente.;Acreditar Orientación a resultados: la vacante lo pide y no figura en el CV.;0f47f08a3ff2736019f0343b79efd27a
1355;74;154;2;22/08/2026;3;1;2;1;2;2,5;2,5;Baja;Punto fuerte: encaje con el rol. No acredita a buen nivel ninguna de las habilidades pedidas. Punto débil: habilidades pedidas: le falta Microsoft Office, Odoo.;Acreditar Microsoft Office: la vacante lo pide y no figura en el CV.;670d890f4ae2ab6b18accfa8c5a36fe3
1356;82;60;2;22/08/2026;5;2;4;3;4;4,3;4,2;Alta;Punto fuerte: encaje con el rol. Cubre Resolución de problemas. Punto débil: habilidades pedidas: le falta Prevención de riesgos, Mecanizado CNC.;Acreditar Prevención de riesgos: la vacante lo pide y no figura en el CV.;3ec0b79b25325c03b9a45736b8998523
1357;125;185;2;22/08/2026;4;5;1;1;5;3,9;3,4;Media;Punto fuerte: habilidades pedidas (Atención al cliente, Microsoft Office). Cubre Atención al cliente, Microsoft Office, Odoo. Punto débil: experiencia.;Acreditar Organización: la vacante lo pide y no figura en el CV.;53a01c275e45eeaf2f82fc44b80aed50
1358;24;116;2;22/08/2026;3;1;5;1;3;2,9;2,9;Baja;Punto fuerte: experiencia. No acredita a buen nivel ninguna de las habilidades pedidas. Punto débil: habilidades pedidas: le falta Odoo, Microsoft Office.;Acreditar Odoo: la vacante lo pide y no figura en el CV.;1aeb058baac2bcc159a5b57e54fefa31
1359;60;205;2;22/08/2026;2;1;1;5;2;2,7;2,8;Baja;Punto fuerte: retribución. No acredita a buen nivel ninguna de las habilidades pedidas. Punto débil: habilidades pedidas: le falta SQL, Python.;Acreditar SQL: la vacante lo pide y no figura en el CV.;7fb8cfa04fabdd00e9a549148bd60e44
1360;89;128;2;22/08/2026;5;2;1;5;2;4,0;3,9;Alta;Punto fuerte: encaje con el rol. Cubre Excel avanzado. Punto débil: experiencia.;Acreditar Análisis estadístico: la vacante lo pide y no figura en el CV.;e55d60a89641a3f36c331a954f73d14f
1361;31;131;2;22/08/2026;4;1;5;3;3;3,7;3,5;Media;Punto fuerte: experiencia. No acredita a buen nivel ninguna de las habilidades pedidas. Punto débil: habilidades pedidas: le falta JavaScript, Java.;Acreditar JavaScript: la vacante lo pide y no figura en el CV.;f5bdd3f0eb3dad01d633b74b369c9125
1362;24;38;2;22/08/2026;5;2;5;4;4;4,6;4,4;Alta;Punto fuerte: encaje con el rol. No acredita a buen nivel ninguna de las habilidades pedidas. Punto débil: habilidades pedidas: le falta Microsoft Office, Empatía.;Acreditar Microsoft Office: la vacante lo pide y no figura en el CV.;1aeb058baac2bcc159a5b57e54fefa31
1363;114;131;2;22/08/2026;2;1;3;1;2;2,4;2,7;Baja;Punto fuerte: experiencia. No acredita a buen nivel ninguna de las habilidades pedidas. Punto débil: habilidades pedidas: le falta JavaScript, Java.;Acreditar JavaScript: la vacante lo pide y no figura en el CV.;ecbcbaa2cd87e3d89bdbf4bee1928766
1364;137;168;2;22/08/2026;3;2;5;3;3;3,7;4,0;Media;Punto fuerte: experiencia. No acredita a buen nivel ninguna de las habilidades pedidas. Punto débil: habilidades pedidas: le falta Prevención de riesgos, Mecanizado CNC.;Acreditar Prevención de riesgos: la vacante lo pide y no figura en el CV.;5b76544032609f36e5ba5e6a0363dd74
1365;63;241;2;22/08/2026;2;1;2;3;1;2,2;1,8;Baja;Punto fuerte: retribución. No acredita a buen nivel ninguna de las habilidades pedidas. Punto débil: habilidades pedidas: le falta Comunicación, Inglés.;Acreditar Comunicación: la vacante lo pide y no figura en el CV.;a76d2d2fdfe4ab06c79ecacf09618e66
1366;127;229;2;22/08/2026;2;1;2;2;2;1,9;2,5;Baja;Sin puntos fuertes claros para este puesto. No acredita a buen nivel ninguna de las habilidades pedidas. Punto débil: habilidades pedidas: le falta Excel avanzado, Contabilidad.;Acreditar Excel avanzado: la vacante lo pide y no figura en el CV.;c84a1f2aca07835f87348ad25d5788ce
1367;108;110;2;22/08/2026;3;2;4;3;3;3,2;3,0;Media;Punto fuerte: experiencia. Cubre Atención al cliente. Punto débil: habilidades pedidas: le falta Microsoft Office, Francés.;Acreditar Microsoft Office: la vacante lo pide y no figura en el CV.;d8dfe0f83e95120fd39310c95ef282a9
1368;107;45;2;22/08/2026;1;1;2;5;1;2,0;2,2;Baja;Punto fuerte: retribución. Cubre Euskera. Punto débil: encaje con el rol.;Acreditar Atención al detalle: la vacante lo pide y no figura en el CV.;018a507c8bc3280d933488b584add926
1369;142;218;2;22/08/2026;3;1;4;1;2;2,7;3,1;Baja;Punto fuerte: experiencia. No acredita a buen nivel ninguna de las habilidades pedidas. Punto débil: habilidades pedidas: le falta Trabajo en equipo, Trabajo bajo presión.;Acreditar Trabajo en equipo: la vacante lo pide y no figura en el CV.;e1fbe01088205acf3b93e7e64d89d141
1370;77;169;2;22/08/2026;2;2;2;1;2;2,2;1,9;Baja;Sin puntos fuertes claros para este puesto. No acredita a buen nivel ninguna de las habilidades pedidas. Punto débil: retribución.;Acreditar Autonomía: la vacante lo pide y no figura en el CV.;6b2ecdff913c1a67b7a1efcffbace6d8
1371;119;30;2;22/08/2026;2;2;3;2;2;2,9;2,7;Baja;Punto fuerte: experiencia. Cubre Euskera. Punto débil: encaje con el rol.;Acreditar Atención al cliente: la vacante lo pide y no figura en el CV.;bf4d833bd31cd6a9f8c9ebb76104ddf7
1372;125;35;2;22/08/2026;5;4;1;1;3;3,7;3,6;Media;Punto fuerte: encaje con el rol. Cubre Odoo, Atención al cliente, Microsoft Office. Punto débil: experiencia.;Acreditar Organización: la vacante lo pide y no figura en el CV.;53a01c275e45eeaf2f82fc44b80aed50
1373;141;29;2;22/08/2026;4;3;5;3;4;4,8;4,4;Alta;Punto fuerte: experiencia. Cubre Euskera, Inglés. Punto débil: habilidades pedidas: le falta Trabajo bajo presión, Atención al cliente.;Acreditar Trabajo bajo presión: la vacante lo pide y no figura en el CV.;21048a31d97fe07cff16c453033b21c6
1374;29;84;2;22/08/2026;2;2;4;3;2;3,1;3,3;Media;Punto fuerte: experiencia. No acredita a buen nivel ninguna de las habilidades pedidas. Punto débil: encaje con el rol.;Acreditar Comunicación: la vacante lo pide y no figura en el CV.;b613a75bd33c952658043c1eb97e8249
1375;59;76;2;22/08/2026;2;1;2;3;1;1,9;2,2;Baja;Punto fuerte: retribución. No acredita a buen nivel ninguna de las habilidades pedidas. Punto débil: habilidades pedidas: le falta AutoCAD, Atención al detalle.;Acreditar AutoCAD: la vacante lo pide y no figura en el CV.;76c5a1f362a8c28dc86ec1e008398a92
1376;75;154;2;22/08/2026;2;1;3;4;2;2,8;3,3;Baja;Punto fuerte: retribución. No acredita a buen nivel ninguna de las habilidades pedidas. Punto débil: habilidades pedidas: le falta Microsoft Office, Odoo.;Acreditar Microsoft Office: la vacante lo pide y no figura en el CV.;d30d03d751c3dd67c9e53c2c3fd99212
1377;143;156;2;22/08/2026;5;1;4;4;3;4,0;4,1;Alta;Punto fuerte: encaje con el rol. No acredita a buen nivel ninguna de las habilidades pedidas. Punto débil: habilidades pedidas: le falta Negociación, Atención al cliente.;Acreditar Negociación: la vacante lo pide y no figura en el CV.;37b731f4bbfdbd1bed4aea1a68770abb
1378;116;48;2;22/08/2026;5;1;2;1;2;2,6;2,9;Baja;Punto fuerte: encaje con el rol. No acredita a buen nivel ninguna de las habilidades pedidas. Punto débil: habilidades pedidas: le falta Microsoft Office, Odoo.;Acreditar Microsoft Office: la vacante lo pide y no figura en el CV.;1d8ddb07bbd95a6cd14f8e409279f715
1379;143;90;2;22/08/2026;1;1;3;3;1;1,9;1,7;Baja;Punto fuerte: experiencia. No acredita a buen nivel ninguna de las habilidades pedidas. Punto débil: encaje con el rol.;Acreditar JavaScript: la vacante lo pide y no figura en el CV.;37b731f4bbfdbd1bed4aea1a68770abb
1380;142;76;2;22/08/2026;1;2;1;5;2;2,9;3,1;Baja;Punto fuerte: retribución. No acredita a buen nivel ninguna de las habilidades pedidas. Punto débil: encaje con el rol.;Acreditar AutoCAD: la vacante lo pide y no figura en el CV.;e1fbe01088205acf3b93e7e64d89d141
1381;133;14;2;22/08/2026;2;2;2;3;2;3,0;3,3;Media;Punto fuerte: retribución. Cubre Atención al detalle. Punto débil: encaje con el rol.;Acreditar Pensamiento crítico: la vacante lo pide y no figura en el CV.;92132dfcde48ccc936db147438277a1d
1382;121;151;2;22/08/2026;2;1;2;5;1;2,8;3,1;Baja;Punto fuerte: retribución. No acredita a buen nivel ninguna de las habilidades pedidas. Punto débil: habilidades pedidas: le falta Creatividad, Photoshop.;Acreditar Creatividad: la vacante lo pide y no figura en el CV.;cb39e08210413c9765882bcc9841220f
1383;121;134;2;22/08/2026;3;1;1;3;1;2,7;2,6;Baja;Punto fuerte: encaje con el rol. No acredita a buen nivel ninguna de las habilidades pedidas. Punto débil: habilidades pedidas: le falta Creatividad, Google Analytics.;Acreditar Creatividad: la vacante lo pide y no figura en el CV.;cb39e08210413c9765882bcc9841220f
1384;141;156;2;22/08/2026;5;1;3;3;2;3,1;2,9;Media;Punto fuerte: encaje con el rol. No acredita a buen nivel ninguna de las habilidades pedidas. Punto débil: habilidades pedidas: le falta Negociación, Atención al cliente.;Acreditar Negociación: la vacante lo pide y no figura en el CV.;21048a31d97fe07cff16c453033b21c6
1385;28;128;2;22/08/2026;3;2;2;3;1;2,8;2,5;Baja;Punto fuerte: encaje con el rol. No acredita a buen nivel ninguna de las habilidades pedidas. Punto débil: probabilidad de entrevista.;Acreditar Análisis estadístico: la vacante lo pide y no figura en el CV.;3d4aa4595655d0cacd2dda308651f1ce
1386;127;167;2;22/08/2026;2;2;2;3;3;3,1;3,5;Media;Punto fuerte: retribución. Cubre Organización. Punto débil: encaje con el rol.;Acreditar Trabajo bajo presión: la vacante lo pide y no figura en el CV.;c84a1f2aca07835f87348ad25d5788ce
1387;121;97;2;23/08/2026;5;1;2;4;3;3,9;3,7;Media;Punto fuerte: encaje con el rol. No acredita a buen nivel ninguna de las habilidades pedidas. Punto débil: habilidades pedidas: le falta SAP, Atención al detalle.;Acreditar SAP: la vacante lo pide y no figura en el CV.;cb39e08210413c9765882bcc9841220f
1388;111;223;2;23/08/2026;2;2;5;5;2;3,5;3,9;Media;Punto fuerte: experiencia. Cubre Empatía, Creatividad. Punto débil: encaje con el rol.;Acreditar Photoshop: la vacante lo pide y no figura en el CV.;c45621a527924aa068064fc20c28d2b9
1389;139;177;2;23/08/2026;2;1;2;3;2;2,5;2,6;Baja;Punto fuerte: retribución. No acredita a buen nivel ninguna de las habilidades pedidas. Punto débil: habilidades pedidas: le falta Atención al cliente, Odoo.;Acreditar Atención al cliente: la vacante lo pide y no figura en el CV.;b9761c2b467377880cd97108334940d7
1390;139;190;2;23/08/2026;2;1;2;3;1;2,5;2,4;Baja;Punto fuerte: retribución. No acredita a buen nivel ninguna de las habilidades pedidas. Punto débil: habilidades pedidas: le falta Odoo, Atención al cliente.;Acreditar Odoo: la vacante lo pide y no figura en el CV.;b9761c2b467377880cd97108334940d7
1391;96;35;2;23/08/2026;2;1;4;3;2;2,7;2,5;Baja;Punto fuerte: experiencia. No acredita a buen nivel ninguna de las habilidades pedidas. Punto débil: habilidades pedidas: le falta Organización, Odoo.;Acreditar Organización: la vacante lo pide y no figura en el CV.;4186f381102a944447440cf53f150937
1392;63;175;2;23/08/2026;5;3;3;3;3;3,9;3,6;Media;Punto fuerte: encaje con el rol. Cubre Análisis estadístico, SQL. Punto débil: habilidades pedidas: le falta Excel avanzado, Python.;Acreditar Excel avanzado: la vacante lo pide y no figura en el CV.;a76d2d2fdfe4ab06c79ecacf09618e66
1393;122;140;2;23/08/2026;3;1;1;3;1;2,0;2,3;Baja;Punto fuerte: encaje con el rol. No acredita a buen nivel ninguna de las habilidades pedidas. Punto débil: habilidades pedidas: le falta Vocación de servicio, Atención al cliente.;Acreditar Vocación de servicio: la vacante lo pide y no figura en el CV.;0f47f08a3ff2736019f0343b79efd27a
1394;122;87;2;23/08/2026;2;1;1;3;2;2,4;2,6;Baja;Punto fuerte: retribución. No acredita a buen nivel ninguna de las habilidades pedidas. Punto débil: habilidades pedidas: le falta Figma, Photoshop.;Acreditar Figma: la vacante lo pide y no figura en el CV.;0f47f08a3ff2736019f0343b79efd27a
1395;116;191;2;23/08/2026;2;1;1;3;1;2,0;1,7;Baja;Punto fuerte: retribución. No acredita a buen nivel ninguna de las habilidades pedidas. Punto débil: habilidades pedidas: le falta Excel avanzado, Pensamiento crítico.;Acreditar Excel avanzado: la vacante lo pide y no figura en el CV.;1d8ddb07bbd95a6cd14f8e409279f715
1396;120;192;2;23/08/2026;5;2;5;3;3;3,8;4,0;Media;Punto fuerte: encaje con el rol. Cubre Odoo. Punto débil: habilidades pedidas: le falta Atención al cliente.;Acreditar Atención al cliente: la vacante lo pide y no figura en el CV.;316f87cb8ffa1f8e3787c1907ef0d540
1397;76;114;2;23/08/2026;5;3;3;4;4;4,6;4,6;Alta;Punto fuerte: encaje con el rol. Cubre Salesforce, Orientación a resultados. Punto débil: habilidades pedidas: le falta Atención al cliente.;Acreditar Atención al cliente: la vacante lo pide y no figura en el CV.;4cfd825587a78dd0bc54d9398a050a4f
1398;18;161;2;23/08/2026;2;2;3;4;3;3,0;3,1;Media;Punto fuerte: retribución. Cubre Euskera. Punto débil: encaje con el rol.;Acreditar Empatía: la vacante lo pide y no figura en el CV.;f75337c1535cca7acdd8d464a5086ad5
1399;113;158;2;23/08/2026;5;1;4;2;3;3,4;3,3;Media;Punto fuerte: encaje con el rol. No acredita a buen nivel ninguna de las habilidades pedidas. Punto débil: habilidades pedidas: le falta Microsoft Office, Atención al cliente.;Acreditar Microsoft Office: la vacante lo pide y no figura en el CV.;7eecc91afd3f91f116de12ffa2ece811
1400;65;87;2;23/08/2026;2;1;4;3;2;2,4;2,2;Baja;Punto fuerte: experiencia. No acredita a buen nivel ninguna de las habilidades pedidas. Punto débil: habilidades pedidas: le falta Figma, Creatividad.;Acreditar Figma: la vacante lo pide y no figura en el CV.;3cb0682fe51ea684660b1b35c056b93a
1401;126;220;2;23/08/2026;2;3;4;1;3;3,3;3,6;Media;Punto fuerte: experiencia. Cubre Trabajo bajo presión. Punto débil: retribución.;Acreditar Empatía: la vacante lo pide y no figura en el CV.;bf8badb65edb2a8201262f446f291c52
1402;131;35;2;23/08/2026;2;1;3;3;2;2,7;3,0;Baja;Punto fuerte: experiencia. Cubre Euskera. Punto débil: habilidades pedidas: le falta Organización, Odoo.;Acreditar Organización: la vacante lo pide y no figura en el CV.;45588a90c274767764b39d2e889d2b68
1403;125;124;2;23/08/2026;2;2;2;3;1;3,0;3,0;Media;Punto fuerte: retribución. Cubre Excel avanzado. Punto débil: probabilidad de entrevista.;Acreditar SAP: la vacante lo pide y no figura en el CV.;53a01c275e45eeaf2f82fc44b80aed50
1404;97;169;2;23/08/2026;2;1;3;3;1;2,4;1,9;Baja;Punto fuerte: experiencia. No acredita a buen nivel ninguna de las habilidades pedidas. Punto débil: habilidades pedidas: le falta Autonomía, Soldadura.;Acreditar Autonomía: la vacante lo pide y no figura en el CV.;d508c96e4333f9d60045fde2eabe6d65
1405;133;186;2;23/08/2026;5;4;1;3;4;4,7;4,6;Alta;Punto fuerte: encaje con el rol. Cubre Excel avanzado, Power BI, Python. Punto débil: experiencia.;Acreditar Análisis estadístico: la vacante lo pide y no figura en el CV.;92132dfcde48ccc936db147438277a1d
1406;109;141;2;23/08/2026;5;2;5;1;3;3,7;3,7;Media;Punto fuerte: encaje con el rol. Cubre Inglés, Atención al cliente, Euskera. Punto débil: retribución.;Acreditar Microsoft Office: la vacante lo pide y no figura en el CV.;8c05856918be966f9ef0b4acf5cb8f27
1407;61;23;2;23/08/2026;4;2;5;1;3;3,6;3,6;Media;Punto fuerte: experiencia. Cubre Microsoft Office. Punto débil: retribución.;Acreditar Atención al cliente: la vacante lo pide y no figura en el CV.;d7a2a9311dd06523dd3279716cd6f7c7
1408;120;29;2;23/08/2026;2;2;5;1;3;2,7;2,7;Baja;Punto fuerte: experiencia. Cubre Inglés. Punto débil: retribución.;Acreditar Trabajo bajo presión: la vacante lo pide y no figura en el CV.;316f87cb8ffa1f8e3787c1907ef0d540
1409;3;13;2;23/08/2026;5;2;1;1;3;3,8;3,6;Media;Punto fuerte: encaje con el rol. Cubre Creatividad. Punto débil: experiencia.;Acreditar Euskera: la vacante lo pide y no figura en el CV.;41639786d6f8a244b34cde0b836e6d9c
1410;12;116;2;23/08/2026;2;1;3;2;1;2,5;2,9;Baja;Punto fuerte: experiencia. No acredita a buen nivel ninguna de las habilidades pedidas. Punto débil: habilidades pedidas: le falta Odoo, Organización.;Acreditar Odoo: la vacante lo pide y no figura en el CV.;71000804a77686a1db7205c014abe342
1411;40;186;2;23/08/2026;2;2;2;3;1;2,7;2,9;Baja;Punto fuerte: retribución. Cubre Excel avanzado. Punto débil: probabilidad de entrevista.;Acreditar Análisis estadístico: la vacante lo pide y no figura en el CV.;9787e8ce8f1ff73732a864352c285885
1412;40;131;2;23/08/2026;2;1;3;1;2;2,4;2,6;Baja;Punto fuerte: experiencia. No acredita a buen nivel ninguna de las habilidades pedidas. Punto débil: habilidades pedidas: le falta JavaScript, Java.;Acreditar JavaScript: la vacante lo pide y no figura en el CV.;9787e8ce8f1ff73732a864352c285885
1413;104;109;2;23/08/2026;5;2;2;2;2;2,9;2,5;Baja;Punto fuerte: encaje con el rol. Cubre Java. Punto débil: habilidades pedidas: le falta JavaScript, Git.;Acreditar JavaScript: la vacante lo pide y no figura en el CV.;83784fb75cfd6f0b3f6f78ed66c29913
1414;23;114;2;23/08/2026;2;2;5;3;3;3,2;3,0;Media;Punto fuerte: experiencia. Cubre Atención al cliente, Euskera. Punto débil: encaje con el rol.;Acreditar Salesforce: la vacante lo pide y no figura en el CV.;c69114ac25b163c11e24ee2b45095c2e
1415;21;194;2;23/08/2026;4;3;2;1;3;3,5;3,8;Media;Punto fuerte: encaje con el rol. Cubre Prevención de riesgos, Trabajo en equipo. Punto débil: retribución.;Acreditar Mecanizado CNC: la vacante lo pide y no figura en el CV.;e474a22c958190bad25d49ed5c04aaf3
1416;7;116;2;23/08/2026;5;1;5;3;3;3,6;3,4;Media;Punto fuerte: encaje con el rol. No acredita a buen nivel ninguna de las habilidades pedidas. Punto débil: habilidades pedidas: le falta Odoo, Organización.;Acreditar Odoo: la vacante lo pide y no figura en el CV.;383eaa5c29506016b589f75b32306891
1417;120;21;2;23/08/2026;5;2;4;1;2;3,8;3,4;Media;Punto fuerte: encaje con el rol. Cubre Odoo. Punto débil: retribución.;Acreditar Microsoft Office: la vacante lo pide y no figura en el CV.;316f87cb8ffa1f8e3787c1907ef0d540
1418;95;13;2;23/08/2026;5;3;1;5;2;4,1;3,6;Alta;Punto fuerte: encaje con el rol. Cubre Creatividad, Comunicación, Empatía. Punto débil: experiencia.;Acreditar Euskera: la vacante lo pide y no figura en el CV.;38ec8d05ee004f3d9735664e439808c9
1419;37;111;2;23/08/2026;5;2;2;3;3;3,3;3,1;Media;Punto fuerte: encaje con el rol. Cubre Atención al detalle, Diseño gráfico. Punto débil: habilidades pedidas: le falta AutoCAD, Euskera.;Acreditar AutoCAD: la vacante lo pide y no figura en el CV.;31b3d37b09ab14302024065358c62f20
1420;36;34;2;23/08/2026;2;1;4;1;2;2,1;2,1;Baja;Punto fuerte: experiencia. No acredita a buen nivel ninguna de las habilidades pedidas. Punto débil: habilidades pedidas: le falta Trabajo bajo presión, Organización.;Acreditar Trabajo bajo presión: la vacante lo pide y no figura en el CV.;a9c8adea270d72c098cdcfc98cec0a24
1421;129;110;2;23/08/2026;5;2;5;3;3;4,1;3,8;Alta;Punto fuerte: encaje con el rol. Cubre Inglés, Euskera. Punto débil: habilidades pedidas: le falta Microsoft Office, Francés.;Acreditar Microsoft Office: la vacante lo pide y no figura en el CV.;bcf494e44790574dbf2ddacaa64605b9
1422;121;228;2;23/08/2026;1;3;3;1;2;2,9;3,3;Baja;Punto fuerte: habilidades pedidas (Comunicación). Cubre Comunicación. Punto débil: encaje con el rol.;Acreditar Microsoft Office: la vacante lo pide y no figura en el CV.;cb39e08210413c9765882bcc9841220f
1423;122;149;2;23/08/2026;2;2;1;3;1;2,8;3,0;Baja;Punto fuerte: retribución. No acredita a buen nivel ninguna de las habilidades pedidas. Punto débil: experiencia.;Acreditar Figma: la vacante lo pide y no figura en el CV.;0f47f08a3ff2736019f0343b79efd27a
1424;34;139;2;23/08/2026;2;3;3;3;3;3,5;3,4;Media;Punto fuerte: habilidades pedidas (Pensamiento crítico). Cubre Pensamiento crítico. Punto débil: encaje con el rol.;Acreditar Negociación: la vacante lo pide y no figura en el CV.;19a6f235332b07f91f5633b04c2e4e92
1425;122;83;2;23/08/2026;3;1;2;3;2;3,1;2,9;Media;Punto fuerte: encaje con el rol. No acredita a buen nivel ninguna de las habilidades pedidas. Punto débil: habilidades pedidas: le falta Pensamiento crítico, Atención al detalle.;Acreditar Pensamiento crítico: la vacante lo pide y no figura en el CV.;0f47f08a3ff2736019f0343b79efd27a
1426;142;177;2;23/08/2026;3;3;2;3;3;3,5;3,4;Media;Punto fuerte: encaje con el rol. Cubre Atención al cliente, Organización. Punto débil: experiencia.;Acreditar Odoo: la vacante lo pide y no figura en el CV.;e1fbe01088205acf3b93e7e64d89d141
1427;118;94;2;23/08/2026;4;2;3;3;3;3,2;3,2;Media;Punto fuerte: encaje con el rol. Cubre Python, Euskera. Punto débil: habilidades pedidas: le falta SQL, Git.;Acreditar SQL: la vacante lo pide y no figura en el CV.;7cd441c45246fdcf3b7ed7b74b726039
1428;125;35;3;23/08/2026;5;4;2;1;2;4,0;4,0;Alta;Revisión manual. Punto fuerte: encaje con el rol.;Acreditar Organización: la vacante lo pide y no figura en el CV.;53a01c275e45eeaf2f82fc44b80aed50
1429;114;13;2;24/08/2026;2;1;2;3;1;2,4;2,3;Baja;Punto fuerte: retribución. No acredita a buen nivel ninguna de las habilidades pedidas. Punto débil: habilidades pedidas: le falta Euskera, Creatividad.;Acreditar Euskera: la vacante lo pide y no figura en el CV.;ecbcbaa2cd87e3d89bdbf4bee1928766
1430;132;131;2;24/08/2026;1;1;4;3;2;2,2;2,6;Baja;Punto fuerte: experiencia. No acredita a buen nivel ninguna de las habilidades pedidas. Punto débil: encaje con el rol.;Acreditar JavaScript: la vacante lo pide y no figura en el CV.;2ecb9edf8ba799d8e907738b02e00593
1431;116;126;2;24/08/2026;4;2;3;3;3;4,0;3,9;Alta;Punto fuerte: encaje con el rol. No acredita a buen nivel ninguna de las habilidades pedidas. Punto débil: habilidades pedidas: le falta Atención al cliente.;Acreditar Atención al cliente: la vacante lo pide y no figura en el CV.;1d8ddb07bbd95a6cd14f8e409279f715
1432;113;11;2;24/08/2026;5;1;4;2;4;4,2;4,0;Alta;Punto fuerte: encaje con el rol. No acredita a buen nivel ninguna de las habilidades pedidas. Punto débil: habilidades pedidas: le falta Contabilidad, Organización.;Acreditar Contabilidad: la vacante lo pide y no figura en el CV.;7eecc91afd3f91f116de12ffa2ece811
1433;59;138;2;24/08/2026;2;1;2;3;1;2,3;2,6;Baja;Punto fuerte: retribución. Cubre Orientación a resultados. Punto débil: habilidades pedidas: le falta Negociación, Atención al cliente.;Acreditar Negociación: la vacante lo pide y no figura en el CV.;76c5a1f362a8c28dc86ec1e008398a92
1434;138;212;2;24/08/2026;3;2;4;5;3;3,9;4,1;Media;Punto fuerte: retribución. Cubre Negociación. Punto débil: habilidades pedidas: le falta Prevención de riesgos, Gestión de proyectos.;Acreditar Prevención de riesgos: la vacante lo pide y no figura en el CV.;bd300803255de7021b51593a83a286fc
1435;16;162;2;24/08/2026;1;2;3;3;3;2,5;2,7;Baja;Punto fuerte: experiencia. No acredita a buen nivel ninguna de las habilidades pedidas. Punto débil: encaje con el rol.;Acreditar Euskera: la vacante lo pide y no figura en el CV.;9530d96f3cc7bbb0bbb2b41a3b822435
1436;77;39;2;24/08/2026;1;1;1;5;1;2,3;2,2;Baja;Punto fuerte: retribución. No acredita a buen nivel ninguna de las habilidades pedidas. Punto débil: encaje con el rol.;Acreditar Redes: la vacante lo pide y no figura en el CV.;6b2ecdff913c1a67b7a1efcffbace6d8
1437;127;27;2;24/08/2026;5;4;1;4;4;4,6;4,0;Alta;Punto fuerte: encaje con el rol. Cubre Gestión de proyectos, AutoCAD. Punto débil: experiencia.;Subir Prevención de riesgos de nivel 2 a 3.;c84a1f2aca07835f87348ad25d5788ce
1438;117;230;2;24/08/2026;5;2;1;1;2;2,7;2,6;Baja;Punto fuerte: encaje con el rol. Cubre Trabajo en equipo. Punto débil: experiencia.;Acreditar SAP: la vacante lo pide y no figura en el CV.;35b6487636b234fe1f4efe057b30b1e2
1439;123;205;2;24/08/2026;1;1;3;3;2;2,5;2,8;Baja;Punto fuerte: experiencia. No acredita a buen nivel ninguna de las habilidades pedidas. Punto débil: encaje con el rol.;Acreditar SQL: la vacante lo pide y no figura en el CV.;6155f3343edca93166aeafc6c86a1068
1440;16;228;2;24/08/2026;2;2;4;1;3;3,1;3,4;Media;Punto fuerte: experiencia. No acredita a buen nivel ninguna de las habilidades pedidas. Punto débil: retribución.;Acreditar Microsoft Office: la vacante lo pide y no figura en el CV.;9530d96f3cc7bbb0bbb2b41a3b822435
1441;12;161;2;24/08/2026;5;3;2;4;3;4,2;4,6;Alta;Punto fuerte: encaje con el rol. Cubre Empatía, Creatividad. Punto débil: experiencia.;Subir Euskera de nivel 2 a 3.;71000804a77686a1db7205c014abe342
1442;82;122;2;24/08/2026;5;2;1;5;3;3,7;3,6;Media;Punto fuerte: encaje con el rol. Cubre Resolución de problemas. Punto débil: experiencia.;Acreditar Prevención de riesgos: la vacante lo pide y no figura en el CV.;3ec0b79b25325c03b9a45736b8998523
1443;137;76;2;24/08/2026;2;1;5;2;2;2,5;3,0;Baja;Punto fuerte: experiencia. No acredita a buen nivel ninguna de las habilidades pedidas. Punto débil: habilidades pedidas: le falta AutoCAD, Atención al detalle.;Acreditar AutoCAD: la vacante lo pide y no figura en el CV.;5b76544032609f36e5ba5e6a0363dd74
1444;106;31;2;24/08/2026;4;3;2;3;4;3,4;3,2;Media;Punto fuerte: encaje con el rol. Cubre Inglés, Atención al cliente, Euskera. Punto débil: experiencia.;Acreditar Trabajo bajo presión: la vacante lo pide y no figura en el CV.;1d34b2b4a5c33959f0ee775925dcb0e2
1445;134;121;2;24/08/2026;1;2;3;2;2;2,5;2,6;Baja;Punto fuerte: experiencia. No acredita a buen nivel ninguna de las habilidades pedidas. Punto débil: encaje con el rol.;Acreditar Microsoft Office: la vacante lo pide y no figura en el CV.;c29ac152f61bae4151b5cd27508b247c
1446;42;111;2;24/08/2026;1;2;2;3;3;2,7;2,8;Baja;Punto fuerte: retribución. No acredita a buen nivel ninguna de las habilidades pedidas. Punto débil: encaje con el rol.;Acreditar AutoCAD: la vacante lo pide y no figura en el CV.;7a6776a88d11967e775be432e4a0aef0
1447;124;97;2;24/08/2026;5;2;4;3;4;3,7;3,5;Media;Punto fuerte: encaje con el rol. No acredita a buen nivel ninguna de las habilidades pedidas. Punto débil: habilidades pedidas: le falta SAP, Pensamiento crítico.;Acreditar SAP: la vacante lo pide y no figura en el CV.;88f59b2261aa4bf4c7aee145ba6dfe21
1448;23;38;2;24/08/2026;2;2;4;3;3;3,3;3,3;Media;Punto fuerte: experiencia. Cubre Empatía. Punto débil: encaje con el rol.;Acreditar Microsoft Office: la vacante lo pide y no figura en el CV.;c69114ac25b163c11e24ee2b45095c2e
1449;134;134;2;24/08/2026;2;1;4;3;1;2,3;2,7;Baja;Punto fuerte: experiencia. No acredita a buen nivel ninguna de las habilidades pedidas. Punto débil: habilidades pedidas: le falta Creatividad, Google Analytics.;Acreditar Creatividad: la vacante lo pide y no figura en el CV.;c29ac152f61bae4151b5cd27508b247c
1450;127;10;2;24/08/2026;2;2;1;4;1;2,7;2,4;Baja;Punto fuerte: retribución. No acredita a buen nivel ninguna de las habilidades pedidas. Punto débil: experiencia.;Acreditar Resolución de problemas: la vacante lo pide y no figura en el CV.;c84a1f2aca07835f87348ad25d5788ce
1451;6;60;2;24/08/2026;2;2;4;3;3;3,1;2,8;Media;Punto fuerte: experiencia. Cubre Euskera. Punto débil: encaje con el rol.;Acreditar Prevención de riesgos: la vacante lo pide y no figura en el CV.;20957a05960764518bb49811dc16a350
1452;119;106;2;24/08/2026;5;2;3;2;3;3,8;3,6;Media;Punto fuerte: encaje con el rol. Cubre Autonomía. Punto débil: habilidades pedidas: le falta Soldadura, Prevención de riesgos.;Acreditar Soldadura: la vacante lo pide y no figura en el CV.;bf4d833bd31cd6a9f8c9ebb76104ddf7
1453;129;93;2;24/08/2026;5;3;5;2;4;4,2;4,0;Alta;Punto fuerte: encaje con el rol. Cubre Inglés, Euskera. Punto débil: retribución.;Acreditar Atención al cliente: la vacante lo pide y no figura en el CV.;bcf494e44790574dbf2ddacaa64605b9
1454;140;16;2;24/08/2026;5;2;5;5;3;3,9;3,7;Media;Punto fuerte: encaje con el rol. Cubre SQL. Punto débil: habilidades pedidas: le falta Docker, Git.;Acreditar Docker: la vacante lo pide y no figura en el CV.;15e568d91eb2fc6aae516c36f36f1a4d
1455;71;31;2;24/08/2026;2;3;1;3;3;3,4;3,3;Media;Punto fuerte: habilidades pedidas (Inglés, Euskera). Cubre Inglés, Euskera. Punto débil: experiencia.;Acreditar Atención al cliente: la vacante lo pide y no figura en el CV.;6384f499504c9afb3e5b3fa9933e517e
1456;57;167;2;24/08/2026;2;1;4;3;3;2,4;2,2;Baja;Punto fuerte: experiencia. No acredita a buen nivel ninguna de las habilidades pedidas. Punto débil: habilidades pedidas: le falta Organización, Trabajo bajo presión.;Acreditar Organización: la vacante lo pide y no figura en el CV.;32e0331dbc878ffbd95b2b90ac4d72f2
1457;89;205;4;24/08/2026;5;1;1;5;1;2,9;2,9;Baja;Revisión manual. Punto fuerte: encaje con el rol.;Acreditar SQL: la vacante lo pide y no figura en el CV.;e55d60a89641a3f36c331a954f73d14f
1458;120;210;2;25/08/2026;2;1;5;3;2;2,4;2,3;Baja;Punto fuerte: experiencia. No acredita a buen nivel ninguna de las habilidades pedidas. Punto débil: habilidades pedidas: le falta Atención al detalle, AutoCAD.;Acreditar Atención al detalle: la vacante lo pide y no figura en el CV.;316f87cb8ffa1f8e3787c1907ef0d540
1459;12;38;2;25/08/2026;5;2;1;4;2;3,6;3,5;Media;Punto fuerte: encaje con el rol. Cubre Empatía. Punto débil: experiencia.;Acreditar Microsoft Office: la vacante lo pide y no figura en el CV.;71000804a77686a1db7205c014abe342
1460;143;114;2;25/08/2026;5;1;5;2;3;3,8;3,4;Media;Punto fuerte: encaje con el rol. No acredita a buen nivel ninguna de las habilidades pedidas. Punto débil: habilidades pedidas: le falta Salesforce, Orientación a resultados.;Acreditar Salesforce: la vacante lo pide y no figura en el CV.;37b731f4bbfdbd1bed4aea1a68770abb
1461;10;72;2;25/08/2026;2;2;5;2;2;3,0;3,6;Media;Punto fuerte: experiencia. No acredita a buen nivel ninguna de las habilidades pedidas. Punto débil: encaje con el rol.;Acreditar Atención al cliente: la vacante lo pide y no figura en el CV.;5dc3326fef2f12734c32694a65dda3fb
1462;99;84;2;25/08/2026;2;2;4;1;2;2,9;2,7;Baja;Punto fuerte: experiencia. Cubre Inglés, Euskera. Punto débil: retribución.;Acreditar Pensamiento crítico: la vacante lo pide y no figura en el CV.;46dcc44cf0c4cc192a18786d8bbcbefc
1463;142;154;2;25/08/2026;2;2;2;4;2;2,5;2,4;Baja;Punto fuerte: retribución. Cubre Organización, Atención al cliente. Punto débil: encaje con el rol.;Acreditar Microsoft Office: la vacante lo pide y no figura en el CV.;e1fbe01088205acf3b93e7e64d89d141
1464;146;169;2;25/08/2026;1;1;4;1;1;1,8;1,3;Baja;Punto fuerte: experiencia. No acredita a buen nivel ninguna de las habilidades pedidas. Punto débil: encaje con el rol.;Acreditar Autonomía: la vacante lo pide y no figura en el CV.;56850ee8ec9112d68fbd4ae58ed506d0
1465;119;162;2;25/08/2026;5;3;2;3;3;4,4;4,0;Alta;Punto fuerte: encaje con el rol. Cubre Euskera, Trabajo bajo presión, Inglés. Punto débil: experiencia.;Acreditar Atención al cliente: la vacante lo pide y no figura en el CV.;bf4d833bd31cd6a9f8c9ebb76104ddf7
1466;82;161;2;25/08/2026;2;1;3;5;1;2,6;3,0;Baja;Punto fuerte: retribución. Cubre Empatía. Punto débil: habilidades pedidas: le falta Euskera, Creatividad.;Acreditar Euskera: la vacante lo pide y no figura en el CV.;3ec0b79b25325c03b9a45736b8998523
1467;31;154;2;25/08/2026;5;2;4;3;3;3,5;3,5;Media;Punto fuerte: encaje con el rol. Cubre Organización, Atención al cliente. Punto débil: habilidades pedidas: le falta Microsoft Office, Odoo.;Acreditar Microsoft Office: la vacante lo pide y no figura en el CV.;f5bdd3f0eb3dad01d633b74b369c9125
1468;72;131;2;25/08/2026;3;1;5;1;2;2,9;3,1;Baja;Punto fuerte: experiencia. No acredita a buen nivel ninguna de las habilidades pedidas. Punto débil: habilidades pedidas: le falta JavaScript, Java.;Acreditar JavaScript: la vacante lo pide y no figura en el CV.;00c6ea09b3c021f3b117297451d698eb
1469;111;127;2;25/08/2026;2;1;5;5;2;2,8;2,7;Baja;Punto fuerte: experiencia. No acredita a buen nivel ninguna de las habilidades pedidas. Punto débil: habilidades pedidas: le falta QuickBooks, Organización.;Acreditar QuickBooks: la vacante lo pide y no figura en el CV.;c45621a527924aa068064fc20c28d2b9
1470;127;52;2;25/08/2026;2;3;2;2;3;2,9;3,3;Baja;Punto fuerte: habilidades pedidas. No acredita a buen nivel ninguna de las habilidades pedidas. Punto débil: encaje con el rol.;Acreditar Francés: la vacante lo pide y no figura en el CV.;c84a1f2aca07835f87348ad25d5788ce
1471;121;222;2;25/08/2026;2;2;1;3;2;2,7;2,2;Baja;Punto fuerte: retribución. Cubre Euskera. Punto débil: experiencia.;Acreditar Prevención de riesgos: la vacante lo pide y no figura en el CV.;cb39e08210413c9765882bcc9841220f
1472;117;215;2;25/08/2026;5;1;1;1;2;2,8;2,8;Baja;Punto fuerte: encaje con el rol. No acredita a buen nivel ninguna de las habilidades pedidas. Punto débil: habilidades pedidas: le falta Organización, Atención al cliente.;Acreditar Organización: la vacante lo pide y no figura en el CV.;35b6487636b234fe1f4efe057b30b1e2
1473;111;45;2;25/08/2026;2;2;5;5;2;3,1;2,6;Media;Punto fuerte: experiencia. Cubre Euskera. Punto débil: encaje con el rol.;Acreditar Atención al detalle: la vacante lo pide y no figura en el CV.;c45621a527924aa068064fc20c28d2b9
1474;112;114;2;25/08/2026;5;2;3;3;2;3,4;3,3;Media;Punto fuerte: encaje con el rol. Cubre Salesforce, Euskera. Punto débil: habilidades pedidas: le falta Orientación a resultados, Negociación.;Acreditar Orientación a resultados: la vacante lo pide y no figura en el CV.;386e85cee8443f469279f9dcd8990713
1475;139;169;2;25/08/2026;2;1;4;3;2;3,2;3,4;Media;Punto fuerte: experiencia. No acredita a buen nivel ninguna de las habilidades pedidas. Punto débil: habilidades pedidas: le falta Autonomía, Soldadura.;Acreditar Autonomía: la vacante lo pide y no figura en el CV.;b9761c2b467377880cd97108334940d7
1476;139;53;2;25/08/2026;2;1;3;3;2;2,4;2,1;Baja;Punto fuerte: experiencia. No acredita a buen nivel ninguna de las habilidades pedidas. Punto débil: habilidades pedidas: le falta Atención al cliente, Odoo.;Acreditar Atención al cliente: la vacante lo pide y no figura en el CV.;b9761c2b467377880cd97108334940d7
1477;100;122;2;25/08/2026;2;1;2;3;1;2,6;2,8;Baja;Punto fuerte: retribución. No acredita a buen nivel ninguna de las habilidades pedidas. Punto débil: habilidades pedidas: le falta Prevención de riesgos, Autonomía.;Acreditar Prevención de riesgos: la vacante lo pide y no figura en el CV.;a55050736976ba738c4e5e8a86c34ed9
1478;116;212;2;25/08/2026;3;1;1;3;1;2,2;2,2;Baja;Punto fuerte: encaje con el rol. No acredita a buen nivel ninguna de las habilidades pedidas. Punto débil: habilidades pedidas: le falta Prevención de riesgos, Gestión de proyectos.;Acreditar Prevención de riesgos: la vacante lo pide y no figura en el CV.;1d8ddb07bbd95a6cd14f8e409279f715
1479;134;6;2;25/08/2026;3;2;2;5;3;3,0;3,3;Media;Punto fuerte: retribución. Cubre Empatía. Punto débil: habilidades pedidas: le falta Creatividad, Photoshop.;Acreditar Creatividad: la vacante lo pide y no figura en el CV.;c29ac152f61bae4151b5cd27508b247c
1480;52;72;2;25/08/2026;3;2;3;2;2;2,5;2,2;Baja;Punto fuerte: encaje con el rol. Cubre Inglés. Punto débil: habilidades pedidas: le falta Atención al cliente, Microsoft Office.;Acreditar Atención al cliente: la vacante lo pide y no figura en el CV.;9c968e3db36d38047984c27ed0614858
1481;129;52;2;25/08/2026;4;1;5;3;2;3,1;2,8;Media;Punto fuerte: experiencia. No acredita a buen nivel ninguna de las habilidades pedidas. Punto débil: habilidades pedidas: le falta Atención al cliente, Francés.;Acreditar Atención al cliente: la vacante lo pide y no figura en el CV.;bcf494e44790574dbf2ddacaa64605b9
1482;127;223;2;25/08/2026;3;2;1;4;3;3,5;3,7;Media;Punto fuerte: retribución. No acredita a buen nivel ninguna de las habilidades pedidas. Punto débil: experiencia.;Acreditar Empatía: la vacante lo pide y no figura en el CV.;c84a1f2aca07835f87348ad25d5788ce
1483;22;31;2;25/08/2026;3;1;4;3;2;2,8;3,4;Baja;Punto fuerte: experiencia. No acredita a buen nivel ninguna de las habilidades pedidas. Punto débil: habilidades pedidas: le falta Atención al cliente, Trabajo bajo presión.;Acreditar Atención al cliente: la vacante lo pide y no figura en el CV.;b014218a24551d0c092d944009a50535
1484;31;154;4;25/08/2026;5;2;4;3;3;3,9;3,9;Media;Revisión manual. Punto fuerte: encaje con el rol.;Acreditar Microsoft Office: la vacante lo pide y no figura en el CV.;f5bdd3f0eb3dad01d633b74b369c9125
1485;86;13;2;26/08/2026;5;4;2;5;4;5,0;5,0;Alta;Punto fuerte: encaje con el rol. Cubre Creatividad, Empatía. Punto débil: experiencia.;Acreditar Comunicación: la vacante lo pide y no figura en el CV.;82e41edab78b099f53a87437726ed822
1486;144;52;2;26/08/2026;1;1;5;3;2;2,4;2,2;Baja;Punto fuerte: experiencia. No acredita a buen nivel ninguna de las habilidades pedidas. Punto débil: encaje con el rol.;Acreditar Atención al cliente: la vacante lo pide y no figura en el CV.;f5d22e51dd72764d4fbdf8c9428f4295
1487;130;72;2;26/08/2026;2;2;3;3;2;2,5;2,4;Baja;Punto fuerte: experiencia. No acredita a buen nivel ninguna de las habilidades pedidas. Punto débil: encaje con el rol.;Acreditar Atención al cliente: la vacante lo pide y no figura en el CV.;f418584dce751abda6c0d2aa093088b4
1488;60;111;2;26/08/2026;3;2;2;5;3;3,7;4,1;Media;Punto fuerte: retribución. Cubre Euskera. Punto débil: habilidades pedidas: le falta AutoCAD, Atención al detalle.;Acreditar AutoCAD: la vacante lo pide y no figura en el CV.;7fb8cfa04fabdd00e9a549148bd60e44
1489;21;154;2;26/08/2026;4;2;2;1;3;3,6;3,5;Media;Punto fuerte: encaje con el rol. Cubre Organización. Punto débil: retribución.;Acreditar Microsoft Office: la vacante lo pide y no figura en el CV.;e474a22c958190bad25d49ed5c04aaf3
1490;130;149;2;26/08/2026;2;1;3;3;1;2,4;2,3;Baja;Punto fuerte: experiencia. No acredita a buen nivel ninguna de las habilidades pedidas. Punto débil: habilidades pedidas: le falta Creatividad, Figma.;Acreditar Creatividad: la vacante lo pide y no figura en el CV.;f418584dce751abda6c0d2aa093088b4
1491;131;148;2;26/08/2026;2;1;1;4;2;2,3;2,2;Baja;Punto fuerte: retribución. No acredita a buen nivel ninguna de las habilidades pedidas. Punto débil: habilidades pedidas: le falta Logística, Trabajo en equipo.;Acreditar Logística: la vacante lo pide y no figura en el CV.;45588a90c274767764b39d2e889d2b68
1492;151;138;2;26/08/2026;2;2;2;2;2;2,6;2,4;Baja;Sin puntos fuertes claros para este puesto. No acredita a buen nivel ninguna de las habilidades pedidas. Punto débil: encaje con el rol.;Acreditar Orientación a resultados: la vacante lo pide y no figura en el CV.;860fef57e449c16290ec480422622568
1493;124;15;2;26/08/2026;5;3;5;4;4;5,0;4,5;Alta;Punto fuerte: encaje con el rol. Cubre Microsoft Office, Inglés. Punto débil: habilidades pedidas: le falta Francés, Atención al cliente.;Acreditar Francés: la vacante lo pide y no figura en el CV.;88f59b2261aa4bf4c7aee145ba6dfe21
1494;60;84;2;26/08/2026;2;3;3;3;3;3,3;3,3;Media;Punto fuerte: habilidades pedidas (Comunicación, Negociación). Cubre Comunicación, Negociación, Inglés. Punto débil: encaje con el rol.;Acreditar Pensamiento crítico: la vacante lo pide y no figura en el CV.;7fb8cfa04fabdd00e9a549148bd60e44
1495;129;88;2;26/08/2026;5;1;5;4;4;4,1;4,5;Alta;Punto fuerte: encaje con el rol. No acredita a buen nivel ninguna de las habilidades pedidas. Punto débil: habilidades pedidas: le falta Diseño gráfico, AutoCAD.;Acreditar Diseño gráfico: la vacante lo pide y no figura en el CV.;bcf494e44790574dbf2ddacaa64605b9
1496;139;111;2;26/08/2026;2;4;1;3;2;3,4;3,3;Media;Punto fuerte: habilidades pedidas (AutoCAD, Atención al detalle). Cubre AutoCAD, Atención al detalle, Euskera. Punto débil: experiencia.;Acreditar Diseño gráfico: la vacante lo pide y no figura en el CV.;b9761c2b467377880cd97108334940d7
1497;122;235;2;26/08/2026;2;1;1;3;2;2,3;2,4;Baja;Punto fuerte: retribución. No acredita a buen nivel ninguna de las habilidades pedidas. Punto débil: habilidades pedidas: le falta Vocación de servicio, Trabajo en equipo.;Acreditar Vocación de servicio: la vacante lo pide y no figura en el CV.;0f47f08a3ff2736019f0343b79efd27a
1498;139;186;2;26/08/2026;5;2;2;3;3;3,6;3,4;Media;Punto fuerte: encaje con el rol. Cubre Análisis estadístico. Punto débil: habilidades pedidas: le falta Excel avanzado, Power BI.;Acreditar Excel avanzado: la vacante lo pide y no figura en el CV.;b9761c2b467377880cd97108334940d7
1499;41;212;2;26/08/2026;5;3;1;5;3;4,4;4,5;Alta;Punto fuerte: encaje con el rol. Cubre AutoCAD, Negociación. Punto débil: experiencia.;Acreditar Prevención de riesgos: la vacante lo pide y no figura en el CV.;cf600c52e19afdd30ba63b45cec43695
1500;18;186;2;26/08/2026;1;1;3;3;2;3,0;3,2;Media;Punto fuerte: experiencia. No acredita a buen nivel ninguna de las habilidades pedidas. Punto débil: encaje con el rol.;Acreditar Excel avanzado: la vacante lo pide y no figura en el CV.;f75337c1535cca7acdd8d464a5086ad5
1501;141;169;2;26/08/2026;3;2;4;3;2;3,8;3,8;Media;Punto fuerte: experiencia. Cubre Autonomía. Punto débil: habilidades pedidas: le falta Soldadura, Prevención de riesgos.;Acreditar Soldadura: la vacante lo pide y no figura en el CV.;21048a31d97fe07cff16c453033b21c6
1502;146;52;2;26/08/2026;1;2;2;2;2;2,5;2,7;Baja;Sin puntos fuertes claros para este puesto. Cubre Microsoft Office. Punto débil: encaje con el rol.;Acreditar Atención al cliente: la vacante lo pide y no figura en el CV.;56850ee8ec9112d68fbd4ae58ed506d0
1503;103;38;2;26/08/2026;2;2;3;3;2;3,1;3,1;Media;Punto fuerte: experiencia. Cubre Comunicación. Punto débil: encaje con el rol.;Acreditar Microsoft Office: la vacante lo pide y no figura en el CV.;37af7efae85839558568edaf5c1584f8
1504;145;4;2;26/08/2026;5;2;2;5;3;3,7;3,4;Media;Punto fuerte: encaje con el rol. No acredita a buen nivel ninguna de las habilidades pedidas. Punto débil: habilidades pedidas: le falta Contabilidad, Pensamiento crítico.;Acreditar Contabilidad: la vacante lo pide y no figura en el CV.;c2eb8fcb9857632e30768c6103d4b9be
1505;112;64;2;26/08/2026;5;2;3;2;4;4,2;4,0;Alta;Punto fuerte: encaje con el rol. Cubre Euskera. Punto débil: habilidades pedidas: le falta Atención al cliente, Organización.;Acreditar Atención al cliente: la vacante lo pide y no figura en el CV.;386e85cee8443f469279f9dcd8990713
1506;143;218;2;26/08/2026;3;1;5;3;2;2,7;2,5;Baja;Punto fuerte: experiencia. No acredita a buen nivel ninguna de las habilidades pedidas. Punto débil: habilidades pedidas: le falta Trabajo en equipo, Trabajo bajo presión.;Acreditar Trabajo en equipo: la vacante lo pide y no figura en el CV.;37b731f4bbfdbd1bed4aea1a68770abb
1507;5;221;2;26/08/2026;2;1;5;1;2;2,4;2,7;Baja;Punto fuerte: experiencia. No acredita a buen nivel ninguna de las habilidades pedidas. Punto débil: habilidades pedidas: le falta Gestión de proyectos, AutoCAD.;Acreditar Gestión de proyectos: la vacante lo pide y no figura en el CV.;f894e1db4345616d702c24ded0c3174b
1508;111;90;2;26/08/2026;2;1;4;5;1;2,6;2,8;Baja;Punto fuerte: retribución. Cubre Euskera. Punto débil: habilidades pedidas: le falta JavaScript, SQL.;Acreditar JavaScript: la vacante lo pide y no figura en el CV.;c45621a527924aa068064fc20c28d2b9
1509;49;228;2;26/08/2026;2;1;5;1;3;2,6;2,6;Baja;Punto fuerte: experiencia. No acredita a buen nivel ninguna de las habilidades pedidas. Punto débil: habilidades pedidas: le falta Microsoft Office, Comunicación.;Acreditar Microsoft Office: la vacante lo pide y no figura en el CV.;0ffba22ba3e4f470126a6a7993f8732a
1510;128;27;2;26/08/2026;1;2;2;4;2;2,4;2,4;Baja;Punto fuerte: retribución. No acredita a buen nivel ninguna de las habilidades pedidas. Punto débil: encaje con el rol.;Acreditar Gestión de proyectos: la vacante lo pide y no figura en el CV.;dc4a815cd975a1b7a4abe5c4611d9745
1511;128;35;2;26/08/2026;4;3;4;1;4;4,1;3,8;Alta;Punto fuerte: encaje con el rol. Cubre Organización, Atención al cliente, Euskera. Punto débil: retribución.;Acreditar Odoo: la vacante lo pide y no figura en el CV.;dc4a815cd975a1b7a4abe5c4611d9745
1512;86;112;2;26/08/2026;2;2;2;4;2;3,4;3,5;Media;Punto fuerte: retribución. Cubre Empatía. Punto débil: encaje con el rol.;Acreditar Trabajo bajo presión: la vacante lo pide y no figura en el CV.;82e41edab78b099f53a87437726ed822
1513;39;228;2;26/08/2026;2;2;3;1;2;2,8;2,4;Baja;Punto fuerte: experiencia. No acredita a buen nivel ninguna de las habilidades pedidas. Punto débil: retribución.;Acreditar Microsoft Office: la vacante lo pide y no figura en el CV.;d866939a94fc049e27104c52373baea1
1514;119;32;2;26/08/2026;5;4;2;4;4;4,6;4,6;Alta;Punto fuerte: encaje con el rol. Cubre Trabajo bajo presión, Inglés, Euskera. Punto débil: experiencia.;Acreditar Atención al cliente: la vacante lo pide y no figura en el CV.;bf4d833bd31cd6a9f8c9ebb76104ddf7
1515;137;201;2;26/08/2026;3;1;4;3;2;2,9;3,2;Baja;Punto fuerte: experiencia. No acredita a buen nivel ninguna de las habilidades pedidas. Punto débil: habilidades pedidas: le falta Atención al cliente, Salesforce.;Acreditar Atención al cliente: la vacante lo pide y no figura en el CV.;5b76544032609f36e5ba5e6a0363dd74
1516;142;138;2;26/08/2026;1;2;1;4;2;2,5;2,8;Baja;Punto fuerte: retribución. Cubre Atención al cliente. Punto débil: encaje con el rol.;Acreditar Orientación a resultados: la vacante lo pide y no figura en el CV.;e1fbe01088205acf3b93e7e64d89d141
1517;133;132;2;26/08/2026;2;1;2;3;1;1,9;1,9;Baja;Punto fuerte: retribución. No acredita a buen nivel ninguna de las habilidades pedidas. Punto débil: habilidades pedidas: le falta Atención al cliente, Microsoft Office.;Acreditar Atención al cliente: la vacante lo pide y no figura en el CV.;92132dfcde48ccc936db147438277a1d
1518;59;205;2;26/08/2026;2;1;1;3;1;2,0;2,2;Baja;Punto fuerte: retribución. No acredita a buen nivel ninguna de las habilidades pedidas. Punto débil: habilidades pedidas: le falta SQL, Python.;Acreditar SQL: la vacante lo pide y no figura en el CV.;76c5a1f362a8c28dc86ec1e008398a92
1519;141;154;2;26/08/2026;4;2;5;4;4;4,1;3,7;Alta;Punto fuerte: experiencia. No acredita a buen nivel ninguna de las habilidades pedidas. Punto débil: habilidades pedidas: le falta Microsoft Office, Organización.;Acreditar Microsoft Office: la vacante lo pide y no figura en el CV.;21048a31d97fe07cff16c453033b21c6
1520;60;161;2;26/08/2026;5;4;3;5;5;5,0;5,0;Alta;Punto fuerte: encaje con el rol. Cubre Euskera, Empatía, Creatividad. Punto débil: experiencia.;Pocas mejoras posibles: preparar la entrevista.;7fb8cfa04fabdd00e9a549148bd60e44
1521;119;156;3;26/08/2026;3;1;1;2;1;1,6;1,6;Baja;Revisión manual. Punto fuerte: retribución.;Acreditar Negociación: la vacante lo pide y no figura en el CV.;bf4d833bd31cd6a9f8c9ebb76104ddf7
1522;100;122;3;26/08/2026;3;2;2;4;1;2,3;2,3;Baja;Revisión manual. Punto fuerte: retribución.;Acreditar Prevención de riesgos: la vacante lo pide y no figura en el CV.;a55050736976ba738c4e5e8a86c34ed9
1523;131;35;4;26/08/2026;1;2;3;2;2;3,0;3,0;Media;Revisión manual. Punto fuerte: experiencia.;Acreditar Organización: la vacante lo pide y no figura en el CV.;45588a90c274767764b39d2e889d2b68
1524;138;30;2;27/08/2026;2;2;4;1;4;3,0;3,2;Media;Punto fuerte: experiencia. Cubre Euskera. Punto débil: retribución.;Acreditar Atención al cliente: la vacante lo pide y no figura en el CV.;bd300803255de7021b51593a83a286fc
1525;31;228;2;27/08/2026;2;1;5;3;2;3,1;3,2;Media;Punto fuerte: experiencia. No acredita a buen nivel ninguna de las habilidades pedidas. Punto débil: habilidades pedidas: le falta Microsoft Office, Comunicación.;Acreditar Microsoft Office: la vacante lo pide y no figura en el CV.;f5bdd3f0eb3dad01d633b74b369c9125
1526;139;14;2;27/08/2026;3;4;2;3;3;3,9;3,6;Media;Punto fuerte: habilidades pedidas (Inglés, Pensamiento crítico). Cubre Inglés, Pensamiento crítico, Atención al detalle. Punto débil: experiencia.;Sumar experiencia práctica en el sector (prácticas o proyecto).;b9761c2b467377880cd97108334940d7
1527;105;99;2;27/08/2026;2;2;2;5;2;3,1;3,5;Media;Punto fuerte: retribución. Cubre Negociación. Punto débil: encaje con el rol.;Acreditar Atención al cliente: la vacante lo pide y no figura en el CV.;b6452daf8fd3171fbc538805a9f31fb3
1528;152;142;2;27/08/2026;2;2;4;4;3;3,1;3,1;Media;Punto fuerte: experiencia. Cubre Excel avanzado. Punto débil: encaje con el rol.;Acreditar Pensamiento crítico: la vacante lo pide y no figura en el CV.;8873fba43883f8395187bc4151dee2b7
1529;117;94;2;27/08/2026;1;2;1;5;1;2,3;2,5;Baja;Punto fuerte: retribución. No acredita a buen nivel ninguna de las habilidades pedidas. Punto débil: encaje con el rol.;Acreditar SQL: la vacante lo pide y no figura en el CV.;35b6487636b234fe1f4efe057b30b1e2
1530;98;162;2;27/08/2026;4;2;3;3;2;3,1;2,7;Media;Punto fuerte: encaje con el rol. Cubre Trabajo bajo presión, Inglés. Punto débil: habilidades pedidas: le falta Euskera, Atención al cliente.;Acreditar Euskera: la vacante lo pide y no figura en el CV.;c5c761f89bb823c2eba5d9fb3bd0a14d
1531;140;111;2;27/08/2026;1;1;4;3;2;2,7;3,1;Baja;Punto fuerte: experiencia. Cubre Euskera. Punto débil: encaje con el rol.;Acreditar AutoCAD: la vacante lo pide y no figura en el CV.;15e568d91eb2fc6aae516c36f36f1a4d
1532;135;45;2;27/08/2026;5;3;1;1;3;3,8;3,5;Media;Punto fuerte: encaje con el rol. Cubre Atención al detalle, Euskera. Punto débil: experiencia.;Acreditar AutoCAD: la vacante lo pide y no figura en el CV.;b9bc17dfc73171df3d3d1b8ba6e3f3d7
1533;63;131;2;27/08/2026;4;2;5;1;4;4,0;3,9;Alta;Punto fuerte: experiencia. Cubre Java. Punto débil: retribución.;Acreditar JavaScript: la vacante lo pide y no figura en el CV.;a76d2d2fdfe4ab06c79ecacf09618e66
1534;125;192;2;27/08/2026;5;3;3;3;4;4,3;4,1;Alta;Punto fuerte: encaje con el rol. Cubre Odoo, Atención al cliente. Punto débil: habilidades pedidas: le falta Organización.;Acreditar Organización: la vacante lo pide y no figura en el CV.;53a01c275e45eeaf2f82fc44b80aed50
1535;130;234;2;27/08/2026;2;1;2;3;1;2,2;2,5;Baja;Punto fuerte: retribución. No acredita a buen nivel ninguna de las habilidades pedidas. Punto débil: habilidades pedidas: le falta Mecanizado CNC, Autonomía.;Acreditar Mecanizado CNC: la vacante lo pide y no figura en el CV.;f418584dce751abda6c0d2aa093088b4
1536;40;16;2;27/08/2026;2;1;1;5;2;2,4;2,7;Baja;Punto fuerte: retribución. No acredita a buen nivel ninguna de las habilidades pedidas. Punto débil: habilidades pedidas: le falta Docker, SQL.;Acreditar Docker: la vacante lo pide y no figura en el CV.;9787e8ce8f1ff73732a864352c285885
1537;121;94;2;27/08/2026;3;3;1;5;2;3,6;4,0;Media;Punto fuerte: retribución. Cubre SQL, Python, Euskera. Punto débil: experiencia.;Acreditar Git: la vacante lo pide y no figura en el CV.;cb39e08210413c9765882bcc9841220f
1538;123;138;2;27/08/2026;3;3;3;2;3;3,5;3,8;Media;Punto fuerte: encaje con el rol. Cubre Atención al cliente, Salesforce. Punto débil: retribución.;Acreditar Negociación: la vacante lo pide y no figura en el CV.;6155f3343edca93166aeafc6c86a1068
1539;69;31;2;27/08/2026;2;3;3;3;3;3,3;3,8;Media;Punto fuerte: habilidades pedidas (Inglés, Euskera). Cubre Inglés, Euskera. Punto débil: encaje con el rol.;Acreditar Atención al cliente: la vacante lo pide y no figura en el CV.;7acbc14f03275bc7b352029c8f0b9bc1
1540;141;10;2;27/08/2026;1;1;2;3;1;2,1;2,6;Baja;Punto fuerte: retribución. No acredita a buen nivel ninguna de las habilidades pedidas. Punto débil: encaje con el rol.;Acreditar Resolución de problemas: la vacante lo pide y no figura en el CV.;21048a31d97fe07cff16c453033b21c6
1541;118;53;2;27/08/2026;2;1;3;3;2;2,8;2,5;Baja;Punto fuerte: experiencia. No acredita a buen nivel ninguna de las habilidades pedidas. Punto débil: habilidades pedidas: le falta Atención al cliente, Odoo.;Acreditar Atención al cliente: la vacante lo pide y no figura en el CV.;7cd441c45246fdcf3b7ed7b74b726039
1542;63;194;2;27/08/2026;2;1;2;2;1;2,0;1,8;Baja;Sin puntos fuertes claros para este puesto. No acredita a buen nivel ninguna de las habilidades pedidas. Punto débil: habilidades pedidas: le falta Mecanizado CNC, Prevención de riesgos.;Acreditar Mecanizado CNC: la vacante lo pide y no figura en el CV.;a76d2d2fdfe4ab06c79ecacf09618e66
1543;114;205;2;27/08/2026;5;1;2;3;3;3,2;2,9;Media;Punto fuerte: encaje con el rol. No acredita a buen nivel ninguna de las habilidades pedidas. Punto débil: habilidades pedidas: le falta SQL, Python.;Acreditar SQL: la vacante lo pide y no figura en el CV.;ecbcbaa2cd87e3d89bdbf4bee1928766
1544;143;183;2;27/08/2026;5;1;3;2;2;3,4;3,7;Media;Punto fuerte: encaje con el rol. No acredita a buen nivel ninguna de las habilidades pedidas. Punto débil: habilidades pedidas: le falta Negociación, Orientación a resultados.;Acreditar Negociación: la vacante lo pide y no figura en el CV.;37b731f4bbfdbd1bed4aea1a68770abb
1545;122;146;2;27/08/2026;4;2;4;4;3;3,4;3,2;Media;Punto fuerte: encaje con el rol. Cubre Git. Punto débil: habilidades pedidas: le falta JavaScript, SQL.;Acreditar JavaScript: la vacante lo pide y no figura en el CV.;0f47f08a3ff2736019f0343b79efd27a
1546;147;201;2;27/08/2026;2;3;2;3;3;3,4;3,8;Media;Punto fuerte: habilidades pedidas (Orientación a resultados). Cubre Orientación a resultados. Punto débil: encaje con el rol.;Acreditar Atención al cliente: la vacante lo pide y no figura en el CV.;fdf97188824a0f4524b81923476f2e93
1547;10;31;2;27/08/2026;2;2;5;3;2;3,5;3,4;Media;Punto fuerte: experiencia. No acredita a buen nivel ninguna de las habilidades pedidas. Punto débil: encaje con el rol.;Acreditar Atención al cliente: la vacante lo pide y no figura en el CV.;5dc3326fef2f12734c32694a65dda3fb
1548;128;116;2;27/08/2026;3;3;4;1;3;3,4;3,0;Media;Punto fuerte: experiencia. Cubre Organización, Atención al cliente. Punto débil: retribución.;Acreditar Odoo: la vacante lo pide y no figura en el CV.;dc4a815cd975a1b7a4abe5c4611d9745
1549;141;198;2;27/08/2026;1;1;5;3;2;2,7;2,7;Baja;Punto fuerte: experiencia. No acredita a buen nivel ninguna de las habilidades pedidas. Punto débil: encaje con el rol.;Acreditar Ciberseguridad: la vacante lo pide y no figura en el CV.;21048a31d97fe07cff16c453033b21c6
1550;125;48;2;27/08/2026;4;4;2;2;3;3,9;4,1;Media;Punto fuerte: encaje con el rol. Cubre Microsoft Office, Odoo, Atención al cliente. Punto débil: experiencia.;Acreditar Organización: la vacante lo pide y no figura en el CV.;53a01c275e45eeaf2f82fc44b80aed50
1551;148;52;2;27/08/2026;2;2;5;4;3;3,3;3,5;Media;Punto fuerte: experiencia. No acredita a buen nivel ninguna de las habilidades pedidas. Punto débil: encaje con el rol.;Acreditar Atención al cliente: la vacante lo pide y no figura en el CV.;a1fb51b5acf6fea67481767b1124826c
1552;16;31;2;27/08/2026;1;1;3;3;1;2,0;2,3;Baja;Punto fuerte: experiencia. No acredita a buen nivel ninguna de las habilidades pedidas. Punto débil: encaje con el rol.;Acreditar Atención al cliente: la vacante lo pide y no figura en el CV.;9530d96f3cc7bbb0bbb2b41a3b822435
1553;60;212;2;27/08/2026;2;2;1;5;2;2,6;3,1;Baja;Punto fuerte: retribución. Cubre Negociación. Punto débil: experiencia.;Acreditar Prevención de riesgos: la vacante lo pide y no figura en el CV.;7fb8cfa04fabdd00e9a549148bd60e44
1554;54;60;2;27/08/2026;4;3;5;3;4;4,4;4,1;Alta;Punto fuerte: experiencia. Cubre Resolución de problemas, Euskera. Punto débil: habilidades pedidas: le falta Prevención de riesgos, Mecanizado CNC.;Acreditar Prevención de riesgos: la vacante lo pide y no figura en el CV.;859984ad4520ebcdd0cd73c27c6bb5b8
1555;121;31;2;27/08/2026;2;3;1;3;3;3,6;3,5;Media;Punto fuerte: habilidades pedidas (Inglés, Euskera). Cubre Inglés, Euskera. Punto débil: experiencia.;Acreditar Atención al cliente: la vacante lo pide y no figura en el CV.;cb39e08210413c9765882bcc9841220f
1556;33;111;2;27/08/2026;2;2;2;5;3;3,2;3,0;Media;Punto fuerte: retribución. Cubre Atención al detalle. Punto débil: encaje con el rol.;Acreditar AutoCAD: la vacante lo pide y no figura en el CV.;f56a53d6d06a56c7dbc5480afd08848d
1557;8;111;2;27/08/2026;2;1;1;1;1;1,8;1,6;Baja;Sin puntos fuertes claros para este puesto. Cubre Atención al detalle. Punto débil: habilidades pedidas: le falta AutoCAD, Diseño gráfico.;Acreditar AutoCAD: la vacante lo pide y no figura en el CV.;9091e8fb9fb54d7ae3978b0e9dfdfd4e
1558;21;13;2;27/08/2026;1;1;1;2;1;1,6;1,2;Baja;Sin puntos fuertes claros para este puesto. Cubre Empatía. Punto débil: encaje con el rol.;Acreditar Euskera: la vacante lo pide y no figura en el CV.;e474a22c958190bad25d49ed5c04aaf3
1559;33;111;4;27/08/2026;1;2;2;5;3;3,1;3,1;Media;Revisión manual. Punto fuerte: retribución.;Acreditar AutoCAD: la vacante lo pide y no figura en el CV.;f56a53d6d06a56c7dbc5480afd08848d
1560;137;76;3;27/08/2026;2;1;5;2;3;2,3;2,3;Baja;Revisión manual. Punto fuerte: experiencia.;Acreditar AutoCAD: la vacante lo pide y no figura en el CV.;5b76544032609f36e5ba5e6a0363dd74
1561;116;48;3;27/08/2026;5;1;3;1;2;3,5;3,5;Media;Revisión manual. Punto fuerte: encaje con el rol.;Acreditar Microsoft Office: la vacante lo pide y no figura en el CV.;1d8ddb07bbd95a6cd14f8e409279f715
1562;77;186;2;28/08/2026;2;1;2;3;2;2,7;2,5;Baja;Punto fuerte: retribución. No acredita a buen nivel ninguna de las habilidades pedidas. Punto débil: habilidades pedidas: le falta Excel avanzado, Análisis estadístico.;Acreditar Excel avanzado: la vacante lo pide y no figura en el CV.;6b2ecdff913c1a67b7a1efcffbace6d8
1563;113;181;2;28/08/2026;5;1;4;3;3;3,1;3,0;Media;Punto fuerte: encaje con el rol. No acredita a buen nivel ninguna de las habilidades pedidas. Punto débil: habilidades pedidas: le falta Prevención de riesgos, Autonomía.;Acreditar Prevención de riesgos: la vacante lo pide y no figura en el CV.;7eecc91afd3f91f116de12ffa2ece811
1564;97;114;2;28/08/2026;4;2;3;3;3;4,0;4,0;Alta;Punto fuerte: encaje con el rol. Cubre Euskera. Punto débil: habilidades pedidas: le falta Salesforce, Orientación a resultados.;Acreditar Salesforce: la vacante lo pide y no figura en el CV.;d508c96e4333f9d60045fde2eabe6d65
1565;27;72;2;28/08/2026;2;2;2;1;2;2,8;2,8;Baja;Sin puntos fuertes claros para este puesto. Cubre Atención al cliente, Inglés. Punto débil: retribución.;Acreditar Microsoft Office: la vacante lo pide y no figura en el CV.;a0489a87a3728bb0e3d150e106c9569a
1566;41;4;2;28/08/2026;2;1;1;5;1;2,4;2,0;Baja;Punto fuerte: retribución. No acredita a buen nivel ninguna de las habilidades pedidas. Punto débil: habilidades pedidas: le falta Contabilidad, Pensamiento crítico.;Acreditar Contabilidad: la vacante lo pide y no figura en el CV.;cf600c52e19afdd30ba63b45cec43695
1567;127;4;2;28/08/2026;2;2;2;5;1;2,8;2,9;Baja;Punto fuerte: retribución. No acredita a buen nivel ninguna de las habilidades pedidas. Punto débil: probabilidad de entrevista.;Acreditar Contabilidad: la vacante lo pide y no figura en el CV.;c84a1f2aca07835f87348ad25d5788ce
1568;134;203;2;28/08/2026;5;3;4;1;4;3,9;3,5;Media;Punto fuerte: encaje con el rol. Cubre Trabajo bajo presión. Punto débil: retribución.;Subir Atención al cliente de nivel 2 a 3.;c29ac152f61bae4151b5cd27508b247c
1569;1;78;2;28/08/2026;2;2;1;5;1;2,4;2,5;Baja;Punto fuerte: retribución. No acredita a buen nivel ninguna de las habilidades pedidas. Punto débil: experiencia.;Acreditar Mecanizado CNC: la vacante lo pide y no figura en el CV.;a1bec3d7b0af64b7b136dfd2d05d6fb7
1570;61;31;2;28/08/2026;3;2;3;3;2;3,4;3,0;Media;Punto fuerte: encaje con el rol. Cubre Euskera. Punto débil: habilidades pedidas: le falta Atención al cliente, Trabajo bajo presión.;Acreditar Atención al cliente: la vacante lo pide y no figura en el CV.;d7a2a9311dd06523dd3279716cd6f7c7
1571;102;72;2;28/08/2026;2;2;5;3;3;2,8;2,9;Baja;Punto fuerte: experiencia. No acredita a buen nivel ninguna de las habilidades pedidas. Punto débil: encaje con el rol.;Acreditar Atención al cliente: la vacante lo pide y no figura en el CV.;025b3b4f122944277d4e5de5758fb6c9
1572;151;83;2;28/08/2026;3;2;3;4;3;3,7;3,9;Media;Punto fuerte: retribución. Cubre Euskera. Punto débil: habilidades pedidas: le falta Pensamiento crítico, Atención al detalle.;Acreditar Pensamiento crítico: la vacante lo pide y no figura en el CV.;860fef57e449c16290ec480422622568
1573;149;183;2;28/08/2026;5;2;2;5;3;3,6;3,4;Media;Punto fuerte: encaje con el rol. Cubre Salesforce. Punto débil: habilidades pedidas: le falta Orientación a resultados, Atención al cliente.;Acreditar Orientación a resultados: la vacante lo pide y no figura en el CV.;82a159c54a0f3e395db4aefcd55d422c
1574;71;78;2;28/08/2026;2;1;1;5;2;2,7;3,2;Baja;Punto fuerte: retribución. No acredita a buen nivel ninguna de las habilidades pedidas. Punto débil: habilidades pedidas: le falta Mecanizado CNC, Resolución de problemas.;Acreditar Mecanizado CNC: la vacante lo pide y no figura en el CV.;6384f499504c9afb3e5b3fa9933e517e
1575;94;94;2;28/08/2026;2;2;4;3;3;3,3;3,3;Media;Punto fuerte: experiencia. Cubre Euskera. Punto débil: encaje con el rol.;Acreditar SQL: la vacante lo pide y no figura en el CV.;425d41c7203a2767e3c70d2be9eb4c5e
1576;22;112;2;28/08/2026;2;1;4;1;3;2,7;2,8;Baja;Punto fuerte: experiencia. Cubre Empatía. Punto débil: habilidades pedidas: le falta Trabajo bajo presión, Atención al cliente.;Acreditar Trabajo bajo presión: la vacante lo pide y no figura en el CV.;b014218a24551d0c092d944009a50535
1577;94;31;2;28/08/2026;3;2;4;3;3;3,4;3,5;Media;Punto fuerte: experiencia. Cubre Euskera. Punto débil: habilidades pedidas: le falta Inglés, Atención al cliente.;Acreditar Inglés: la vacante lo pide y no figura en el CV.;425d41c7203a2767e3c70d2be9eb4c5e
1578;149;77;2;28/08/2026;5;1;2;5;3;3,7;3,6;Media;Punto fuerte: encaje con el rol. No acredita a buen nivel ninguna de las habilidades pedidas. Punto débil: habilidades pedidas: le falta HubSpot, Google Analytics.;Acreditar HubSpot: la vacante lo pide y no figura en el CV.;82a159c54a0f3e395db4aefcd55d422c
1579;100;186;2;28/08/2026;1;2;4;3;2;2,9;3,4;Baja;Punto fuerte: experiencia. No acredita a buen nivel ninguna de las habilidades pedidas. Punto débil: encaje con el rol.;Acreditar Excel avanzado: la vacante lo pide y no figura en el CV.;a55050736976ba738c4e5e8a86c34ed9
1580;131;240;2;28/08/2026;1;2;1;5;2;2,7;2,8;Baja;Punto fuerte: retribución. No acredita a buen nivel ninguna de las habilidades pedidas. Punto débil: encaje con el rol.;Acreditar Salesforce: la vacante lo pide y no figura en el CV.;45588a90c274767764b39d2e889d2b68
1581;141;64;2;28/08/2026;3;2;3;3;3;3,0;2,7;Media;Punto fuerte: encaje con el rol. Cubre Euskera. Punto débil: habilidades pedidas: le falta Atención al cliente, Organización.;Acreditar Atención al cliente: la vacante lo pide y no figura en el CV.;21048a31d97fe07cff16c453033b21c6
1582;132;186;2;28/08/2026;2;1;4;3;3;2,9;3,1;Baja;Punto fuerte: experiencia. No acredita a buen nivel ninguna de las habilidades pedidas. Punto débil: habilidades pedidas: le falta Excel avanzado, Análisis estadístico.;Acreditar Excel avanzado: la vacante lo pide y no figura en el CV.;2ecb9edf8ba799d8e907738b02e00593
1583;119;210;2;28/08/2026;2;1;2;3;2;2,9;2,8;Baja;Punto fuerte: retribución. No acredita a buen nivel ninguna de las habilidades pedidas. Punto débil: habilidades pedidas: le falta Atención al detalle, AutoCAD.;Acreditar Atención al detalle: la vacante lo pide y no figura en el CV.;bf4d833bd31cd6a9f8c9ebb76104ddf7
1584;145;131;2;28/08/2026;3;1;3;1;2;2,5;2,5;Baja;Punto fuerte: encaje con el rol. No acredita a buen nivel ninguna de las habilidades pedidas. Punto débil: habilidades pedidas: le falta JavaScript, Java.;Acreditar JavaScript: la vacante lo pide y no figura en el CV.;c2eb8fcb9857632e30768c6103d4b9be
1585;42;216;2;28/08/2026;4;1;2;3;2;2,6;2,9;Baja;Punto fuerte: encaje con el rol. No acredita a buen nivel ninguna de las habilidades pedidas. Punto débil: habilidades pedidas: le falta Organización, Odoo.;Acreditar Organización: la vacante lo pide y no figura en el CV.;7a6776a88d11967e775be432e4a0aef0
1586;124;240;2;28/08/2026;2;1;5;2;2;2,9;2,8;Baja;Punto fuerte: experiencia. No acredita a buen nivel ninguna de las habilidades pedidas. Punto débil: habilidades pedidas: le falta Atención al cliente, Salesforce.;Acreditar Atención al cliente: la vacante lo pide y no figura en el CV.;88f59b2261aa4bf4c7aee145ba6dfe21
1587;131;192;2;28/08/2026;2;1;1;3;1;2,1;2,0;Baja;Punto fuerte: retribución. No acredita a buen nivel ninguna de las habilidades pedidas. Punto débil: habilidades pedidas: le falta Odoo, Organización.;Acreditar Odoo: la vacante lo pide y no figura en el CV.;45588a90c274767764b39d2e889d2b68
1588;149;199;2;28/08/2026;1;2;3;5;2;3,3;3,6;Media;Punto fuerte: retribución. No acredita a buen nivel ninguna de las habilidades pedidas. Punto débil: encaje con el rol.;Acreditar Análisis estadístico: la vacante lo pide y no figura en el CV.;82a159c54a0f3e395db4aefcd55d422c
1589;135;59;2;28/08/2026;1;1;1;4;1;2,0;2,0;Baja;Punto fuerte: retribución. No acredita a buen nivel ninguna de las habilidades pedidas. Punto débil: encaje con el rol.;Acreditar Excel avanzado: la vacante lo pide y no figura en el CV.;b9bc17dfc73171df3d3d1b8ba6e3f3d7
1590;123;9;2;28/08/2026;5;2;2;3;2;3,8;3,6;Media;Punto fuerte: encaje con el rol. Cubre Atención al cliente. Punto débil: habilidades pedidas: le falta Odoo, Organización.;Acreditar Odoo: la vacante lo pide y no figura en el CV.;6155f3343edca93166aeafc6c86a1068
1591;136;45;2;28/08/2026;2;2;1;5;2;2,8;2,7;Baja;Punto fuerte: retribución. Cubre Euskera. Punto débil: experiencia.;Acreditar Atención al detalle: la vacante lo pide y no figura en el CV.;93b8c696e0f7935fa8ed76fd3fea1bd4
1592;130;175;2;28/08/2026;5;2;5;3;4;4,4;4,2;Alta;Punto fuerte: encaje con el rol. Cubre Python. Punto débil: habilidades pedidas: le falta Análisis estadístico, SQL.;Acreditar Análisis estadístico: la vacante lo pide y no figura en el CV.;f418584dce751abda6c0d2aa093088b4
1593;116;240;2;28/08/2026;5;2;2;2;3;3,8;4,2;Media;Punto fuerte: encaje con el rol. No acredita a buen nivel ninguna de las habilidades pedidas. Punto débil: habilidades pedidas: le falta Atención al cliente, Salesforce.;Acreditar Atención al cliente: la vacante lo pide y no figura en el CV.;1d8ddb07bbd95a6cd14f8e409279f715
1594;149;169;2;28/08/2026;2;2;3;1;2;2,5;2,2;Baja;Punto fuerte: experiencia. Cubre Autonomía. Punto débil: retribución.;Acreditar Soldadura: la vacante lo pide y no figura en el CV.;82a159c54a0f3e395db4aefcd55d422c
1595;152;199;2;28/08/2026;2;2;5;3;2;2,9;2,5;Baja;Punto fuerte: experiencia. Cubre Inglés. Punto débil: encaje con el rol.;Acreditar Análisis estadístico: la vacante lo pide y no figura en el CV.;8873fba43883f8395187bc4151dee2b7
1596;71;78;3;28/08/2026;2;1;2;5;3;2,1;2,1;Baja;Revisión manual. Punto fuerte: retribución.;Acreditar Mecanizado CNC: la vacante lo pide y no figura en el CV.;6384f499504c9afb3e5b3fa9933e517e
1597;123;138;3;28/08/2026;3;3;3;2;3;3,0;3,0;Media;Revisión manual. Punto fuerte: encaje con el rol.;Acreditar Negociación: la vacante lo pide y no figura en el CV.;6155f3343edca93166aeafc6c86a1068
1598;125;124;3;28/08/2026;2;2;3;2;1;2,7;2,7;Baja;Revisión manual. Punto fuerte: retribución.;Acreditar SAP: la vacante lo pide y no figura en el CV.;53a01c275e45eeaf2f82fc44b80aed50
1599;118;31;2;29/08/2026;2;3;2;3;2;3,4;3,1;Media;Punto fuerte: habilidades pedidas (Inglés, Euskera). Cubre Inglés, Euskera. Punto débil: encaje con el rol.;Acreditar Atención al cliente: la vacante lo pide y no figura en el CV.;7cd441c45246fdcf3b7ed7b74b726039
1600;7;84;2;29/08/2026;5;3;5;2;3;4,7;4,4;Alta;Punto fuerte: encaje con el rol. Cubre Comunicación, Inglés. Punto débil: retribución.;Acreditar Pensamiento crítico: la vacante lo pide y no figura en el CV.;383eaa5c29506016b589f75b32306891
1601;135;29;2;29/08/2026;2;1;2;1;2;2,5;2,9;Baja;Sin puntos fuertes claros para este puesto. Cubre Euskera. Punto débil: habilidades pedidas: le falta Trabajo bajo presión, Atención al cliente.;Acreditar Trabajo bajo presión: la vacante lo pide y no figura en el CV.;b9bc17dfc73171df3d3d1b8ba6e3f3d7
1602;102;13;2;29/08/2026;2;3;4;5;3;3,8;3,9;Media;Punto fuerte: retribución. Cubre Euskera, Creatividad, Empatía. Punto débil: encaje con el rol.;Acreditar Comunicación: la vacante lo pide y no figura en el CV.;025b3b4f122944277d4e5de5758fb6c9
1603;106;162;2;29/08/2026;5;3;2;3;3;4,1;3,9;Alta;Punto fuerte: encaje con el rol. Cubre Euskera, Atención al cliente, Inglés. Punto débil: experiencia.;Acreditar Trabajo bajo presión: la vacante lo pide y no figura en el CV.;1d34b2b4a5c33959f0ee775925dcb0e2
1604;132;16;2;29/08/2026;1;2;2;2;2;2,5;2,7;Baja;Sin puntos fuertes claros para este puesto. No acredita a buen nivel ninguna de las habilidades pedidas. Punto débil: encaje con el rol.;Acreditar Docker: la vacante lo pide y no figura en el CV.;2ecb9edf8ba799d8e907738b02e00593
1605;118;221;2;29/08/2026;2;1;3;3;1;2,7;2,5;Baja;Punto fuerte: experiencia. Cubre Euskera. Punto débil: habilidades pedidas: le falta Gestión de proyectos, AutoCAD.;Acreditar Gestión de proyectos: la vacante lo pide y no figura en el CV.;7cd441c45246fdcf3b7ed7b74b726039
1606;113;72;2;29/08/2026;5;2;3;1;2;3,5;3,4;Media;Punto fuerte: encaje con el rol. Cubre Inglés. Punto débil: retribución.;Acreditar Atención al cliente: la vacante lo pide y no figura en el CV.;7eecc91afd3f91f116de12ffa2ece811
1607;75;122;2;29/08/2026;3;2;3;5;2;3,6;4,0;Media;Punto fuerte: retribución. No acredita a buen nivel ninguna de las habilidades pedidas. Punto débil: habilidades pedidas: le falta Prevención de riesgos, Autonomía.;Acreditar Prevención de riesgos: la vacante lo pide y no figura en el CV.;d30d03d751c3dd67c9e53c2c3fd99212
1608;145;187;2;29/08/2026;5;2;1;3;3;3,6;3,6;Media;Punto fuerte: encaje con el rol. No acredita a buen nivel ninguna de las habilidades pedidas. Punto débil: experiencia.;Acreditar Negociación: la vacante lo pide y no figura en el CV.;c2eb8fcb9857632e30768c6103d4b9be
1609;130;76;2;29/08/2026;2;2;3;3;2;3,2;3,3;Media;Punto fuerte: experiencia. No acredita a buen nivel ninguna de las habilidades pedidas. Punto débil: encaje con el rol.;Acreditar Atención al detalle: la vacante lo pide y no figura en el CV.;f418584dce751abda6c0d2aa093088b4
1610;76;167;2;29/08/2026;1;2;2;4;2;2,4;2,2;Baja;Punto fuerte: retribución. Cubre Organización. Punto débil: encaje con el rol.;Acreditar Trabajo bajo presión: la vacante lo pide y no figura en el CV.;4cfd825587a78dd0bc54d9398a050a4f
1611;125;127;2;29/08/2026;1;1;1;3;1;2,1;2,3;Baja;Punto fuerte: retribución. Cubre Excel avanzado. Punto débil: encaje con el rol.;Acreditar QuickBooks: la vacante lo pide y no figura en el CV.;53a01c275e45eeaf2f82fc44b80aed50
1612;126;14;2;29/08/2026;2;2;3;3;2;3,0;3,3;Media;Punto fuerte: experiencia. Cubre Pensamiento crítico. Punto débil: encaje con el rol.;Acreditar Atención al detalle: la vacante lo pide y no figura en el CV.;bf8badb65edb2a8201262f446f291c52
1613;145;64;2;29/08/2026;4;1;2;2;1;2,2;2,2;Baja;Punto fuerte: encaje con el rol. No acredita a buen nivel ninguna de las habilidades pedidas. Punto débil: habilidades pedidas: le falta Atención al cliente, Organización.;Acreditar Atención al cliente: la vacante lo pide y no figura en el CV.;c2eb8fcb9857632e30768c6103d4b9be
1614;116;83;2;29/08/2026;2;1;2;3;1;2,3;1,8;Baja;Punto fuerte: retribución. No acredita a buen nivel ninguna de las habilidades pedidas. Punto débil: habilidades pedidas: le falta Pensamiento crítico, Atención al detalle.;Acreditar Pensamiento crítico: la vacante lo pide y no figura en el CV.;1d8ddb07bbd95a6cd14f8e409279f715
1615;39;122;2;29/08/2026;5;3;1;1;2;3,7;3,9;Media;Punto fuerte: encaje con el rol. Cubre Prevención de riesgos, Autonomía. Punto débil: experiencia.;Acreditar Resolución de problemas: la vacante lo pide y no figura en el CV.;d866939a94fc049e27104c52373baea1
1616;118;186;2;29/08/2026;5;1;2;3;3;3,3;3,4;Media;Punto fuerte: encaje con el rol. Cubre Python. Punto débil: habilidades pedidas: le falta Excel avanzado, Análisis estadístico.;Acreditar Excel avanzado: la vacante lo pide y no figura en el CV.;7cd441c45246fdcf3b7ed7b74b726039
1617;152;151;2;29/08/2026;1;2;4;3;1;2,5;2,6;Baja;Punto fuerte: experiencia. Cubre Creatividad. Punto débil: encaje con el rol.;Acreditar Photoshop: la vacante lo pide y no figura en el CV.;8873fba43883f8395187bc4151dee2b7
1618;12;188;2;29/08/2026;5;4;2;3;3;4,7;5,0;Alta;Punto fuerte: encaje con el rol. Cubre Empatía, Negociación. Punto débil: experiencia.;Subir Comunicación de nivel 2 a 3.;71000804a77686a1db7205c014abe342
1619;124;222;2;29/08/2026;5;1;5;3;3;3,9;3,8;Media;Punto fuerte: encaje con el rol. No acredita a buen nivel ninguna de las habilidades pedidas. Punto débil: habilidades pedidas: le falta Prevención de riesgos, Soldadura.;Acreditar Prevención de riesgos: la vacante lo pide y no figura en el CV.;88f59b2261aa4bf4c7aee145ba6dfe21
1620;123;16;2;29/08/2026;1;1;2;3;2;2,1;1,6;Baja;Punto fuerte: retribución. No acredita a buen nivel ninguna de las habilidades pedidas. Punto débil: encaje con el rol.;Acreditar Docker: la vacante lo pide y no figura en el CV.;6155f3343edca93166aeafc6c86a1068
1621;128;62;2;29/08/2026;4;2;5;3;2;2,9;2,7;Baja;Punto fuerte: experiencia. Cubre Atención al cliente, Organización. Punto débil: habilidades pedidas: le falta Odoo, Microsoft Office.;Acreditar Odoo: la vacante lo pide y no figura en el CV.;dc4a815cd975a1b7a4abe5c4611d9745
1622;125;64;2;29/08/2026;5;3;2;1;4;4,1;3,9;Alta;Punto fuerte: encaje con el rol. Cubre Atención al cliente, Odoo, Euskera. Punto débil: retribución.;Acreditar Organización: la vacante lo pide y no figura en el CV.;53a01c275e45eeaf2f82fc44b80aed50
1623;145;247;2;29/08/2026;5;2;2;3;2;4,1;4,1;Alta;Punto fuerte: encaje con el rol. No acredita a buen nivel ninguna de las habilidades pedidas. Punto débil: habilidades pedidas: le falta Negociación, Atención al cliente.;Acreditar Negociación: la vacante lo pide y no figura en el CV.;c2eb8fcb9857632e30768c6103d4b9be
1624;132;175;2;29/08/2026;2;2;3;4;2;3,2;3,0;Media;Punto fuerte: retribución. No acredita a buen nivel ninguna de las habilidades pedidas. Punto débil: encaje con el rol.;Acreditar Análisis estadístico: la vacante lo pide y no figura en el CV.;2ecb9edf8ba799d8e907738b02e00593
1625;152;215;2;29/08/2026;5;2;5;3;4;4,0;3,6;Alta;Punto fuerte: encaje con el rol. Cubre Atención al cliente. Punto débil: habilidades pedidas: le falta Organización, Odoo.;Acreditar Organización: la vacante lo pide y no figura en el CV.;8873fba43883f8395187bc4151dee2b7
1626;123;140;2;29/08/2026;4;2;3;3;2;3,3;3,1;Media;Punto fuerte: encaje con el rol. Cubre Atención al cliente. Punto débil: habilidades pedidas: le falta Vocación de servicio, Trabajo en equipo.;Acreditar Vocación de servicio: la vacante lo pide y no figura en el CV.;6155f3343edca93166aeafc6c86a1068
1627;43;39;2;29/08/2026;5;1;3;5;3;3,6;3,6;Media;Punto fuerte: encaje con el rol. No acredita a buen nivel ninguna de las habilidades pedidas. Punto débil: habilidades pedidas: le falta Redes, Docker.;Acreditar Redes: la vacante lo pide y no figura en el CV.;9defc6717147945ac3ef5433653b5bd3
1628;64;55;2;29/08/2026;3;1;2;4;3;3,5;3,6;Media;Punto fuerte: retribución. No acredita a buen nivel ninguna de las habilidades pedidas. Punto débil: habilidades pedidas: le falta Pensamiento crítico, Comunicación.;Acreditar Pensamiento crítico: la vacante lo pide y no figura en el CV.;8fcae24fb6920086713d68c73ed9e705
1629;2;167;2;29/08/2026;5;1;5;3;4;3,8;3,6;Media;Punto fuerte: encaje con el rol. No acredita a buen nivel ninguna de las habilidades pedidas. Punto débil: habilidades pedidas: le falta Organización, Trabajo bajo presión.;Acreditar Organización: la vacante lo pide y no figura en el CV.;ff6a94069d1ee9118029d75b03c2d938
1630;78;205;2;29/08/2026;5;1;4;5;3;3,4;3,3;Media;Punto fuerte: encaje con el rol. No acredita a buen nivel ninguna de las habilidades pedidas. Punto débil: habilidades pedidas: le falta SQL, Python.;Acreditar SQL: la vacante lo pide y no figura en el CV.;215b534770cb82e308cf143763fa6b20
1631;11;38;2;29/08/2026;2;1;1;5;1;2,4;2,3;Baja;Punto fuerte: retribución. No acredita a buen nivel ninguna de las habilidades pedidas. Punto débil: habilidades pedidas: le falta Microsoft Office, Comunicación.;Acreditar Microsoft Office: la vacante lo pide y no figura en el CV.;3b883509efc39b7f91f118ac94557999
1632;129;141;2;30/08/2026;5;3;5;2;4;4,4;4,4;Alta;Punto fuerte: encaje con el rol. Cubre Inglés, Euskera. Punto débil: retribución.;Acreditar Microsoft Office: la vacante lo pide y no figura en el CV.;bcf494e44790574dbf2ddacaa64605b9
1633;154;16;2;30/08/2026;2;1;3;4;1;2,3;2,5;Baja;Punto fuerte: retribución. No acredita a buen nivel ninguna de las habilidades pedidas. Punto débil: habilidades pedidas: le falta Docker, SQL.;Acreditar Docker: la vacante lo pide y no figura en el CV.;40d5713c4e493091a4de62d1b6f17725
1634;137;218;2;30/08/2026;2;1;5;1;3;2,6;2,7;Baja;Punto fuerte: experiencia. No acredita a buen nivel ninguna de las habilidades pedidas. Punto débil: habilidades pedidas: le falta Trabajo en equipo, Trabajo bajo presión.;Acreditar Trabajo en equipo: la vacante lo pide y no figura en el CV.;5b76544032609f36e5ba5e6a0363dd74
1635;147;57;2;30/08/2026;2;2;1;3;2;2,9;2,9;Baja;Punto fuerte: retribución. Cubre Orientación a resultados, Euskera. Punto débil: experiencia.;Acreditar Atención al cliente: la vacante lo pide y no figura en el CV.;fdf97188824a0f4524b81923476f2e93
1636;114;161;2;30/08/2026;1;1;3;1;2;1,9;1,4;Baja;Punto fuerte: experiencia. No acredita a buen nivel ninguna de las habilidades pedidas. Punto débil: encaje con el rol.;Acreditar Euskera: la vacante lo pide y no figura en el CV.;ecbcbaa2cd87e3d89bdbf4bee1928766
1637;153;88;2;30/08/2026;1;1;3;5;2;3,1;3,3;Media;Punto fuerte: retribución. No acredita a buen nivel ninguna de las habilidades pedidas. Punto débil: encaje con el rol.;Acreditar Diseño gráfico: la vacante lo pide y no figura en el CV.;710b38a2942a0a29d089f09f45e0f558
1638;117;193;2;30/08/2026;4;1;2;2;2;2,6;2,5;Baja;Punto fuerte: encaje con el rol. No acredita a buen nivel ninguna de las habilidades pedidas. Punto débil: habilidades pedidas: le falta Atención al cliente, Microsoft Office.;Acreditar Atención al cliente: la vacante lo pide y no figura en el CV.;35b6487636b234fe1f4efe057b30b1e2
1639;144;55;2;30/08/2026;1;2;5;2;2;3,0;2,9;Media;Punto fuerte: experiencia. Cubre Inglés. Punto débil: encaje con el rol.;Acreditar Pensamiento crítico: la vacante lo pide y no figura en el CV.;f5d22e51dd72764d4fbdf8c9428f4295
1640;132;51;2;30/08/2026;2;1;4;3;2;2,4;2,1;Baja;Punto fuerte: experiencia. No acredita a buen nivel ninguna de las habilidades pedidas. Punto débil: habilidades pedidas: le falta Negociación, Prevención de riesgos.;Acreditar Negociación: la vacante lo pide y no figura en el CV.;2ecb9edf8ba799d8e907738b02e00593
1641;122;245;2;30/08/2026;4;1;1;3;1;2,7;2,5;Baja;Punto fuerte: encaje con el rol. No acredita a buen nivel ninguna de las habilidades pedidas. Punto débil: habilidades pedidas: le falta Resolución de problemas, Gestión de proyectos.;Acreditar Resolución de problemas: la vacante lo pide y no figura en el CV.;0f47f08a3ff2736019f0343b79efd27a
1642;79;204;2;30/08/2026;5;1;3;1;2;2,7;2,6;Baja;Punto fuerte: encaje con el rol. No acredita a buen nivel ninguna de las habilidades pedidas. Punto débil: habilidades pedidas: le falta Excel avanzado, Organización.;Acreditar Excel avanzado: la vacante lo pide y no figura en el CV.;dbc3ae586769d482cb1309411aec185f
1643;94;203;2;30/08/2026;2;2;4;3;2;3,4;3,5;Media;Punto fuerte: experiencia. Cubre Euskera. Punto débil: encaje con el rol.;Acreditar Atención al cliente: la vacante lo pide y no figura en el CV.;425d41c7203a2767e3c70d2be9eb4c5e
1644;142;161;2;30/08/2026;2;1;2;4;1;2,6;2,6;Baja;Punto fuerte: retribución. No acredita a buen nivel ninguna de las habilidades pedidas. Punto débil: habilidades pedidas: le falta Euskera, Empatía.;Acreditar Euskera: la vacante lo pide y no figura en el CV.;e1fbe01088205acf3b93e7e64d89d141
1645;132;161;2;30/08/2026;5;3;3;3;3;4,1;3,8;Alta;Punto fuerte: encaje con el rol. Cubre Empatía, Creatividad. Punto débil: habilidades pedidas: le falta Euskera.;Acreditar Euskera: la vacante lo pide y no figura en el CV.;2ecb9edf8ba799d8e907738b02e00593
1646;136;51;2;30/08/2026;2;3;3;2;2;3,4;3,5;Media;Punto fuerte: habilidades pedidas (Prevención de riesgos). Cubre Prevención de riesgos. Punto débil: encaje con el rol.;Acreditar Negociación: la vacante lo pide y no figura en el CV.;93b8c696e0f7935fa8ed76fd3fea1bd4
1647;127;213;2;30/08/2026;1;3;2;2;3;2,9;3,1;Baja;Punto fuerte: habilidades pedidas (Organización). Cubre Organización. Punto débil: encaje con el rol.;Acreditar Trabajo bajo presión: la vacante lo pide y no figura en el CV.;c84a1f2aca07835f87348ad25d5788ce
1648;138;191;2;30/08/2026;5;3;3;4;3;4,4;4,2;Alta;Punto fuerte: encaje con el rol. Cubre Excel avanzado, Atención al detalle, Euskera. Punto débil: habilidades pedidas: le falta Pensamiento crítico.;Acreditar Pensamiento crítico: la vacante lo pide y no figura en el CV.;bd300803255de7021b51593a83a286fc
1649;155;95;2;30/08/2026;2;1;2;4;2;2,8;3,0;Baja;Punto fuerte: retribución. Cubre Negociación. Punto débil: habilidades pedidas: le falta Atención al cliente, Orientación a resultados.;Acreditar Atención al cliente: la vacante lo pide y no figura en el CV.;3daea981a217068fe0d70fc6d50ff35f
1650;131;39;2;30/08/2026;5;2;1;5;2;3,5;3,2;Media;Punto fuerte: encaje con el rol. Cubre Ciberseguridad. Punto débil: experiencia.;Acreditar Redes: la vacante lo pide y no figura en el CV.;45588a90c274767764b39d2e889d2b68
1651;84;31;2;30/08/2026;1;2;3;3;3;2,9;3,0;Baja;Punto fuerte: experiencia. Cubre Euskera. Punto débil: encaje con el rol.;Acreditar Inglés: la vacante lo pide y no figura en el CV.;0831ec1ffe1f6dbf748301b6844105b2
1652;150;57;2;30/08/2026;5;2;3;4;3;3,9;3,6;Media;Punto fuerte: encaje con el rol. Cubre Negociación, Euskera. Punto débil: habilidades pedidas: le falta Orientación a resultados, Atención al cliente.;Acreditar Orientación a resultados: la vacante lo pide y no figura en el CV.;1a2ce1afdc167ba0c768c409b48f9d68
1653;50;216;2;30/08/2026;2;1;2;4;1;1,9;2,0;Baja;Punto fuerte: retribución. No acredita a buen nivel ninguna de las habilidades pedidas. Punto débil: habilidades pedidas: le falta Organización, Odoo.;Acreditar Organización: la vacante lo pide y no figura en el CV.;bf9ce192c37211714da1407c648bd2d0
1654;117;85;2;30/08/2026;4;2;2;1;2;3,2;3,2;Media;Punto fuerte: encaje con el rol. Cubre Trabajo en equipo. Punto débil: retribución.;Acreditar Atención al cliente: la vacante lo pide y no figura en el CV.;35b6487636b234fe1f4efe057b30b1e2
1655;142;243;2;30/08/2026;5;1;1;5;2;3,1;2,9;Media;Punto fuerte: encaje con el rol. No acredita a buen nivel ninguna de las habilidades pedidas. Punto débil: habilidades pedidas: le falta Excel avanzado, Power BI.;Acreditar Excel avanzado: la vacante lo pide y no figura en el CV.;e1fbe01088205acf3b93e7e64d89d141
1656;94;165;2;30/08/2026;2;1;5;3;2;2,6;2,4;Baja;Punto fuerte: experiencia. No acredita a buen nivel ninguna de las habilidades pedidas. Punto débil: habilidades pedidas: le falta Autonomía, Resolución de problemas.;Acreditar Autonomía: la vacante lo pide y no figura en el CV.;425d41c7203a2767e3c70d2be9eb4c5e
1657;137;97;2;30/08/2026;5;1;5;4;3;3,8;3,9;Media;Punto fuerte: encaje con el rol. No acredita a buen nivel ninguna de las habilidades pedidas. Punto débil: habilidades pedidas: le falta SAP, Atención al detalle.;Acreditar SAP: la vacante lo pide y no figura en el CV.;5b76544032609f36e5ba5e6a0363dd74
1658;139;245;2;30/08/2026;5;1;1;3;1;2,3;2,2;Baja;Punto fuerte: encaje con el rol. No acredita a buen nivel ninguna de las habilidades pedidas. Punto débil: habilidades pedidas: le falta Resolución de problemas, Gestión de proyectos.;Acreditar Resolución de problemas: la vacante lo pide y no figura en el CV.;b9761c2b467377880cd97108334940d7
1659;134;230;2;30/08/2026;5;1;4;2;2;3,3;3,5;Media;Punto fuerte: encaje con el rol. No acredita a buen nivel ninguna de las habilidades pedidas. Punto débil: habilidades pedidas: le falta SAP, Logística.;Acreditar SAP: la vacante lo pide y no figura en el CV.;c29ac152f61bae4151b5cd27508b247c
1660;3;38;2;30/08/2026;5;2;1;2;4;3,5;3,2;Media;Punto fuerte: encaje con el rol. Cubre Microsoft Office. Punto débil: experiencia.;Acreditar Comunicación: la vacante lo pide y no figura en el CV.;41639786d6f8a244b34cde0b836e6d9c
1661;124;141;2;30/08/2026;5;2;5;3;4;4,5;4,3;Alta;Punto fuerte: encaje con el rol. Cubre Microsoft Office, Inglés. Punto débil: habilidades pedidas: le falta Atención al cliente, Francés.;Acreditar Atención al cliente: la vacante lo pide y no figura en el CV.;88f59b2261aa4bf4c7aee145ba6dfe21
1662;14;206;2;30/08/2026;2;1;3;3;2;2,1;2,1;Baja;Punto fuerte: experiencia. No acredita a buen nivel ninguna de las habilidades pedidas. Punto débil: habilidades pedidas: le falta Atención al cliente, Microsoft Office.;Acreditar Atención al cliente: la vacante lo pide y no figura en el CV.;885480c884ed8190dc3fb64ffb791b29
1663;133;240;2;30/08/2026;2;1;2;4;1;2,5;2,7;Baja;Punto fuerte: retribución. No acredita a buen nivel ninguna de las habilidades pedidas. Punto débil: habilidades pedidas: le falta Atención al cliente, Salesforce.;Acreditar Atención al cliente: la vacante lo pide y no figura en el CV.;92132dfcde48ccc936db147438277a1d
1664;143;64;2;30/08/2026;4;2;5;2;3;3,8;3,8;Media;Punto fuerte: experiencia. Cubre Organización. Punto débil: habilidades pedidas: le falta Atención al cliente, Odoo.;Acreditar Atención al cliente: la vacante lo pide y no figura en el CV.;37b731f4bbfdbd1bed4aea1a68770abb
1665;145;243;2;30/08/2026;2;1;1;5;1;2,5;2,5;Baja;Punto fuerte: retribución. No acredita a buen nivel ninguna de las habilidades pedidas. Punto débil: habilidades pedidas: le falta Excel avanzado, Power BI.;Acreditar Excel avanzado: la vacante lo pide y no figura en el CV.;c2eb8fcb9857632e30768c6103d4b9be
1666;155;84;2;30/08/2026;1;2;3;1;2;2,3;2,5;Baja;Punto fuerte: experiencia. Cubre Negociación. Punto débil: encaje con el rol.;Acreditar Comunicación: la vacante lo pide y no figura en el CV.;3daea981a217068fe0d70fc6d50ff35f
1667;72;186;2;30/08/2026;4;2;5;3;3;3,5;3,5;Media;Punto fuerte: experiencia. Cubre Análisis estadístico, Power BI. Punto débil: habilidades pedidas: le falta Excel avanzado, Python.;Acreditar Excel avanzado: la vacante lo pide y no figura en el CV.;00c6ea09b3c021f3b117297451d698eb
1668;154;84;2;30/08/2026;5;3;4;1;3;4,1;4,4;Alta;Punto fuerte: encaje con el rol. Cubre Comunicación, Euskera. Punto débil: retribución.;Acreditar Pensamiento crítico: la vacante lo pide y no figura en el CV.;40d5713c4e493091a4de62d1b6f17725
1669;5;109;2;30/08/2026;5;1;5;3;3;3,9;3,7;Media;Punto fuerte: encaje con el rol. No acredita a buen nivel ninguna de las habilidades pedidas. Punto débil: habilidades pedidas: le falta JavaScript, Git.;Acreditar JavaScript: la vacante lo pide y no figura en el CV.;f894e1db4345616d702c24ded0c3174b
1670;119;213;2;30/08/2026;5;5;2;5;5;5,0;4,7;Alta;Punto fuerte: encaje con el rol. Cubre Trabajo bajo presión, Creatividad, Organización. Punto débil: experiencia.;Sumar experiencia práctica en el sector (prácticas o proyecto).;bf4d833bd31cd6a9f8c9ebb76104ddf7
1671;147;57;4;30/08/2026;2;2;1;4;3;3,6;3,6;Media;Revisión manual. Punto fuerte: retribución.;Acreditar Atención al cliente: la vacante lo pide y no figura en el CV.;fdf97188824a0f4524b81923476f2e93
1672;125;20;2;31/08/2026;5;4;2;1;4;4,3;4,1;Alta;Punto fuerte: encaje con el rol. Cubre Odoo, Atención al cliente, Microsoft Office. Punto débil: retribución.;Acreditar Organización: la vacante lo pide y no figura en el CV.;53a01c275e45eeaf2f82fc44b80aed50
1673;155;134;2;31/08/2026;1;1;2;2;2;2,2;2,4;Baja;Sin puntos fuertes claros para este puesto. No acredita a buen nivel ninguna de las habilidades pedidas. Punto débil: encaje con el rol.;Acreditar Creatividad: la vacante lo pide y no figura en el CV.;3daea981a217068fe0d70fc6d50ff35f
1674;67;84;2;31/08/2026;2;2;5;1;3;3,6;3,7;Media;Punto fuerte: experiencia. Cubre Pensamiento crítico. Punto débil: retribución.;Acreditar Comunicación: la vacante lo pide y no figura en el CV.;91cd2ac01281f8d5fa469f6015e9a4ab
1675;123;128;2;31/08/2026;1;1;2;3;1;1,7;1,5;Baja;Punto fuerte: retribución. No acredita a buen nivel ninguna de las habilidades pedidas. Punto débil: encaje con el rol.;Acreditar Excel avanzado: la vacante lo pide y no figura en el CV.;6155f3343edca93166aeafc6c86a1068
1676;60;194;2;31/08/2026;3;1;1;5;1;3,0;3,0;Media;Punto fuerte: retribución. No acredita a buen nivel ninguna de las habilidades pedidas. Punto débil: habilidades pedidas: le falta Mecanizado CNC, Prevención de riesgos.;Acreditar Mecanizado CNC: la vacante lo pide y no figura en el CV.;7fb8cfa04fabdd00e9a549148bd60e44
1677;19;167;2;31/08/2026;5;2;4;3;2;3,6;3,5;Media;Punto fuerte: encaje con el rol. Cubre Trabajo bajo presión, Euskera. Punto débil: habilidades pedidas: le falta Organización, Creatividad.;Acreditar Organización: la vacante lo pide y no figura en el CV.;07de0c3b759cac6c75f836ee50a4ea34
1678;155;96;2;31/08/2026;3;3;3;2;2;3,4;3,4;Media;Punto fuerte: encaje con el rol. Cubre SQL. Punto débil: retribución.;Acreditar Análisis estadístico: la vacante lo pide y no figura en el CV.;3daea981a217068fe0d70fc6d50ff35f
1679;126;139;2;31/08/2026;2;2;4;3;3;2,8;3,2;Baja;Punto fuerte: experiencia. Cubre Pensamiento crítico. Punto débil: encaje con el rol.;Subir Negociación de nivel 2 a 3.;bf8badb65edb2a8201262f446f291c52
1680;83;212;2;31/08/2026;2;2;5;3;2;3,0;3,3;Media;Punto fuerte: experiencia. Cubre Gestión de proyectos. Punto débil: encaje con el rol.;Acreditar Prevención de riesgos: la vacante lo pide y no figura en el CV.;0da3bf552eaaf1b9ddbdb332ac2cb1a9
1681;98;181;2;31/08/2026;4;1;4;3;3;3,2;2,9;Media;Punto fuerte: encaje con el rol. No acredita a buen nivel ninguna de las habilidades pedidas. Punto débil: habilidades pedidas: le falta Prevención de riesgos, Autonomía.;Acreditar Prevención de riesgos: la vacante lo pide y no figura en el CV.;c5c761f89bb823c2eba5d9fb3bd0a14d
1682;139;27;2;31/08/2026;2;2;1;3;2;2,5;2,5;Baja;Punto fuerte: retribución. Cubre AutoCAD. Punto débil: experiencia.;Acreditar Gestión de proyectos: la vacante lo pide y no figura en el CV.;b9761c2b467377880cd97108334940d7
1683;141;67;2;31/08/2026;1;2;5;3;2;2,4;2,5;Baja;Punto fuerte: experiencia. Cubre Autonomía. Punto débil: encaje con el rol.;Acreditar Prevención de riesgos: la vacante lo pide y no figura en el CV.;21048a31d97fe07cff16c453033b21c6
1684;72;31;2;31/08/2026;2;2;5;3;3;3,3;2,9;Media;Punto fuerte: experiencia. Cubre Inglés, Atención al cliente. Punto débil: encaje con el rol.;Acreditar Trabajo bajo presión: la vacante lo pide y no figura en el CV.;00c6ea09b3c021f3b117297451d698eb
1685;8;122;2;31/08/2026;5;3;2;1;3;4,2;4,2;Alta;Punto fuerte: encaje con el rol. Cubre Autonomía, Mecanizado CNC. Punto débil: retribución.;Acreditar Prevención de riesgos: la vacante lo pide y no figura en el CV.;9091e8fb9fb54d7ae3978b0e9dfdfd4e
1686;140;59;2;31/08/2026;1;2;4;5;2;3,0;2,7;Media;Punto fuerte: retribución. Cubre Excel avanzado. Punto débil: encaje con el rol.;Acreditar Power BI: la vacante lo pide y no figura en el CV.;15e568d91eb2fc6aae516c36f36f1a4d
1687;155;140;2;31/08/2026;2;1;1;3;2;2,2;2,5;Baja;Punto fuerte: retribución. No acredita a buen nivel ninguna de las habilidades pedidas. Punto débil: habilidades pedidas: le falta Vocación de servicio, Atención al cliente.;Acreditar Vocación de servicio: la vacante lo pide y no figura en el CV.;3daea981a217068fe0d70fc6d50ff35f
1688;121;241;2;31/08/2026;1;3;3;3;3;3,3;3,8;Media;Punto fuerte: habilidades pedidas (Comunicación, Inglés). Cubre Comunicación, Inglés. Punto débil: encaje con el rol.;Acreditar Pensamiento crítico: la vacante lo pide y no figura en el CV.;cb39e08210413c9765882bcc9841220f
1689;142;173;2;31/08/2026;2;1;2;5;1;2,7;3,0;Baja;Punto fuerte: retribución. No acredita a buen nivel ninguna de las habilidades pedidas. Punto débil: habilidades pedidas: le falta Negociación, Salesforce.;Acreditar Negociación: la vacante lo pide y no figura en el CV.;e1fbe01088205acf3b93e7e64d89d141
1690;123;31;2;31/08/2026;5;2;3;3;4;4,6;4,4;Alta;Punto fuerte: encaje con el rol. Cubre Atención al cliente. Punto débil: habilidades pedidas: le falta Inglés, Trabajo bajo presión.;Acreditar Inglés: la vacante lo pide y no figura en el CV.;6155f3343edca93166aeafc6c86a1068
1691;147;9;2;31/08/2026;1;1;2;3;2;1,9;2,3;Baja;Punto fuerte: retribución. No acredita a buen nivel ninguna de las habilidades pedidas. Punto débil: encaje con el rol.;Acreditar Atención al cliente: la vacante lo pide y no figura en el CV.;fdf97188824a0f4524b81923476f2e93
1692;135;133;2;31/08/2026;2;1;2;1;1;2,5;2,5;Baja;Sin puntos fuertes claros para este puesto. No acredita a buen nivel ninguna de las habilidades pedidas. Punto débil: habilidades pedidas: le falta Odoo, Organización.;Acreditar Odoo: la vacante lo pide y no figura en el CV.;b9bc17dfc73171df3d3d1b8ba6e3f3d7
1693;147;54;2;31/08/2026;5;3;2;3;2;4,0;3,5;Alta;Punto fuerte: encaje con el rol. Cubre HubSpot, Creatividad, WordPress. Punto débil: experiencia.;Acreditar Google Analytics: la vacante lo pide y no figura en el CV.;fdf97188824a0f4524b81923476f2e93
1694;74;39;2;31/08/2026;5;3;1;2;3;3,9;3,7;Media;Punto fuerte: encaje con el rol. Cubre Ciberseguridad. Punto débil: experiencia.;Acreditar Redes: la vacante lo pide y no figura en el CV.;670d890f4ae2ab6b18accfa8c5a36fe3
1695;151;71;2;31/08/2026;3;1;2;3;2;3,1;3,3;Media;Punto fuerte: encaje con el rol. No acredita a buen nivel ninguna de las habilidades pedidas. Punto débil: habilidades pedidas: le falta Pensamiento crítico, SAP.;Acreditar Pensamiento crítico: la vacante lo pide y no figura en el CV.;860fef57e449c16290ec480422622568
1696;56;114;2;31/08/2026;3;2;5;3;3;3,3;2,9;Media;Punto fuerte: experiencia. Cubre Negociación, Euskera. Punto débil: habilidades pedidas: le falta Salesforce, Orientación a resultados.;Acreditar Salesforce: la vacante lo pide y no figura en el CV.;29f6492552b6da6c91a1e236597abf82
1697;8;78;2;31/08/2026;5;4;2;1;5;4,3;4,2;Alta;Punto fuerte: encaje con el rol. Cubre Mecanizado CNC, Autonomía. Punto débil: retribución.;Acreditar Resolución de problemas: la vacante lo pide y no figura en el CV.;9091e8fb9fb54d7ae3978b0e9dfdfd4e
1698;143;247;2;31/08/2026;5;1;3;3;1;3,6;3,4;Media;Punto fuerte: encaje con el rol. No acredita a buen nivel ninguna de las habilidades pedidas. Punto débil: habilidades pedidas: le falta Negociación, Atención al cliente.;Acreditar Negociación: la vacante lo pide y no figura en el CV.;37b731f4bbfdbd1bed4aea1a68770abb
1699;24;13;2;31/08/2026;5;2;5;5;4;4,2;4,2;Alta;Punto fuerte: encaje con el rol. Cubre Creatividad. Punto débil: habilidades pedidas: le falta Empatía.;Acreditar Empatía: la vacante lo pide y no figura en el CV.;1aeb058baac2bcc159a5b57e54fefa31
1700;134;94;2;31/08/2026;3;1;1;5;1;2,7;2,9;Baja;Punto fuerte: retribución. No acredita a buen nivel ninguna de las habilidades pedidas. Punto débil: habilidades pedidas: le falta SQL, Git.;Acreditar SQL: la vacante lo pide y no figura en el CV.;c29ac152f61bae4151b5cd27508b247c
1701;135;212;2;31/08/2026;4;5;1;3;4;4,3;3,9;Alta;Punto fuerte: habilidades pedidas (Prevención de riesgos, Gestión de proyectos). Cubre Prevención de riesgos, Gestión de proyectos, Negociación. Punto débil: experiencia.;Acreditar AutoCAD: la vacante lo pide y no figura en el CV.;b9bc17dfc73171df3d3d1b8ba6e3f3d7
1702;142;211;2;31/08/2026;2;1;1;5;1;2,5;3,0;Baja;Punto fuerte: retribución. No acredita a buen nivel ninguna de las habilidades pedidas. Punto débil: habilidades pedidas: le falta Diseño gráfico, Atención al detalle.;Acreditar Diseño gráfico: la vacante lo pide y no figura en el CV.;e1fbe01088205acf3b93e7e64d89d141
1703;136;80;2;31/08/2026;3;2;2;4;2;3,4;3,3;Media;Punto fuerte: retribución. Cubre Mecanizado CNC, Prevención de riesgos. Punto débil: habilidades pedidas: le falta Trabajo bajo presión, Trabajo en equipo.;Acreditar Trabajo bajo presión: la vacante lo pide y no figura en el CV.;93b8c696e0f7935fa8ed76fd3fea1bd4
1704;121;224;2;31/08/2026;3;1;1;3;2;2,4;2,8;Baja;Punto fuerte: encaje con el rol. No acredita a buen nivel ninguna de las habilidades pedidas. Punto débil: habilidades pedidas: le falta Java, JavaScript.;Acreditar Java: la vacante lo pide y no figura en el CV.;cb39e08210413c9765882bcc9841220f
1705;56;38;2;31/08/2026;2;2;4;1;3;3,2;3,3;Media;Punto fuerte: experiencia. No acredita a buen nivel ninguna de las habilidades pedidas. Punto débil: retribución.;Acreditar Microsoft Office: la vacante lo pide y no figura en el CV.;29f6492552b6da6c91a1e236597abf82
1706;107;167;2;31/08/2026;2;3;5;3;4;3,8;3,7;Media;Punto fuerte: experiencia. Cubre Creatividad, Euskera. Punto débil: encaje con el rol.;Acreditar Organización: la vacante lo pide y no figura en el CV.;018a507c8bc3280d933488b584add926
1707;128;62;4;31/08/2026;3;1;4;4;3;3,2;3,2;Media;Revisión manual. Punto fuerte: experiencia.;Acreditar Odoo: la vacante lo pide y no figura en el CV.;dc4a815cd975a1b7a4abe5c4611d9745
1708;135;29;4;31/08/2026;2;1;3;1;1;2,7;2,7;Baja;Revisión manual. Sin puntos fuertes claros para este puesto.;Acreditar Trabajo bajo presión: la vacante lo pide y no figura en el CV.;b9bc17dfc73171df3d3d1b8ba6e3f3d7
1709;68;31;2;01/09/2026;1;2;3;3;2;3,0;2,9;Media;Punto fuerte: experiencia. Cubre Inglés, Euskera. Punto débil: encaje con el rol.;Acreditar Atención al cliente: la vacante lo pide y no figura en el CV.;e74475b24a3a5e1c4424f7c7a57ca71c
1710;148;175;2;01/09/2026;4;2;5;3;3;4,1;3,6;Alta;Punto fuerte: experiencia. Cubre Análisis estadístico, SQL. Punto débil: habilidades pedidas: le falta Excel avanzado, Python.;Acreditar Excel avanzado: la vacante lo pide y no figura en el CV.;a1fb51b5acf6fea67481767b1124826c
1711;157;161;2;01/09/2026;2;4;3;4;4;4,3;4,6;Alta;Punto fuerte: habilidades pedidas (Euskera, Creatividad). Cubre Euskera, Creatividad. Punto débil: encaje con el rol.;Subir Empatía de nivel 2 a 3.;fa8572211f1f46e71c75a0cb5c0d2862
1712;151;198;2;01/09/2026;5;2;3;3;4;4,0;4,0;Alta;Punto fuerte: encaje con el rol. Cubre Ciberseguridad. Punto débil: habilidades pedidas: le falta Docker, Redes.;Acreditar Docker: la vacante lo pide y no figura en el CV.;860fef57e449c16290ec480422622568
1713;137;31;2;01/09/2026;2;2;5;3;3;3,3;3,1;Media;Punto fuerte: experiencia. No acredita a buen nivel ninguna de las habilidades pedidas. Punto débil: encaje con el rol.;Acreditar Atención al cliente: la vacante lo pide y no figura en el CV.;5b76544032609f36e5ba5e6a0363dd74
1714;157;241;2;01/09/2026;5;3;3;3;3;4,3;4,2;Alta;Punto fuerte: encaje con el rol. Cubre Inglés, Pensamiento crítico. Punto débil: habilidades pedidas: le falta Comunicación.;Acreditar Comunicación: la vacante lo pide y no figura en el CV.;fa8572211f1f46e71c75a0cb5c0d2862
1715;145;221;2;01/09/2026;3;2;4;1;3;3,2;3,6;Media;Punto fuerte: experiencia. Cubre Gestión de proyectos. Punto débil: retribución.;Acreditar AutoCAD: la vacante lo pide y no figura en el CV.;c2eb8fcb9857632e30768c6103d4b9be
1716;22;72;2;01/09/2026;2;2;4;1;4;3,3;3,4;Media;Punto fuerte: experiencia. No acredita a buen nivel ninguna de las habilidades pedidas. Punto débil: retribución.;Acreditar Atención al cliente: la vacante lo pide y no figura en el CV.;b014218a24551d0c092d944009a50535
1717;99;122;2;01/09/2026;5;1;3;4;2;3,7;3,6;Media;Punto fuerte: encaje con el rol. No acredita a buen nivel ninguna de las habilidades pedidas. Punto débil: habilidades pedidas: le falta Prevención de riesgos, Autonomía.;Acreditar Prevención de riesgos: la vacante lo pide y no figura en el CV.;46dcc44cf0c4cc192a18786d8bbcbefc
1718;142;201;2;01/09/2026;2;2;1;5;2;2,8;2,9;Baja;Punto fuerte: retribución. Cubre Atención al cliente. Punto débil: experiencia.;Acreditar Salesforce: la vacante lo pide y no figura en el CV.;e1fbe01088205acf3b93e7e64d89d141
1719;135;55;2;01/09/2026;1;2;1;2;1;2,0;2,2;Baja;Sin puntos fuertes claros para este puesto. Cubre Negociación. Punto débil: encaje con el rol.;Acreditar Pensamiento crítico: la vacante lo pide y no figura en el CV.;b9bc17dfc73171df3d3d1b8ba6e3f3d7
1720;41;155;2;01/09/2026;3;1;4;1;2;2,3;2,2;Baja;Punto fuerte: experiencia. No acredita a buen nivel ninguna de las habilidades pedidas. Punto débil: habilidades pedidas: le falta Soldadura, Prevención de riesgos.;Acreditar Soldadura: la vacante lo pide y no figura en el CV.;cf600c52e19afdd30ba63b45cec43695
1721;141;137;2;01/09/2026;2;1;4;3;2;2,6;2,9;Baja;Punto fuerte: experiencia. Cubre Autonomía. Punto débil: habilidades pedidas: le falta Mecanizado CNC, Resolución de problemas.;Acreditar Mecanizado CNC: la vacante lo pide y no figura en el CV.;21048a31d97fe07cff16c453033b21c6
1722;101;228;2;01/09/2026;5;3;4;1;4;4,4;4,5;Alta;Punto fuerte: encaje con el rol. Cubre Microsoft Office, Comunicación. Punto débil: retribución.;Acreditar Empatía: la vacante lo pide y no figura en el CV.;502bd7fd3adf67816abdca47dfd1122c
1723;144;62;2;01/09/2026;2;1;5;3;3;3,0;3,2;Media;Punto fuerte: experiencia. No acredita a buen nivel ninguna de las habilidades pedidas. Punto débil: habilidades pedidas: le falta Odoo, Microsoft Office.;Acreditar Odoo: la vacante lo pide y no figura en el CV.;f5d22e51dd72764d4fbdf8c9428f4295
1724;140;51;2;01/09/2026;2;1;5;1;3;2,3;2,8;Baja;Punto fuerte: experiencia. No acredita a buen nivel ninguna de las habilidades pedidas. Punto débil: habilidades pedidas: le falta Negociación, Prevención de riesgos.;Acreditar Negociación: la vacante lo pide y no figura en el CV.;15e568d91eb2fc6aae516c36f36f1a4d
1725;158;241;2;01/09/2026;5;2;4;3;3;4,1;3,8;Alta;Punto fuerte: encaje con el rol. Cubre Comunicación. Punto débil: habilidades pedidas: le falta Pensamiento crítico.;Acreditar Pensamiento crítico: la vacante lo pide y no figura en el CV.;5d29dbd8e3bb9f77158ff25fac3b8b98
1726;131;186;2;01/09/2026;5;2;1;3;3;3,8;3,4;Media;Punto fuerte: encaje con el rol. Cubre Análisis estadístico, Power BI. Punto débil: experiencia.;Acreditar Excel avanzado: la vacante lo pide y no figura en el CV.;45588a90c274767764b39d2e889d2b68
1727;144;116;2;01/09/2026;1;1;5;3;2;2,5;2,4;Baja;Punto fuerte: experiencia. No acredita a buen nivel ninguna de las habilidades pedidas. Punto débil: encaje con el rol.;Acreditar Odoo: la vacante lo pide y no figura en el CV.;f5d22e51dd72764d4fbdf8c9428f4295
1728;130;178;2;01/09/2026;1;2;3;3;2;2,6;2,7;Baja;Punto fuerte: experiencia. No acredita a buen nivel ninguna de las habilidades pedidas. Punto débil: encaje con el rol.;Acreditar Negociación: la vacante lo pide y no figura en el CV.;f418584dce751abda6c0d2aa093088b4
1729;158;121;2;01/09/2026;5;2;5;4;4;4,6;4,4;Alta;Punto fuerte: encaje con el rol. Cubre Organización. Punto débil: habilidades pedidas: le falta Microsoft Office, Atención al cliente.;Acreditar Microsoft Office: la vacante lo pide y no figura en el CV.;5d29dbd8e3bb9f77158ff25fac3b8b98
1730;144;94;2;01/09/2026;5;2;5;3;4;4,2;4,0;Alta;Punto fuerte: encaje con el rol. Cubre Git. Punto débil: habilidades pedidas: le falta SQL, Python.;Acreditar SQL: la vacante lo pide y no figura en el CV.;f5d22e51dd72764d4fbdf8c9428f4295
1731;129;133;2;01/09/2026;5;2;5;2;4;4,1;3,8;Alta;Punto fuerte: encaje con el rol. Cubre Organización. Punto débil: habilidades pedidas: le falta Odoo, Microsoft Office.;Acreditar Odoo: la vacante lo pide y no figura en el CV.;bcf494e44790574dbf2ddacaa64605b9
1732;141;28;2;01/09/2026;4;1;5;3;3;3,2;2,9;Media;Punto fuerte: experiencia. Cubre Inglés. Punto débil: habilidades pedidas: le falta Atención al cliente, Francés.;Acreditar Atención al cliente: la vacante lo pide y no figura en el CV.;21048a31d97fe07cff16c453033b21c6
1733;51;38;2;01/09/2026;2;1;3;3;1;2,1;2,3;Baja;Punto fuerte: experiencia. No acredita a buen nivel ninguna de las habilidades pedidas. Punto débil: habilidades pedidas: le falta Microsoft Office, Comunicación.;Acreditar Microsoft Office: la vacante lo pide y no figura en el CV.;09d8964fac3b34e828c77f23f93ac102
1734;66;203;2;01/09/2026;5;2;4;1;3;3,8;3,9;Media;Punto fuerte: encaje con el rol. Cubre Atención al cliente. Punto débil: retribución.;Acreditar Euskera: la vacante lo pide y no figura en el CV.;b2853efa8162d2f61ec7179884b4a842
1735;157;31;2;01/09/2026;2;3;3;3;2;3,0;3,1;Media;Punto fuerte: habilidades pedidas (Inglés, Euskera). Cubre Inglés, Euskera. Punto débil: encaje con el rol.;Acreditar Atención al cliente: la vacante lo pide y no figura en el CV.;fa8572211f1f46e71c75a0cb5c0d2862
1736;17;13;2;01/09/2026;2;2;3;5;2;3,1;3,3;Media;Punto fuerte: retribución. Cubre Euskera. Punto débil: encaje con el rol.;Acreditar Creatividad: la vacante lo pide y no figura en el CV.;f3e4a5aecc6a5f944e9ac15302f98862
1737;113;224;2;01/09/2026;4;1;3;3;2;3,5;3,3;Media;Punto fuerte: encaje con el rol. No acredita a buen nivel ninguna de las habilidades pedidas. Punto débil: habilidades pedidas: le falta Java, JavaScript.;Acreditar Java: la vacante lo pide y no figura en el CV.;7eecc91afd3f91f116de12ffa2ece811
1738;54;76;2;01/09/2026;5;1;4;5;2;3,7;3,3;Media;Punto fuerte: encaje con el rol. No acredita a buen nivel ninguna de las habilidades pedidas. Punto débil: habilidades pedidas: le falta AutoCAD, Atención al detalle.;Acreditar AutoCAD: la vacante lo pide y no figura en el CV.;859984ad4520ebcdd0cd73c27c6bb5b8
1739;152;198;2;01/09/2026;2;1;5;3;2;2,2;2,4;Baja;Punto fuerte: experiencia. No acredita a buen nivel ninguna de las habilidades pedidas. Punto débil: habilidades pedidas: le falta Ciberseguridad, Docker.;Acreditar Ciberseguridad: la vacante lo pide y no figura en el CV.;8873fba43883f8395187bc4151dee2b7
1740;144;4;2;01/09/2026;1;1;5;3;2;2,4;2,4;Baja;Punto fuerte: experiencia. No acredita a buen nivel ninguna de las habilidades pedidas. Punto débil: encaje con el rol.;Acreditar Contabilidad: la vacante lo pide y no figura en el CV.;f5d22e51dd72764d4fbdf8c9428f4295
1741;145;64;3;01/09/2026;3;1;2;2;1;1,9;1,9;Baja;Revisión manual. Punto fuerte: encaje con el rol.;Acreditar Atención al cliente: la vacante lo pide y no figura en el CV.;c2eb8fcb9857632e30768c6103d4b9be
1742;102;72;4;01/09/2026;2;2;5;3;4;3,2;3,2;Media;Revisión manual. Punto fuerte: experiencia.;Acreditar Atención al cliente: la vacante lo pide y no figura en el CV.;025b3b4f122944277d4e5de5758fb6c9
1743;79;204;3;01/09/2026;5;1;3;1;2;2,2;2,2;Baja;Revisión manual. Punto fuerte: encaje con el rol.;Acreditar Excel avanzado: la vacante lo pide y no figura en el CV.;dbc3ae586769d482cb1309411aec185f
1744;128;116;3;01/09/2026;3;3;4;2;4;3,2;3,2;Media;Revisión manual. Punto fuerte: experiencia.;Acreditar Odoo: la vacante lo pide y no figura en el CV.;dc4a815cd975a1b7a4abe5c4611d9745
1745;55;4;2;02/09/2026;3;2;2;5;3;3,7;3,7;Media;Punto fuerte: retribución. Cubre Euskera. Punto débil: habilidades pedidas: le falta Contabilidad, Pensamiento crítico.;Acreditar Contabilidad: la vacante lo pide y no figura en el CV.;bdc486f200cf51150a14741a79615248
1746;143;201;2;02/09/2026;5;1;3;3;3;3,5;3,3;Media;Punto fuerte: encaje con el rol. No acredita a buen nivel ninguna de las habilidades pedidas. Punto débil: habilidades pedidas: le falta Atención al cliente, Salesforce.;Acreditar Atención al cliente: la vacante lo pide y no figura en el CV.;37b731f4bbfdbd1bed4aea1a68770abb
1747;149;7;2;02/09/2026;2;2;1;3;1;2,9;2,8;Baja;Punto fuerte: retribución. No acredita a buen nivel ninguna de las habilidades pedidas. Punto débil: experiencia.;Acreditar Análisis estadístico: la vacante lo pide y no figura en el CV.;82a159c54a0f3e395db4aefcd55d422c
1748;126;51;2;02/09/2026;1;2;4;1;2;2,2;2,3;Baja;Punto fuerte: experiencia. No acredita a buen nivel ninguna de las habilidades pedidas. Punto débil: encaje con el rol.;Acreditar Prevención de riesgos: la vacante lo pide y no figura en el CV.;bf8badb65edb2a8201262f446f291c52
1749;41;221;2;02/09/2026;5;3;4;1;4;4,4;4,4;Alta;Punto fuerte: encaje con el rol. Cubre AutoCAD, Negociación. Punto débil: retribución.;Acreditar Euskera: la vacante lo pide y no figura en el CV.;cf600c52e19afdd30ba63b45cec43695
1750;126;3;2;02/09/2026;5;2;1;5;2;3,3;2,8;Media;Punto fuerte: encaje con el rol. Cubre Ciberseguridad. Punto débil: experiencia.;Acreditar Docker: la vacante lo pide y no figura en el CV.;bf8badb65edb2a8201262f446f291c52
1751;157;138;2;02/09/2026;1;1;3;3;1;2,0;1,6;Baja;Punto fuerte: experiencia. Cubre Negociación. Punto débil: encaje con el rol.;Acreditar Orientación a resultados: la vacante lo pide y no figura en el CV.;fa8572211f1f46e71c75a0cb5c0d2862
1752;137;96;2;02/09/2026;5;2;5;1;3;3,9;3,7;Media;Punto fuerte: encaje con el rol. Cubre SQL. Punto débil: retribución.;Acreditar Python: la vacante lo pide y no figura en el CV.;5b76544032609f36e5ba5e6a0363dd74
1753;146;229;2;02/09/2026;5;3;3;1;4;3,7;3,5;Media;Punto fuerte: encaje con el rol. Cubre Excel avanzado. Punto débil: retribución.;Acreditar Contabilidad: la vacante lo pide y no figura en el CV.;56850ee8ec9112d68fbd4ae58ed506d0
1754;91;133;2;02/09/2026;4;1;3;3;2;2,7;3,1;Baja;Punto fuerte: encaje con el rol. No acredita a buen nivel ninguna de las habilidades pedidas. Punto débil: habilidades pedidas: le falta Odoo, Organización.;Acreditar Odoo: la vacante lo pide y no figura en el CV.;be9bfff5f85dbd1ee4d9197b95ba39c9
1755;73;84;2;02/09/2026;2;3;3;4;3;3,3;3,0;Media;Punto fuerte: retribución. Cubre Inglés, Euskera. Punto débil: encaje con el rol.;Acreditar Comunicación: la vacante lo pide y no figura en el CV.;c7572b0b01ded11bb39dd474f5304968
1756;53;72;2;02/09/2026;2;1;5;2;2;2,6;2,7;Baja;Punto fuerte: experiencia. No acredita a buen nivel ninguna de las habilidades pedidas. Punto débil: habilidades pedidas: le falta Atención al cliente, Microsoft Office.;Acreditar Atención al cliente: la vacante lo pide y no figura en el CV.;d7dc5213f05e3731c1548793a9af61e6
1757;134;99;2;02/09/2026;1;1;2;4;1;2,2;2,4;Baja;Punto fuerte: retribución. No acredita a buen nivel ninguna de las habilidades pedidas. Punto débil: encaje con el rol.;Acreditar Salesforce: la vacante lo pide y no figura en el CV.;c29ac152f61bae4151b5cd27508b247c
1758;136;165;2;02/09/2026;5;2;3;1;3;3,6;3,1;Media;Punto fuerte: encaje con el rol. Cubre Prevención de riesgos, Mecanizado CNC. Punto débil: retribución.;Acreditar Autonomía: la vacante lo pide y no figura en el CV.;93b8c696e0f7935fa8ed76fd3fea1bd4
1759;124;206;2;02/09/2026;5;1;5;3;4;3,9;3,6;Media;Punto fuerte: encaje con el rol. Cubre Microsoft Office. Punto débil: habilidades pedidas: le falta Atención al cliente, Organización.;Acreditar Atención al cliente: la vacante lo pide y no figura en el CV.;88f59b2261aa4bf4c7aee145ba6dfe21
1760;142;91;2;02/09/2026;2;2;3;3;3;3,1;3,5;Media;Punto fuerte: experiencia. Cubre Atención al cliente. Punto débil: encaje con el rol.;Acreditar Orientación a resultados: la vacante lo pide y no figura en el CV.;e1fbe01088205acf3b93e7e64d89d141
1761;108;99;2;02/09/2026;4;2;4;3;2;3,9;3,9;Media;Punto fuerte: encaje con el rol. Cubre Atención al cliente. Punto débil: habilidades pedidas: le falta Salesforce, Negociación.;Acreditar Salesforce: la vacante lo pide y no figura en el CV.;d8dfe0f83e95120fd39310c95ef282a9
1762;124;112;2;02/09/2026;1;2;5;3;2;3,4;3,6;Media;Punto fuerte: experiencia. No acredita a buen nivel ninguna de las habilidades pedidas. Punto débil: encaje con el rol.;Acreditar Trabajo bajo presión: la vacante lo pide y no figura en el CV.;88f59b2261aa4bf4c7aee145ba6dfe21
1763;156;176;2;02/09/2026;2;1;3;2;2;2,4;2,4;Baja;Punto fuerte: experiencia. No acredita a buen nivel ninguna de las habilidades pedidas. Punto débil: habilidades pedidas: le falta Euskera, Atención al cliente.;Acreditar Euskera: la vacante lo pide y no figura en el CV.;a566a04df4a6ac6960076b84a0fa9402
1764;122;133;2;02/09/2026;2;1;1;3;1;1,9;2,3;Baja;Punto fuerte: retribución. No acredita a buen nivel ninguna de las habilidades pedidas. Punto débil: habilidades pedidas: le falta Odoo, Organización.;Acreditar Odoo: la vacante lo pide y no figura en el CV.;0f47f08a3ff2736019f0343b79efd27a
1765;130;124;2;02/09/2026;5;2;4;3;3;4,5;4,7;Alta;Punto fuerte: encaje con el rol. Cubre SAP, Pensamiento crítico. Punto débil: habilidades pedidas: le falta Excel avanzado, Atención al detalle.;Acreditar Excel avanzado: la vacante lo pide y no figura en el CV.;f418584dce751abda6c0d2aa093088b4
1766;126;193;2;02/09/2026;5;2;3;3;3;3,5;3,3;Media;Punto fuerte: encaje con el rol. No acredita a buen nivel ninguna de las habilidades pedidas. Punto débil: habilidades pedidas: le falta Microsoft Office, Odoo.;Acreditar Microsoft Office: la vacante lo pide y no figura en el CV.;bf8badb65edb2a8201262f446f291c52
1767;141;99;2;02/09/2026;4;1;3;3;2;2,7;2,4;Baja;Punto fuerte: encaje con el rol. No acredita a buen nivel ninguna de las habilidades pedidas. Punto débil: habilidades pedidas: le falta Atención al cliente, Salesforce.;Acreditar Atención al cliente: la vacante lo pide y no figura en el CV.;21048a31d97fe07cff16c453033b21c6
1768;137;102;2;02/09/2026;5;2;5;5;4;4,1;4,4;Alta;Punto fuerte: encaje con el rol. Cubre Gestión de proyectos. Punto débil: habilidades pedidas: le falta Excel avanzado, SAP.;Acreditar Excel avanzado: la vacante lo pide y no figura en el CV.;5b76544032609f36e5ba5e6a0363dd74
1769;135;51;2;02/09/2026;5;4;2;1;4;4,4;4,4;Alta;Punto fuerte: encaje con el rol. Cubre Negociación, Prevención de riesgos, Gestión de proyectos. Punto débil: retribución.;La retribución queda por debajo de su mínimo: solo compensa si prioriza la experiencia.;b9bc17dfc73171df3d3d1b8ba6e3f3d7
1770;146;194;2;02/09/2026;1;1;2;1;1;2,0;1,9;Baja;Sin puntos fuertes claros para este puesto. No acredita a buen nivel ninguna de las habilidades pedidas. Punto débil: encaje con el rol.;Acreditar Mecanizado CNC: la vacante lo pide y no figura en el CV.;56850ee8ec9112d68fbd4ae58ed506d0
1771;125;193;2;02/09/2026;5;4;2;2;4;4,5;4,1;Alta;Punto fuerte: encaje con el rol. Cubre Atención al cliente, Microsoft Office, Odoo. Punto débil: experiencia.;La retribución queda por debajo de su mínimo: solo compensa si prioriza la experiencia.;53a01c275e45eeaf2f82fc44b80aed50
1772;11;228;2;02/09/2026;1;1;3;1;2;2,4;2,4;Baja;Punto fuerte: experiencia. No acredita a buen nivel ninguna de las habilidades pedidas. Punto débil: encaje con el rol.;Acreditar Microsoft Office: la vacante lo pide y no figura en el CV.;3b883509efc39b7f91f118ac94557999
1773;33;112;2;02/09/2026;2;2;4;3;3;3,1;2,8;Media;Punto fuerte: experiencia. Cubre Trabajo bajo presión. Punto débil: encaje con el rol.;Acreditar Empatía: la vacante lo pide y no figura en el CV.;f56a53d6d06a56c7dbc5480afd08848d
1774;150;138;2;02/09/2026;5;2;3;4;3;4,0;3,9;Alta;Punto fuerte: encaje con el rol. Cubre Negociación. Punto débil: habilidades pedidas: le falta Orientación a resultados, Atención al cliente.;Acreditar Orientación a resultados: la vacante lo pide y no figura en el CV.;1a2ce1afdc167ba0c768c409b48f9d68
1775;155;117;2;02/09/2026;1;1;2;5;1;2,6;2,5;Baja;Punto fuerte: retribución. Cubre Negociación. Punto débil: encaje con el rol.;Acreditar Salesforce: la vacante lo pide y no figura en el CV.;3daea981a217068fe0d70fc6d50ff35f
1776;125;97;2;02/09/2026;1;2;1;4;1;2,0;2,1;Baja;Punto fuerte: retribución. No acredita a buen nivel ninguna de las habilidades pedidas. Punto débil: encaje con el rol.;Acreditar SAP: la vacante lo pide y no figura en el CV.;53a01c275e45eeaf2f82fc44b80aed50
1777;111;105;2;03/09/2026;1;2;5;3;3;3,2;3,0;Media;Punto fuerte: experiencia. Cubre Inglés, Euskera. Punto débil: encaje con el rol.;Acreditar Microsoft Office: la vacante lo pide y no figura en el CV.;c45621a527924aa068064fc20c28d2b9
1778;145;11;2;03/09/2026;5;1;3;1;2;3,2;3,0;Media;Punto fuerte: encaje con el rol. No acredita a buen nivel ninguna de las habilidades pedidas. Punto débil: habilidades pedidas: le falta Contabilidad, Organización.;Acreditar Contabilidad: la vacante lo pide y no figura en el CV.;c2eb8fcb9857632e30768c6103d4b9be
1779;48;204;2;03/09/2026;5;1;3;1;3;2,9;3,0;Baja;Punto fuerte: encaje con el rol. No acredita a buen nivel ninguna de las habilidades pedidas. Punto débil: habilidades pedidas: le falta Organización, Logística.;Acreditar Organización: la vacante lo pide y no figura en el CV.;6be6b4c03c998ee742d555c2c8441002
1780;153;63;2;03/09/2026;3;2;4;1;3;3,4;3,6;Media;Punto fuerte: experiencia. Cubre Atención al cliente, Euskera. Punto débil: retribución.;Acreditar Odoo: la vacante lo pide y no figura en el CV.;710b38a2942a0a29d089f09f45e0f558
1781;127;185;2;03/09/2026;2;2;3;1;2;2,5;2,0;Baja;Punto fuerte: experiencia. Cubre Organización. Punto débil: retribución.;Acreditar Microsoft Office: la vacante lo pide y no figura en el CV.;c84a1f2aca07835f87348ad25d5788ce
1782;152;146;2;03/09/2026;1;1;5;3;3;2,5;2,7;Baja;Punto fuerte: experiencia. No acredita a buen nivel ninguna de las habilidades pedidas. Punto débil: encaje con el rol.;Acreditar JavaScript: la vacante lo pide y no figura en el CV.;8873fba43883f8395187bc4151dee2b7
1783;158;212;2;03/09/2026;3;3;4;5;3;3,5;3,3;Media;Punto fuerte: retribución. Cubre Gestión de proyectos, Negociación. Punto débil: encaje con el rol.;Acreditar Prevención de riesgos: la vacante lo pide y no figura en el CV.;5d29dbd8e3bb9f77158ff25fac3b8b98
1784;30;16;2;03/09/2026;4;2;1;5;2;3,1;3,2;Media;Punto fuerte: retribución. Cubre SQL. Punto débil: experiencia.;Acreditar Docker: la vacante lo pide y no figura en el CV.;fdb15b3bc12281881d7d7b584622407a
1785;151;76;2;03/09/2026;2;1;2;2;1;1,9;1,9;Baja;Sin puntos fuertes claros para este puesto. No acredita a buen nivel ninguna de las habilidades pedidas. Punto débil: habilidades pedidas: le falta AutoCAD, Atención al detalle.;Acreditar AutoCAD: la vacante lo pide y no figura en el CV.;860fef57e449c16290ec480422622568
1786;138;240;2;03/09/2026;3;1;3;5;3;2,9;2,8;Baja;Punto fuerte: retribución. No acredita a buen nivel ninguna de las habilidades pedidas. Punto débil: habilidades pedidas: le falta Atención al cliente, Salesforce.;Acreditar Atención al cliente: la vacante lo pide y no figura en el CV.;bd300803255de7021b51593a83a286fc
1787;57;188;2;03/09/2026;2;1;3;3;2;2,8;3,0;Baja;Punto fuerte: experiencia. No acredita a buen nivel ninguna de las habilidades pedidas. Punto débil: habilidades pedidas: le falta Comunicación, Empatía.;Acreditar Comunicación: la vacante lo pide y no figura en el CV.;32e0331dbc878ffbd95b2b90ac4d72f2
1788;127;76;2;03/09/2026;5;3;2;2;4;4,5;4,2;Alta;Punto fuerte: encaje con el rol. Cubre AutoCAD, Atención al detalle. Punto débil: experiencia.;Acreditar Diseño gráfico: la vacante lo pide y no figura en el CV.;c84a1f2aca07835f87348ad25d5788ce
1789;44;204;2;03/09/2026;2;1;3;1;2;3,0;3,3;Media;Punto fuerte: experiencia. No acredita a buen nivel ninguna de las habilidades pedidas. Punto débil: habilidades pedidas: le falta Excel avanzado, Organización.;Acreditar Excel avanzado: la vacante lo pide y no figura en el CV.;2fd67b166cd5705953353f5169d02f1f
1790;127;139;2;03/09/2026;1;3;2;3;2;2,8;3,0;Baja;Punto fuerte: habilidades pedidas (Negociación, Inglés). Cubre Negociación, Inglés. Punto débil: encaje con el rol.;Acreditar Pensamiento crítico: la vacante lo pide y no figura en el CV.;c84a1f2aca07835f87348ad25d5788ce
1791;29;167;2;03/09/2026;2;1;4;3;2;2,9;2,9;Baja;Punto fuerte: experiencia. No acredita a buen nivel ninguna de las habilidades pedidas. Punto débil: habilidades pedidas: le falta Organización, Trabajo bajo presión.;Acreditar Organización: la vacante lo pide y no figura en el CV.;b613a75bd33c952658043c1eb97e8249
1792;131;84;2;03/09/2026;2;3;4;2;2;3,3;3,2;Media;Punto fuerte: experiencia. Cubre Negociación, Euskera. Punto débil: encaje con el rol.;Acreditar Comunicación: la vacante lo pide y no figura en el CV.;45588a90c274767764b39d2e889d2b68
1793;84;186;2;03/09/2026;5;1;3;3;2;3,4;3,5;Media;Punto fuerte: encaje con el rol. No acredita a buen nivel ninguna de las habilidades pedidas. Punto débil: habilidades pedidas: le falta Excel avanzado, Análisis estadístico.;Acreditar Excel avanzado: la vacante lo pide y no figura en el CV.;0831ec1ffe1f6dbf748301b6844105b2
1794;155;217;2;03/09/2026;1;2;4;1;3;2,5;2,3;Baja;Punto fuerte: experiencia. No acredita a buen nivel ninguna de las habilidades pedidas. Punto débil: encaje con el rol.;Acreditar Atención al cliente: la vacante lo pide y no figura en el CV.;3daea981a217068fe0d70fc6d50ff35f
1795;3;167;2;03/09/2026;2;2;4;3;2;2,7;2,5;Baja;Punto fuerte: experiencia. Cubre Creatividad. Punto débil: encaje con el rol.;Acreditar Organización: la vacante lo pide y no figura en el CV.;41639786d6f8a244b34cde0b836e6d9c
1796;61;122;2;03/09/2026;1;1;2;5;1;2,1;2,0;Baja;Punto fuerte: retribución. No acredita a buen nivel ninguna de las habilidades pedidas. Punto débil: encaje con el rol.;Acreditar Prevención de riesgos: la vacante lo pide y no figura en el CV.;d7a2a9311dd06523dd3279716cd6f7c7
1797;155;241;2;03/09/2026;2;1;3;3;2;2,6;2,9;Baja;Punto fuerte: experiencia. No acredita a buen nivel ninguna de las habilidades pedidas. Punto débil: habilidades pedidas: le falta Comunicación, Pensamiento crítico.;Acreditar Comunicación: la vacante lo pide y no figura en el CV.;3daea981a217068fe0d70fc6d50ff35f
1798;139;105;2;03/09/2026;2;2;2;3;3;2,9;2,6;Baja;Punto fuerte: retribución. Cubre Inglés, Euskera. Punto débil: encaje con el rol.;Acreditar Microsoft Office: la vacante lo pide y no figura en el CV.;b9761c2b467377880cd97108334940d7
1799;153;185;2;03/09/2026;2;2;4;2;1;3,1;3,1;Media;Punto fuerte: experiencia. Cubre Atención al cliente. Punto débil: probabilidad de entrevista.;Acreditar Microsoft Office: la vacante lo pide y no figura en el CV.;710b38a2942a0a29d089f09f45e0f558
1800;161;241;2;03/09/2026;5;1;3;3;2;3,1;2,7;Media;Punto fuerte: encaje con el rol. No acredita a buen nivel ninguna de las habilidades pedidas. Punto débil: habilidades pedidas: le falta Comunicación, Inglés.;Acreditar Comunicación: la vacante lo pide y no figura en el CV.;0d8b6979fcb2a36e43ca75f4a7bb1976
1801;134;60;2;03/09/2026;4;2;3;3;3;3,6;3,3;Media;Punto fuerte: encaje con el rol. Cubre Mecanizado CNC. Punto débil: habilidades pedidas: le falta Prevención de riesgos, Autonomía.;Acreditar Prevención de riesgos: la vacante lo pide y no figura en el CV.;c29ac152f61bae4151b5cd27508b247c
1802;56;212;2;03/09/2026;4;4;5;3;5;4,8;4,6;Alta;Punto fuerte: experiencia. Cubre Prevención de riesgos, Gestión de proyectos, AutoCAD. Punto débil: retribución.;Pocas mejoras posibles: preparar la entrevista.;29f6492552b6da6c91a1e236597abf82
1803;117;85;4;03/09/2026;3;2;2;1;3;3,4;3,4;Media;Revisión manual. Punto fuerte: encaje con el rol.;Acreditar Atención al cliente: la vacante lo pide y no figura en el CV.;35b6487636b234fe1f4efe057b30b1e2
1804;155;84;4;03/09/2026;1;2;3;2;2;1,8;1,8;Baja;Revisión manual. Punto fuerte: experiencia.;Acreditar Comunicación: la vacante lo pide y no figura en el CV.;3daea981a217068fe0d70fc6d50ff35f
1805;128;212;2;04/09/2026;1;2;3;4;1;2,6;2,7;Baja;Punto fuerte: retribución. Cubre Negociación. Punto débil: encaje con el rol.;Acreditar Prevención de riesgos: la vacante lo pide y no figura en el CV.;dc4a815cd975a1b7a4abe5c4611d9745
1806;146;114;2;04/09/2026;5;2;3;3;3;3,9;3,6;Media;Punto fuerte: encaje con el rol. Cubre Negociación. Punto débil: habilidades pedidas: le falta Salesforce, Orientación a resultados.;Acreditar Salesforce: la vacante lo pide y no figura en el CV.;56850ee8ec9112d68fbd4ae58ed506d0
1807;126;212;2;04/09/2026;2;1;3;5;2;2,8;3,1;Baja;Punto fuerte: retribución. No acredita a buen nivel ninguna de las habilidades pedidas. Punto débil: habilidades pedidas: le falta Prevención de riesgos, Gestión de proyectos.;Acreditar Prevención de riesgos: la vacante lo pide y no figura en el CV.;bf8badb65edb2a8201262f446f291c52
1808;77;206;2;04/09/2026;5;2;2;3;2;3,3;3,0;Media;Punto fuerte: encaje con el rol. Cubre Euskera. Punto débil: habilidades pedidas: le falta Atención al cliente, Microsoft Office.;Acreditar Atención al cliente: la vacante lo pide y no figura en el CV.;6b2ecdff913c1a67b7a1efcffbace6d8
1809;141;94;2;04/09/2026;1;1;3;3;2;1,9;2,3;Baja;Punto fuerte: experiencia. Cubre Euskera. Punto débil: encaje con el rol.;Acreditar SQL: la vacante lo pide y no figura en el CV.;21048a31d97fe07cff16c453033b21c6
1810;130;191;2;04/09/2026;5;3;3;3;4;4,6;4,9;Alta;Punto fuerte: encaje con el rol. Cubre Pensamiento crítico, Euskera. Punto débil: habilidades pedidas: le falta Excel avanzado, Atención al detalle.;Acreditar Excel avanzado: la vacante lo pide y no figura en el CV.;f418584dce751abda6c0d2aa093088b4
1811;156;233;2;04/09/2026;2;1;3;1;2;2,6;2,5;Baja;Punto fuerte: experiencia. No acredita a buen nivel ninguna de las habilidades pedidas. Punto débil: habilidades pedidas: le falta Euskera, Atención al cliente.;Acreditar Euskera: la vacante lo pide y no figura en el CV.;a566a04df4a6ac6960076b84a0fa9402
1812;146;213;2;04/09/2026;1;1;2;1;1;1,9;2,3;Baja;Sin puntos fuertes claros para este puesto. No acredita a buen nivel ninguna de las habilidades pedidas. Punto débil: encaje con el rol.;Acreditar Trabajo bajo presión: la vacante lo pide y no figura en el CV.;56850ee8ec9112d68fbd4ae58ed506d0
1813;143;195;2;04/09/2026;5;1;4;3;1;3,4;3,1;Media;Punto fuerte: encaje con el rol. No acredita a buen nivel ninguna de las habilidades pedidas. Punto débil: habilidades pedidas: le falta Orientación a resultados, Atención al cliente.;Acreditar Orientación a resultados: la vacante lo pide y no figura en el CV.;37b731f4bbfdbd1bed4aea1a68770abb
1814;128;168;2;04/09/2026;5;1;3;3;2;3,4;3,3;Media;Punto fuerte: encaje con el rol. No acredita a buen nivel ninguna de las habilidades pedidas. Punto débil: habilidades pedidas: le falta Prevención de riesgos, Mecanizado CNC.;Acreditar Prevención de riesgos: la vacante lo pide y no figura en el CV.;dc4a815cd975a1b7a4abe5c4611d9745
1815;109;108;2;04/09/2026;4;1;5;1;2;3,2;3,1;Media;Punto fuerte: experiencia. No acredita a buen nivel ninguna de las habilidades pedidas. Punto débil: habilidades pedidas: le falta Autonomía, Prevención de riesgos.;Acreditar Autonomía: la vacante lo pide y no figura en el CV.;8c05856918be966f9ef0b4acf5cb8f27
1816;40;94;2;04/09/2026;2;1;2;5;2;2,4;2,8;Baja;Punto fuerte: retribución. No acredita a buen nivel ninguna de las habilidades pedidas. Punto débil: habilidades pedidas: le falta SQL, Git.;Acreditar SQL: la vacante lo pide y no figura en el CV.;9787e8ce8f1ff73732a864352c285885
1817;158;250;2;04/09/2026;2;1;5;4;2;2,7;2,9;Baja;Punto fuerte: experiencia. No acredita a buen nivel ninguna de las habilidades pedidas. Punto débil: habilidades pedidas: le falta Atención al cliente, Euskera.;Acreditar Atención al cliente: la vacante lo pide y no figura en el CV.;5d29dbd8e3bb9f77158ff25fac3b8b98
1818;161;186;2;04/09/2026;2;1;4;3;3;2,8;2,8;Baja;Punto fuerte: experiencia. Cubre Excel avanzado. Punto débil: habilidades pedidas: le falta Análisis estadístico, Power BI.;Acreditar Análisis estadístico: la vacante lo pide y no figura en el CV.;0d8b6979fcb2a36e43ca75f4a7bb1976
1819;12;84;2;04/09/2026;2;3;3;1;3;3,2;3,3;Media;Punto fuerte: habilidades pedidas (Negociación, Inglés). Cubre Negociación, Inglés. Punto débil: retribución.;Acreditar Pensamiento crítico: la vacante lo pide y no figura en el CV.;71000804a77686a1db7205c014abe342
1820;145;146;2;04/09/2026;1;1;3;1;2;2,4;2,7;Baja;Punto fuerte: experiencia. No acredita a buen nivel ninguna de las habilidades pedidas. Punto débil: encaje con el rol.;Acreditar JavaScript: la vacante lo pide y no figura en el CV.;c2eb8fcb9857632e30768c6103d4b9be
1821;151;94;2;04/09/2026;5;2;1;5;3;3,8;3,7;Media;Punto fuerte: encaje con el rol. Cubre Git, Euskera. Punto débil: experiencia.;Acreditar SQL: la vacante lo pide y no figura en el CV.;860fef57e449c16290ec480422622568
1822;69;72;2;04/09/2026;1;1;3;1;1;1,6;1,4;Baja;Punto fuerte: experiencia. Cubre Inglés. Punto débil: encaje con el rol.;Acreditar Atención al cliente: la vacante lo pide y no figura en el CV.;7acbc14f03275bc7b352029c8f0b9bc1
1823;99;112;2;04/09/2026;5;3;3;2;4;4,6;5,0;Alta;Punto fuerte: encaje con el rol. Cubre Euskera. Punto débil: retribución.;Acreditar Empatía: la vacante lo pide y no figura en el CV.;46dcc44cf0c4cc192a18786d8bbcbefc
1824;153;94;2;04/09/2026;4;2;3;5;3;3,7;3,5;Media;Punto fuerte: retribución. Cubre Git, Euskera. Punto débil: habilidades pedidas: le falta SQL, Python.;Acreditar SQL: la vacante lo pide y no figura en el CV.;710b38a2942a0a29d089f09f45e0f558
1825;74;122;2;04/09/2026;3;1;1;3;1;2,8;3,0;Baja;Punto fuerte: encaje con el rol. No acredita a buen nivel ninguna de las habilidades pedidas. Punto débil: habilidades pedidas: le falta Prevención de riesgos, Autonomía.;Acreditar Prevención de riesgos: la vacante lo pide y no figura en el CV.;670d890f4ae2ab6b18accfa8c5a36fe3
1826;106;188;2;04/09/2026;2;3;2;3;4;3,5;3,5;Media;Punto fuerte: probabilidad de entrevista. Cubre Comunicación, Negociación. Punto débil: encaje con el rol.;Acreditar Empatía: la vacante lo pide y no figura en el CV.;1d34b2b4a5c33959f0ee775925dcb0e2
1827;32;55;2;04/09/2026;1;2;3;3;2;2,5;2,7;Baja;Punto fuerte: experiencia. Cubre Pensamiento crítico. Punto débil: encaje con el rol.;Acreditar Comunicación: la vacante lo pide y no figura en el CV.;75dca3528dcbd1edfbded4bb0601c459
1828;55;55;2;04/09/2026;2;2;1;5;1;2,4;2,4;Baja;Punto fuerte: retribución. Cubre Comunicación. Punto débil: experiencia.;Acreditar Pensamiento crítico: la vacante lo pide y no figura en el CV.;bdc486f200cf51150a14741a79615248
1829;122;94;2;04/09/2026;5;3;1;3;2;3,9;3,6;Media;Punto fuerte: encaje con el rol. Cubre Git, Python. Punto débil: experiencia.;Acreditar SQL: la vacante lo pide y no figura en el CV.;0f47f08a3ff2736019f0343b79efd27a
1830;132;54;2;04/09/2026;2;2;2;4;2;2,5;2,4;Baja;Punto fuerte: retribución. Cubre Creatividad. Punto débil: encaje con el rol.;Acreditar Google Analytics: la vacante lo pide y no figura en el CV.;2ecb9edf8ba799d8e907738b02e00593
1831;162;94;2;04/09/2026;3;2;1;5;2;3,2;3,5;Media;Punto fuerte: retribución. No acredita a buen nivel ninguna de las habilidades pedidas. Punto débil: experiencia.;Acreditar SQL: la vacante lo pide y no figura en el CV.;f9238315c503426a5187792f7e358491
1832;156;27;2;04/09/2026;5;5;1;5;4;5,0;4,9;Alta;Punto fuerte: encaje con el rol. Cubre Gestión de proyectos, Prevención de riesgos, AutoCAD. Punto débil: experiencia.;Sumar experiencia práctica en el sector (prácticas o proyecto).;a566a04df4a6ac6960076b84a0fa9402
1833;136;11;2;04/09/2026;2;1;2;4;1;2,5;2,3;Baja;Punto fuerte: retribución. No acredita a buen nivel ninguna de las habilidades pedidas. Punto débil: habilidades pedidas: le falta Contabilidad, Organización.;Acreditar Contabilidad: la vacante lo pide y no figura en el CV.;93b8c696e0f7935fa8ed76fd3fea1bd4
1834;9;94;2;04/09/2026;3;1;1;5;1;2,3;2,2;Baja;Punto fuerte: retribución. No acredita a buen nivel ninguna de las habilidades pedidas. Punto débil: habilidades pedidas: le falta SQL, Git.;Acreditar SQL: la vacante lo pide y no figura en el CV.;2a84e3ebb2f9f0e3841cbb047491fc45
1835;126;3;3;04/09/2026;5;2;1;5;2;3,7;3,7;Media;Revisión manual. Punto fuerte: encaje con el rol.;Acreditar Docker: la vacante lo pide y no figura en el CV.;bf8badb65edb2a8201262f446f291c52
1836;19;167;3;04/09/2026;5;2;4;3;1;3,3;3,3;Media;Revisión manual. Punto fuerte: encaje con el rol.;Acreditar Organización: la vacante lo pide y no figura en el CV.;07de0c3b759cac6c75f836ee50a4ea34
1837;4;72;2;05/09/2026;4;2;4;2;3;3,6;3,3;Media;Punto fuerte: encaje con el rol. Cubre Inglés. Punto débil: habilidades pedidas: le falta Atención al cliente, Microsoft Office.;Acreditar Atención al cliente: la vacante lo pide y no figura en el CV.;c87557ecf671fcc862d8f4c7c86bcd1e
1838;76;94;2;05/09/2026;1;2;2;3;2;2,7;2,6;Baja;Punto fuerte: retribución. No acredita a buen nivel ninguna de las habilidades pedidas. Punto débil: encaje con el rol.;Acreditar SQL: la vacante lo pide y no figura en el CV.;4cfd825587a78dd0bc54d9398a050a4f
1839;151;184;2;05/09/2026;3;1;1;5;2;2,6;2,7;Baja;Punto fuerte: retribución. Cubre Euskera. Punto débil: habilidades pedidas: le falta AutoCAD, Gestión de proyectos.;Acreditar AutoCAD: la vacante lo pide y no figura en el CV.;860fef57e449c16290ec480422622568
1840;149;134;2;05/09/2026;5;1;3;3;3;3,8;3,3;Media;Punto fuerte: encaje con el rol. Cubre WordPress. Punto débil: habilidades pedidas: le falta Creatividad, Google Analytics.;Acreditar Creatividad: la vacante lo pide y no figura en el CV.;82a159c54a0f3e395db4aefcd55d422c
1841;164;23;2;05/09/2026;2;1;5;1;2;2,3;2,6;Baja;Punto fuerte: experiencia. Cubre Inglés. Punto débil: habilidades pedidas: le falta Atención al cliente, Francés.;Acreditar Atención al cliente: la vacante lo pide y no figura en el CV.;38e8e7a51bf6f3308187ee8de56882e0
1842;134;186;2;05/09/2026;2;1;3;2;2;2,3;2,2;Baja;Punto fuerte: experiencia. No acredita a buen nivel ninguna de las habilidades pedidas. Punto débil: habilidades pedidas: le falta Excel avanzado, Análisis estadístico.;Acreditar Excel avanzado: la vacante lo pide y no figura en el CV.;c29ac152f61bae4151b5cd27508b247c
1843;155;94;2;05/09/2026;5;2;1;5;2;3,6;3,3;Media;Punto fuerte: encaje con el rol. Cubre SQL. Punto débil: experiencia.;Acreditar Git: la vacante lo pide y no figura en el CV.;3daea981a217068fe0d70fc6d50ff35f
1844;130;222;2;05/09/2026;2;2;2;3;2;3,0;3,1;Media;Punto fuerte: retribución. Cubre Euskera. Punto débil: encaje con el rol.;Acreditar Prevención de riesgos: la vacante lo pide y no figura en el CV.;f418584dce751abda6c0d2aa093088b4
1845;151;96;2;05/09/2026;4;2;3;1;4;3,6;3,3;Media;Punto fuerte: encaje con el rol. Cubre Euskera. Punto débil: retribución.;Acreditar SQL: la vacante lo pide y no figura en el CV.;860fef57e449c16290ec480422622568
1846;154;32;2;05/09/2026;1;2;3;1;2;2,4;2,3;Baja;Punto fuerte: experiencia. Cubre Euskera. Punto débil: encaje con el rol.;Acreditar Trabajo bajo presión: la vacante lo pide y no figura en el CV.;40d5713c4e493091a4de62d1b6f17725
1847;97;122;2;05/09/2026;2;1;1;3;2;2,1;2,0;Baja;Punto fuerte: retribución. No acredita a buen nivel ninguna de las habilidades pedidas. Punto débil: habilidades pedidas: le falta Prevención de riesgos, Autonomía.;Acreditar Prevención de riesgos: la vacante lo pide y no figura en el CV.;d508c96e4333f9d60045fde2eabe6d65
1848;152;94;2;05/09/2026;3;1;4;3;3;3,0;3,0;Media;Punto fuerte: experiencia. Cubre Euskera. Punto débil: habilidades pedidas: le falta SQL, Git.;Acreditar SQL: la vacante lo pide y no figura en el CV.;8873fba43883f8395187bc4151dee2b7
1849;148;109;2;05/09/2026;5;3;3;5;4;4,9;4,6;Alta;Punto fuerte: encaje con el rol. Cubre Git, Java. Punto débil: habilidades pedidas: le falta JavaScript.;Acreditar JavaScript: la vacante lo pide y no figura en el CV.;a1fb51b5acf6fea67481767b1124826c
1850;82;165;2;05/09/2026;5;2;5;1;3;4,3;4,0;Alta;Punto fuerte: encaje con el rol. Cubre Resolución de problemas. Punto débil: retribución.;Acreditar Autonomía: la vacante lo pide y no figura en el CV.;3ec0b79b25325c03b9a45736b8998523
1851;88;7;2;05/09/2026;2;1;4;3;3;2,7;3,1;Baja;Punto fuerte: experiencia. No acredita a buen nivel ninguna de las habilidades pedidas. Punto débil: habilidades pedidas: le falta Análisis estadístico, Atención al detalle.;Acreditar Análisis estadístico: la vacante lo pide y no figura en el CV.;003d3d1722fa228dec7454b99b38765f
1852;150;206;2;05/09/2026;5;2;3;3;3;4,2;4,1;Alta;Punto fuerte: encaje con el rol. Cubre Organización, Euskera. Punto débil: habilidades pedidas: le falta Atención al cliente, Microsoft Office.;Acreditar Atención al cliente: la vacante lo pide y no figura en el CV.;1a2ce1afdc167ba0c768c409b48f9d68
1853;140;104;2;05/09/2026;5;2;4;5;3;4,2;4,1;Alta;Punto fuerte: encaje con el rol. Cubre Excel avanzado, SQL, Euskera. Punto débil: habilidades pedidas: le falta Análisis estadístico, Python.;Acreditar Análisis estadístico: la vacante lo pide y no figura en el CV.;15e568d91eb2fc6aae516c36f36f1a4d
1854;159;203;2;05/09/2026;4;3;2;1;4;3,8;3,6;Media;Punto fuerte: encaje con el rol. Cubre Trabajo bajo presión. Punto débil: retribución.;Acreditar Euskera: la vacante lo pide y no figura en el CV.;b1bdb644996d3212d5a36bf6de031257
1855;40;39;2;05/09/2026;2;1;1;5;1;2,1;2,3;Baja;Punto fuerte: retribución. No acredita a buen nivel ninguna de las habilidades pedidas. Punto débil: habilidades pedidas: le falta Redes, Docker.;Acreditar Redes: la vacante lo pide y no figura en el CV.;9787e8ce8f1ff73732a864352c285885
1856;136;204;2;05/09/2026;2;1;4;1;2;2,3;2,2;Baja;Punto fuerte: experiencia. No acredita a buen nivel ninguna de las habilidades pedidas. Punto débil: habilidades pedidas: le falta Excel avanzado, Organización.;Acreditar Excel avanzado: la vacante lo pide y no figura en el CV.;93b8c696e0f7935fa8ed76fd3fea1bd4
1857;142;46;2;05/09/2026;3;2;1;5;1;2,7;2,7;Baja;Punto fuerte: retribución. Cubre Comunicación. Punto débil: experiencia.;Acreditar Empatía: la vacante lo pide y no figura en el CV.;e1fbe01088205acf3b93e7e64d89d141
1858;130;247;2;05/09/2026;1;3;3;3;2;2,9;3,1;Baja;Punto fuerte: habilidades pedidas (Euskera). Cubre Euskera. Punto débil: encaje con el rol.;Acreditar Negociación: la vacante lo pide y no figura en el CV.;f418584dce751abda6c0d2aa093088b4
1859;130;100;2;05/09/2026;2;1;4;2;1;2,4;2,0;Baja;Punto fuerte: experiencia. No acredita a buen nivel ninguna de las habilidades pedidas. Punto débil: habilidades pedidas: le falta Atención al cliente, Microsoft Office.;Acreditar Atención al cliente: la vacante lo pide y no figura en el CV.;f418584dce751abda6c0d2aa093088b4
1860;122;189;2;05/09/2026;2;2;3;3;2;2,9;2,9;Baja;Punto fuerte: experiencia. No acredita a buen nivel ninguna de las habilidades pedidas. Punto débil: encaje con el rol.;Acreditar Trabajo en equipo: la vacante lo pide y no figura en el CV.;0f47f08a3ff2736019f0343b79efd27a
1861;161;94;2;05/09/2026;2;1;2;5;2;2,7;2,8;Baja;Punto fuerte: retribución. No acredita a buen nivel ninguna de las habilidades pedidas. Punto débil: habilidades pedidas: le falta SQL, Git.;Acreditar SQL: la vacante lo pide y no figura en el CV.;0d8b6979fcb2a36e43ca75f4a7bb1976
1862;137;245;2;05/09/2026;5;2;5;5;4;4,1;4,3;Alta;Punto fuerte: encaje con el rol. Cubre Resolución de problemas, Gestión de proyectos. Punto débil: habilidades pedidas: le falta Excel avanzado.;Acreditar Excel avanzado: la vacante lo pide y no figura en el CV.;5b76544032609f36e5ba5e6a0363dd74
1863;42;133;2;05/09/2026;4;1;2;3;1;3,0;3,0;Media;Punto fuerte: encaje con el rol. No acredita a buen nivel ninguna de las habilidades pedidas. Punto débil: habilidades pedidas: le falta Odoo, Organización.;Acreditar Odoo: la vacante lo pide y no figura en el CV.;7a6776a88d11967e775be432e4a0aef0
1864;160;47;2;05/09/2026;5;1;1;5;2;3,6;3,7;Media;Punto fuerte: encaje con el rol. Cubre Figma. Punto débil: habilidades pedidas: le falta Creatividad, Empatía.;Acreditar Creatividad: la vacante lo pide y no figura en el CV.;f9fae36eb913d8400aef78c996db9518
1865;161;116;2;05/09/2026;5;1;3;2;3;3,7;3,5;Media;Punto fuerte: encaje con el rol. No acredita a buen nivel ninguna de las habilidades pedidas. Punto débil: habilidades pedidas: le falta Odoo, Organización.;Acreditar Odoo: la vacante lo pide y no figura en el CV.;0d8b6979fcb2a36e43ca75f4a7bb1976
1866;109;228;2;05/09/2026;1;2;5;2;2;2,9;2,6;Baja;Punto fuerte: experiencia. No acredita a buen nivel ninguna de las habilidades pedidas. Punto débil: encaje con el rol.;Acreditar Microsoft Office: la vacante lo pide y no figura en el CV.;8c05856918be966f9ef0b4acf5cb8f27
1867;136;155;2;05/09/2026;2;3;4;2;4;4,2;4,1;Alta;Punto fuerte: experiencia. Cubre Prevención de riesgos. Punto débil: encaje con el rol.;Acreditar Soldadura: la vacante lo pide y no figura en el CV.;93b8c696e0f7935fa8ed76fd3fea1bd4
1868;155;149;2;05/09/2026;2;1;1;5;2;2,3;2,2;Baja;Punto fuerte: retribución. No acredita a buen nivel ninguna de las habilidades pedidas. Punto débil: habilidades pedidas: le falta Creatividad, Figma.;Acreditar Creatividad: la vacante lo pide y no figura en el CV.;3daea981a217068fe0d70fc6d50ff35f
1869;12;228;2;05/09/2026;4;2;3;1;3;3,5;3,3;Media;Punto fuerte: encaje con el rol. Cubre Empatía. Punto débil: retribución.;Acreditar Microsoft Office: la vacante lo pide y no figura en el CV.;71000804a77686a1db7205c014abe342
1870;141;218;2;05/09/2026;4;1;4;3;4;3,1;3,3;Media;Punto fuerte: encaje con el rol. No acredita a buen nivel ninguna de las habilidades pedidas. Punto débil: habilidades pedidas: le falta Trabajo en equipo, Trabajo bajo presión.;Acreditar Trabajo en equipo: la vacante lo pide y no figura en el CV.;21048a31d97fe07cff16c453033b21c6
1871;84;216;2;05/09/2026;2;1;4;3;2;2,4;2,3;Baja;Punto fuerte: experiencia. Cubre Euskera. Punto débil: habilidades pedidas: le falta Organización, Odoo.;Acreditar Organización: la vacante lo pide y no figura en el CV.;0831ec1ffe1f6dbf748301b6844105b2
1872;164;176;2;05/09/2026;5;2;4;1;3;4,3;4,1;Alta;Punto fuerte: encaje con el rol. Cubre Inglés. Punto débil: retribución.;Acreditar Euskera: la vacante lo pide y no figura en el CV.;38e8e7a51bf6f3308187ee8de56882e0
1873;22;29;2;05/09/2026;1;2;3;1;1;2,0;2,5;Baja;Punto fuerte: experiencia. No acredita a buen nivel ninguna de las habilidades pedidas. Punto débil: encaje con el rol.;Acreditar Trabajo bajo presión: la vacante lo pide y no figura en el CV.;b014218a24551d0c092d944009a50535
1874;150;229;2;05/09/2026;5;2;4;1;3;4,3;4,3;Alta;Punto fuerte: encaje con el rol. Cubre Excel avanzado. Punto débil: retribución.;Acreditar Contabilidad: la vacante lo pide y no figura en el CV.;1a2ce1afdc167ba0c768c409b48f9d68
1875;146;210;2;05/09/2026;2;1;3;2;3;2,5;2,3;Baja;Punto fuerte: experiencia. No acredita a buen nivel ninguna de las habilidades pedidas. Punto débil: habilidades pedidas: le falta Atención al detalle, AutoCAD.;Acreditar Atención al detalle: la vacante lo pide y no figura en el CV.;56850ee8ec9112d68fbd4ae58ed506d0
1876;142;117;2;05/09/2026;2;2;2;5;2;3,4;3,4;Media;Punto fuerte: retribución. Cubre Atención al cliente. Punto débil: encaje con el rol.;Acreditar Negociación: la vacante lo pide y no figura en el CV.;e1fbe01088205acf3b93e7e64d89d141
1877;19;181;2;05/09/2026;5;2;3;1;4;3,8;3,6;Media;Punto fuerte: encaje con el rol. Cubre Autonomía. Punto débil: retribución.;Acreditar Soldadura: la vacante lo pide y no figura en el CV.;07de0c3b759cac6c75f836ee50a4ea34
1878;154;26;2;05/09/2026;2;2;4;1;2;2,7;2,3;Baja;Punto fuerte: experiencia. Cubre Euskera. Punto débil: retribución.;Acreditar Logística: la vacante lo pide y no figura en el CV.;40d5713c4e493091a4de62d1b6f17725
1879;88;112;2;05/09/2026;2;2;4;3;3;3,5;3,7;Media;Punto fuerte: experiencia. Cubre Euskera. Punto débil: encaje con el rol.;Acreditar Empatía: la vacante lo pide y no figura en el CV.;003d3d1722fa228dec7454b99b38765f
1880;11;13;2;05/09/2026;2;1;1;5;1;2,2;2,2;Baja;Punto fuerte: retribución. Cubre Euskera. Punto débil: habilidades pedidas: le falta Creatividad, Comunicación.;Acreditar Creatividad: la vacante lo pide y no figura en el CV.;3b883509efc39b7f91f118ac94557999
1881;55;221;2;05/09/2026;2;2;4;1;3;3,0;3,0;Media;Punto fuerte: experiencia. Cubre Euskera. Punto débil: retribución.;Acreditar Gestión de proyectos: la vacante lo pide y no figura en el CV.;bdc486f200cf51150a14741a79615248
1882;59;78;2;05/09/2026;3;1;1;3;1;2,3;2,6;Baja;Punto fuerte: encaje con el rol. No acredita a buen nivel ninguna de las habilidades pedidas. Punto débil: habilidades pedidas: le falta Mecanizado CNC, Resolución de problemas.;Acreditar Mecanizado CNC: la vacante lo pide y no figura en el CV.;76c5a1f362a8c28dc86ec1e008398a92
1883;121;224;3;05/09/2026;4;1;1;2;1;2,5;2,5;Baja;Revisión manual. Punto fuerte: encaje con el rol.;Acreditar Java: la vacante lo pide y no figura en el CV.;cb39e08210413c9765882bcc9841220f
1884;122;94;4;05/09/2026;5;4;1;3;3;3,6;3,6;Media;Revisión manual. Punto fuerte: encaje con el rol.;Acreditar SQL: la vacante lo pide y no figura en el CV.;0f47f08a3ff2736019f0343b79efd27a
1885;137;221;2;06/09/2026;1;2;5;1;3;3,2;3,0;Media;Punto fuerte: experiencia. Cubre Gestión de proyectos. Punto débil: encaje con el rol.;Acreditar AutoCAD: la vacante lo pide y no figura en el CV.;5b76544032609f36e5ba5e6a0363dd74
1886;153;229;2;06/09/2026;3;1;4;1;3;3,3;3,6;Media;Punto fuerte: experiencia. No acredita a buen nivel ninguna de las habilidades pedidas. Punto débil: habilidades pedidas: le falta Excel avanzado, Contabilidad.;Acreditar Excel avanzado: la vacante lo pide y no figura en el CV.;710b38a2942a0a29d089f09f45e0f558
1887;111;84;2;06/09/2026;3;3;5;1;4;3,8;3,5;Media;Punto fuerte: experiencia. Cubre Comunicación, Inglés, Euskera. Punto débil: retribución.;Acreditar Pensamiento crítico: la vacante lo pide y no figura en el CV.;c45621a527924aa068064fc20c28d2b9
1888;161;151;2;06/09/2026;3;1;2;5;1;2,5;2,6;Baja;Punto fuerte: retribución. No acredita a buen nivel ninguna de las habilidades pedidas. Punto débil: habilidades pedidas: le falta Creatividad, Photoshop.;Acreditar Creatividad: la vacante lo pide y no figura en el CV.;0d8b6979fcb2a36e43ca75f4a7bb1976
1889;80;39;2;06/09/2026;2;1;1;4;1;2,2;2,2;Baja;Punto fuerte: retribución. No acredita a buen nivel ninguna de las habilidades pedidas. Punto débil: habilidades pedidas: le falta Redes, Docker.;Acreditar Redes: la vacante lo pide y no figura en el CV.;0ab41c1e90b3e44375989152324bc3dc
1890;139;197;2;06/09/2026;2;2;2;4;2;3,1;2,9;Media;Punto fuerte: retribución. Cubre Euskera. Punto débil: encaje con el rol.;Acreditar Autonomía: la vacante lo pide y no figura en el CV.;b9761c2b467377880cd97108334940d7
1891;141;222;2;06/09/2026;4;2;3;3;3;3,6;3,7;Media;Punto fuerte: encaje con el rol. Cubre Autonomía, Euskera. Punto débil: habilidades pedidas: le falta Prevención de riesgos, Soldadura.;Acreditar Prevención de riesgos: la vacante lo pide y no figura en el CV.;21048a31d97fe07cff16c453033b21c6
1892;110;122;2;06/09/2026;4;1;3;4;2;3,0;3,3;Media;Punto fuerte: encaje con el rol. No acredita a buen nivel ninguna de las habilidades pedidas. Punto débil: habilidades pedidas: le falta Prevención de riesgos, Autonomía.;Acreditar Prevención de riesgos: la vacante lo pide y no figura en el CV.;30513ba705d6e6ed3ff594b5995fe27c
1893;149;201;2;06/09/2026;5;2;1;5;2;3,8;3,5;Media;Punto fuerte: encaje con el rol. Cubre Salesforce. Punto débil: experiencia.;Acreditar Atención al cliente: la vacante lo pide y no figura en el CV.;82a159c54a0f3e395db4aefcd55d422c
1894;152;128;2;06/09/2026;2;2;3;3;3;3,2;3,4;Media;Punto fuerte: experiencia. Cubre Excel avanzado. Punto débil: encaje con el rol.;Acreditar Análisis estadístico: la vacante lo pide y no figura en el CV.;8873fba43883f8395187bc4151dee2b7
1895;56;49;2;06/09/2026;1;1;5;5;3;2,7;2,8;Baja;Punto fuerte: experiencia. Cubre Euskera. Punto débil: encaje con el rol.;Acreditar Python: la vacante lo pide y no figura en el CV.;29f6492552b6da6c91a1e236597abf82
1896;160;229;2;06/09/2026;1;1;3;2;2;2,3;2,8;Baja;Punto fuerte: experiencia. No acredita a buen nivel ninguna de las habilidades pedidas. Punto débil: encaje con el rol.;Acreditar Excel avanzado: la vacante lo pide y no figura en el CV.;f9fae36eb913d8400aef78c996db9518
1897;80;115;2;06/09/2026;5;3;3;3;3;4,0;4,1;Alta;Punto fuerte: encaje con el rol. Cubre Comunicación. Punto débil: habilidades pedidas: le falta Empatía.;Acreditar Empatía: la vacante lo pide y no figura en el CV.;0ab41c1e90b3e44375989152324bc3dc
1898;120;55;2;06/09/2026;5;3;3;3;3;3,9;4,6;Media;Punto fuerte: encaje con el rol. Cubre Inglés, Negociación. Punto débil: habilidades pedidas: le falta Pensamiento crítico.;Acreditar Pensamiento crítico: la vacante lo pide y no figura en el CV.;316f87cb8ffa1f8e3787c1907ef0d540
1899;131;183;2;06/09/2026;2;2;2;5;1;3,0;3,1;Media;Punto fuerte: retribución. Cubre Negociación. Punto débil: probabilidad de entrevista.;Acreditar Orientación a resultados: la vacante lo pide y no figura en el CV.;45588a90c274767764b39d2e889d2b68
1900;29;155;2;06/09/2026;3;1;4;4;3;3,3;2,9;Media;Punto fuerte: experiencia. No acredita a buen nivel ninguna de las habilidades pedidas. Punto débil: habilidades pedidas: le falta Soldadura, Prevención de riesgos.;Acreditar Soldadura: la vacante lo pide y no figura en el CV.;b613a75bd33c952658043c1eb97e8249
1901;34;58;2;06/09/2026;5;2;3;4;3;3,7;3,3;Media;Punto fuerte: encaje con el rol. No acredita a buen nivel ninguna de las habilidades pedidas. Punto débil: habilidades pedidas: le falta Microsoft Office, Organización.;Acreditar Microsoft Office: la vacante lo pide y no figura en el CV.;19a6f235332b07f91f5633b04c2e4e92
1902;147;91;2;06/09/2026;2;2;4;3;2;3,0;3,3;Media;Punto fuerte: experiencia. Cubre Orientación a resultados. Punto débil: encaje con el rol.;Acreditar Atención al cliente: la vacante lo pide y no figura en el CV.;fdf97188824a0f4524b81923476f2e93
1903;158;217;2;06/09/2026;5;1;5;2;3;3,9;3,8;Media;Punto fuerte: encaje con el rol. Cubre Organización. Punto débil: habilidades pedidas: le falta Atención al cliente, Microsoft Office.;Acreditar Atención al cliente: la vacante lo pide y no figura en el CV.;5d29dbd8e3bb9f77158ff25fac3b8b98
1904;153;106;2;06/09/2026;2;1;4;1;2;3,1;3,2;Media;Punto fuerte: experiencia. No acredita a buen nivel ninguna de las habilidades pedidas. Punto débil: habilidades pedidas: le falta Soldadura, Prevención de riesgos.;Acreditar Soldadura: la vacante lo pide y no figura en el CV.;710b38a2942a0a29d089f09f45e0f558
1905;14;78;2;06/09/2026;5;3;2;5;4;4,7;4,6;Alta;Punto fuerte: encaje con el rol. Cubre Mecanizado CNC, Resolución de problemas. Punto débil: experiencia.;Acreditar Autonomía: la vacante lo pide y no figura en el CV.;885480c884ed8190dc3fb64ffb791b29
1906;162;188;2;06/09/2026;2;2;2;3;2;2,6;2,8;Baja;Punto fuerte: retribución. No acredita a buen nivel ninguna de las habilidades pedidas. Punto débil: encaje con el rol.;Acreditar Comunicación: la vacante lo pide y no figura en el CV.;f9238315c503426a5187792f7e358491
1907;1;197;2;06/09/2026;2;1;2;5;1;2,2;2,3;Baja;Punto fuerte: retribución. Cubre Euskera. Punto débil: habilidades pedidas: le falta Autonomía, Prevención de riesgos.;Acreditar Autonomía: la vacante lo pide y no figura en el CV.;a1bec3d7b0af64b7b136dfd2d05d6fb7
1908;143;4;2;06/09/2026;4;3;3;3;4;4,1;3,9;Alta;Punto fuerte: encaje con el rol. Cubre Contabilidad, Power BI. Punto débil: habilidades pedidas: le falta Pensamiento crítico, Euskera.;Acreditar Pensamiento crítico: la vacante lo pide y no figura en el CV.;37b731f4bbfdbd1bed4aea1a68770abb
1909;138;153;2;06/09/2026;2;1;2;5;1;2,4;2,2;Baja;Punto fuerte: retribución. No acredita a buen nivel ninguna de las habilidades pedidas. Punto débil: habilidades pedidas: le falta WordPress, Creatividad.;Acreditar WordPress: la vacante lo pide y no figura en el CV.;bd300803255de7021b51593a83a286fc
1910;150;213;2;06/09/2026;2;2;4;4;1;2,7;2,6;Baja;Punto fuerte: experiencia. Cubre Organización, Euskera. Punto débil: probabilidad de entrevista.;Acreditar Trabajo bajo presión: la vacante lo pide y no figura en el CV.;1a2ce1afdc167ba0c768c409b48f9d68
1911;143;174;2;06/09/2026;2;1;3;3;2;2,6;2,1;Baja;Punto fuerte: experiencia. No acredita a buen nivel ninguna de las habilidades pedidas. Punto débil: habilidades pedidas: le falta Empatía, Microsoft Office.;Acreditar Empatía: la vacante lo pide y no figura en el CV.;37b731f4bbfdbd1bed4aea1a68770abb
1912;11;84;2;06/09/2026;3;1;3;2;2;2,8;2,9;Baja;Punto fuerte: encaje con el rol. Cubre Euskera. Punto débil: habilidades pedidas: le falta Comunicación, Pensamiento crítico.;Acreditar Comunicación: la vacante lo pide y no figura en el CV.;3b883509efc39b7f91f118ac94557999
1913;140;186;2;06/09/2026;5;2;5;3;4;4,2;3,8;Alta;Punto fuerte: encaje con el rol. Cubre Excel avanzado. Punto débil: habilidades pedidas: le falta Análisis estadístico, Power BI.;Acreditar Análisis estadístico: la vacante lo pide y no figura en el CV.;15e568d91eb2fc6aae516c36f36f1a4d
1914;14;171;2;06/09/2026;2;1;3;5;2;2,7;2,7;Baja;Punto fuerte: retribución. No acredita a buen nivel ninguna de las habilidades pedidas. Punto débil: habilidades pedidas: le falta Figma, Empatía.;Acreditar Figma: la vacante lo pide y no figura en el CV.;885480c884ed8190dc3fb64ffb791b29
1915;55;189;2;06/09/2026;4;1;3;3;3;3,5;3,2;Media;Punto fuerte: encaje con el rol. No acredita a buen nivel ninguna de las habilidades pedidas. Punto débil: habilidades pedidas: le falta Trabajo en equipo, SAP.;Acreditar Trabajo en equipo: la vacante lo pide y no figura en el CV.;bdc486f200cf51150a14741a79615248
1916;140;128;2;06/09/2026;5;2;4;5;4;4,4;4,1;Alta;Punto fuerte: encaje con el rol. Cubre Excel avanzado. Punto débil: habilidades pedidas: le falta Análisis estadístico, Power BI.;Acreditar Análisis estadístico: la vacante lo pide y no figura en el CV.;15e568d91eb2fc6aae516c36f36f1a4d
1917;84;224;2;06/09/2026;5;4;4;3;4;4,7;4,4;Alta;Punto fuerte: encaje con el rol. Cubre Java, Git. Punto débil: retribución.;Acreditar JavaScript: la vacante lo pide y no figura en el CV.;0831ec1ffe1f6dbf748301b6844105b2
1918;145;135;2;06/09/2026;2;1;2;1;2;2,4;2,3;Baja;Sin puntos fuertes claros para este puesto. No acredita a buen nivel ninguna de las habilidades pedidas. Punto débil: habilidades pedidas: le falta Prevención de riesgos, Soldadura.;Acreditar Prevención de riesgos: la vacante lo pide y no figura en el CV.;c2eb8fcb9857632e30768c6103d4b9be
1919;135;15;2;06/09/2026;2;1;3;1;2;2,5;2,5;Baja;Punto fuerte: experiencia. No acredita a buen nivel ninguna de las habilidades pedidas. Punto débil: habilidades pedidas: le falta Microsoft Office, Francés.;Acreditar Microsoft Office: la vacante lo pide y no figura en el CV.;b9bc17dfc73171df3d3d1b8ba6e3f3d7
1920;19;194;2;06/09/2026;4;2;3;1;2;3,1;2,9;Media;Punto fuerte: encaje con el rol. Cubre Trabajo bajo presión. Punto débil: retribución.;Acreditar Mecanizado CNC: la vacante lo pide y no figura en el CV.;07de0c3b759cac6c75f836ee50a4ea34
1921;42;39;2;06/09/2026;1;1;3;3;1;2,0;1,8;Baja;Punto fuerte: experiencia. No acredita a buen nivel ninguna de las habilidades pedidas. Punto débil: encaje con el rol.;Acreditar Redes: la vacante lo pide y no figura en el CV.;7a6776a88d11967e775be432e4a0aef0
1922;155;175;2;06/09/2026;3;3;2;4;3;3,7;4,0;Media;Punto fuerte: retribución. Cubre SQL. Punto débil: experiencia.;Acreditar Análisis estadístico: la vacante lo pide y no figura en el CV.;3daea981a217068fe0d70fc6d50ff35f
1923;158;99;2;06/09/2026;2;2;4;5;2;3,6;3,3;Media;Punto fuerte: retribución. Cubre Negociación. Punto débil: encaje con el rol.;Acreditar Atención al cliente: la vacante lo pide y no figura en el CV.;5d29dbd8e3bb9f77158ff25fac3b8b98
1924;29;167;4;06/09/2026;1;1;3;3;2;2,9;2,9;Baja;Revisión manual. Punto fuerte: experiencia.;Acreditar Organización: la vacante lo pide y no figura en el CV.;b613a75bd33c952658043c1eb97e8249
1925;101;228;3;06/09/2026;5;2;3;2;3;4,6;4,6;Alta;Revisión manual. Punto fuerte: encaje con el rol.;Acreditar Empatía: la vacante lo pide y no figura en el CV.;502bd7fd3adf67816abdca47dfd1122c
1926;148;175;3;06/09/2026;4;2;5;3;3;4,1;4,1;Alta;Revisión manual. Punto fuerte: experiencia.;Acreditar Excel avanzado: la vacante lo pide y no figura en el CV.;a1fb51b5acf6fea67481767b1124826c
1927;14;78;4;06/09/2026;5;2;2;5;5;5,0;5,0;Alta;Revisión manual. Punto fuerte: encaje con el rol.;Acreditar Autonomía: la vacante lo pide y no figura en el CV.;885480c884ed8190dc3fb64ffb791b29
1928;162;92;2;07/09/2026;2;3;3;2;3;3,7;3,8;Media;Punto fuerte: habilidades pedidas (Creatividad). Cubre Creatividad. Punto débil: encaje con el rol.;Acreditar Comunicación: la vacante lo pide y no figura en el CV.;f9238315c503426a5187792f7e358491
1929;79;135;2;07/09/2026;5;1;3;1;3;3,4;3,2;Media;Punto fuerte: encaje con el rol. No acredita a buen nivel ninguna de las habilidades pedidas. Punto débil: habilidades pedidas: le falta Prevención de riesgos, Soldadura.;Acreditar Prevención de riesgos: la vacante lo pide y no figura en el CV.;dbc3ae586769d482cb1309411aec185f
1930;163;206;2;07/09/2026;1;2;5;3;2;2,7;2,9;Baja;Punto fuerte: experiencia. Cubre Euskera. Punto débil: encaje con el rol.;Acreditar Atención al cliente: la vacante lo pide y no figura en el CV.;c4e4a07f0c05c8aa7e69aa67336b168e
1931;134;107;2;07/09/2026;5;2;2;3;1;3,0;2,8;Media;Punto fuerte: encaje con el rol. Cubre Soldadura. Punto débil: probabilidad de entrevista.;Acreditar Autonomía: la vacante lo pide y no figura en el CV.;c29ac152f61bae4151b5cd27508b247c
1932;14;165;2;07/09/2026;5;3;4;2;3;4,4;4,1;Alta;Punto fuerte: encaje con el rol. Cubre Resolución de problemas, Prevención de riesgos, Mecanizado CNC. Punto débil: retribución.;Acreditar Autonomía: la vacante lo pide y no figura en el CV.;885480c884ed8190dc3fb64ffb791b29
1933;22;197;2;07/09/2026;5;1;3;4;2;3,6;3,2;Media;Punto fuerte: encaje con el rol. No acredita a buen nivel ninguna de las habilidades pedidas. Punto débil: habilidades pedidas: le falta Autonomía, Prevención de riesgos.;Acreditar Autonomía: la vacante lo pide y no figura en el CV.;b014218a24551d0c092d944009a50535
1934;168;35;2;07/09/2026;2;2;5;1;2;2,9;2,8;Baja;Punto fuerte: experiencia. No acredita a buen nivel ninguna de las habilidades pedidas. Punto débil: retribución.;Acreditar Organización: la vacante lo pide y no figura en el CV.;6e99ec51b0558b6cbd3dcbafdad94b6c
1935;119;221;2;07/09/2026;1;2;3;1;2;2,5;2,6;Baja;Punto fuerte: experiencia. Cubre Euskera. Punto débil: encaje con el rol.;Acreditar Gestión de proyectos: la vacante lo pide y no figura en el CV.;bf4d833bd31cd6a9f8c9ebb76104ddf7
1936;167;58;2;07/09/2026;5;2;3;3;3;4,1;4,0;Alta;Punto fuerte: encaje con el rol. Cubre Organización. Punto débil: habilidades pedidas: le falta Microsoft Office, Odoo.;Acreditar Microsoft Office: la vacante lo pide y no figura en el CV.;919baa73559e41873c94236e23ca3178
1937;155;198;2;07/09/2026;5;2;2;3;3;3,7;3,9;Media;Punto fuerte: encaje con el rol. Cubre Ciberseguridad. Punto débil: habilidades pedidas: le falta Docker, Redes.;Acreditar Docker: la vacante lo pide y no figura en el CV.;3daea981a217068fe0d70fc6d50ff35f
1938;170;215;2;07/09/2026;2;1;3;3;2;2,2;2,0;Baja;Punto fuerte: experiencia. No acredita a buen nivel ninguna de las habilidades pedidas. Punto débil: habilidades pedidas: le falta Organización, Odoo.;Acreditar Organización: la vacante lo pide y no figura en el CV.;668e7254b884924a92f136283168eace
1939;166;153;2;07/09/2026;5;3;4;3;5;4,7;4,6;Alta;Punto fuerte: encaje con el rol. Cubre WordPress, Creatividad. Punto débil: habilidades pedidas: le falta HubSpot.;Acreditar HubSpot: la vacante lo pide y no figura en el CV.;1fe052efc10e7c3413db16ca4b5c83b4
1940;135;188;2;07/09/2026;2;2;1;3;2;3,0;3,2;Media;Punto fuerte: retribución. Cubre Negociación. Punto débil: experiencia.;Acreditar Comunicación: la vacante lo pide y no figura en el CV.;b9bc17dfc73171df3d3d1b8ba6e3f3d7
1941;23;194;2;07/09/2026;5;2;5;3;3;4,1;3,7;Alta;Punto fuerte: encaje con el rol. Cubre Mecanizado CNC, Prevención de riesgos. Punto débil: habilidades pedidas: le falta Trabajo en equipo, Trabajo bajo presión.;Acreditar Trabajo en equipo: la vacante lo pide y no figura en el CV.;c69114ac25b163c11e24ee2b45095c2e
1942;147;46;2;07/09/2026;2;2;1;3;2;2,6;2,7;Baja;Punto fuerte: retribución. Cubre Euskera, Creatividad. Punto débil: experiencia.;Acreditar Comunicación: la vacante lo pide y no figura en el CV.;fdf97188824a0f4524b81923476f2e93
1943;73;197;2;07/09/2026;5;3;1;3;4;4,0;4,2;Alta;Punto fuerte: encaje con el rol. Cubre Autonomía, Euskera. Punto débil: experiencia.;Acreditar Prevención de riesgos: la vacante lo pide y no figura en el CV.;c7572b0b01ded11bb39dd474f5304968
1944;132;80;2;07/09/2026;2;1;3;4;2;2,8;2,5;Baja;Punto fuerte: retribución. No acredita a buen nivel ninguna de las habilidades pedidas. Punto débil: habilidades pedidas: le falta Mecanizado CNC, Trabajo bajo presión.;Acreditar Mecanizado CNC: la vacante lo pide y no figura en el CV.;2ecb9edf8ba799d8e907738b02e00593
1945;106;181;2;07/09/2026;5;2;2;3;2;3,6;3,5;Media;Punto fuerte: encaje con el rol. Cubre Autonomía. Punto débil: habilidades pedidas: le falta Prevención de riesgos.;Acreditar Prevención de riesgos: la vacante lo pide y no figura en el CV.;1d34b2b4a5c33959f0ee775925dcb0e2
1946;65;58;2;07/09/2026;4;1;5;2;2;3,5;3,6;Media;Punto fuerte: experiencia. No acredita a buen nivel ninguna de las habilidades pedidas. Punto débil: habilidades pedidas: le falta Microsoft Office, Organización.;Acreditar Microsoft Office: la vacante lo pide y no figura en el CV.;3cb0682fe51ea684660b1b35c056b93a
1947;154;58;2;07/09/2026;5;2;3;1;3;4,0;3,8;Alta;Punto fuerte: encaje con el rol. Cubre Odoo, Euskera. Punto débil: retribución.;Acreditar Microsoft Office: la vacante lo pide y no figura en el CV.;40d5713c4e493091a4de62d1b6f17725
1948;160;6;2;07/09/2026;4;2;1;5;2;3,5;3,1;Media;Punto fuerte: retribución. Cubre Photoshop, Figma. Punto débil: experiencia.;Acreditar Empatía: la vacante lo pide y no figura en el CV.;f9fae36eb913d8400aef78c996db9518
1949;35;133;2;07/09/2026;4;1;3;1;2;2,7;3,2;Baja;Punto fuerte: encaje con el rol. No acredita a buen nivel ninguna de las habilidades pedidas. Punto débil: habilidades pedidas: le falta Odoo, Organización.;Acreditar Odoo: la vacante lo pide y no figura en el CV.;2ec93fe739d638737d2fb11b7af497bb
1950;68;203;2;07/09/2026;3;3;4;1;4;4,0;3,8;Alta;Punto fuerte: experiencia. Cubre Euskera. Punto débil: retribución.;Acreditar Atención al cliente: la vacante lo pide y no figura en el CV.;e74475b24a3a5e1c4424f7c7a57ca71c
1951;40;221;2;07/09/2026;1;1;2;1;1;1,7;1,3;Baja;Sin puntos fuertes claros para este puesto. No acredita a buen nivel ninguna de las habilidades pedidas. Punto débil: encaje con el rol.;Acreditar Gestión de proyectos: la vacante lo pide y no figura en el CV.;9787e8ce8f1ff73732a864352c285885
1952;78;112;2;07/09/2026;2;1;3;4;2;2,7;2,7;Baja;Punto fuerte: retribución. No acredita a buen nivel ninguna de las habilidades pedidas. Punto débil: habilidades pedidas: le falta Empatía, Trabajo bajo presión.;Acreditar Empatía: la vacante lo pide y no figura en el CV.;215b534770cb82e308cf143763fa6b20
1953;155;171;2;07/09/2026;2;1;1;5;2;2,2;2,2;Baja;Punto fuerte: retribución. No acredita a buen nivel ninguna de las habilidades pedidas. Punto débil: habilidades pedidas: le falta Figma, Empatía.;Acreditar Figma: la vacante lo pide y no figura en el CV.;3daea981a217068fe0d70fc6d50ff35f
1954;142;27;2;07/09/2026;2;1;1;5;1;2,3;2,2;Baja;Punto fuerte: retribución. No acredita a buen nivel ninguna de las habilidades pedidas. Punto débil: habilidades pedidas: le falta Gestión de proyectos, Prevención de riesgos.;Acreditar Gestión de proyectos: la vacante lo pide y no figura en el CV.;e1fbe01088205acf3b93e7e64d89d141
1955;144;59;2;07/09/2026;2;2;4;3;3;3,2;3,4;Media;Punto fuerte: experiencia. Cubre Excel avanzado. Punto débil: encaje con el rol.;Acreditar Power BI: la vacante lo pide y no figura en el CV.;f5d22e51dd72764d4fbdf8c9428f4295
1956;170;183;2;07/09/2026;2;1;2;3;1;2,6;2,4;Baja;Punto fuerte: retribución. No acredita a buen nivel ninguna de las habilidades pedidas. Punto débil: habilidades pedidas: le falta Negociación, Orientación a resultados.;Acreditar Negociación: la vacante lo pide y no figura en el CV.;668e7254b884924a92f136283168eace
1957;31;224;2;07/09/2026;5;2;4;3;3;3,9;3,8;Media;Punto fuerte: encaje con el rol. No acredita a buen nivel ninguna de las habilidades pedidas. Punto débil: habilidades pedidas: le falta Java, JavaScript.;Acreditar Java: la vacante lo pide y no figura en el CV.;f5bdd3f0eb3dad01d633b74b369c9125
1958;141;244;2;07/09/2026;1;1;3;3;1;1,7;1,9;Baja;Punto fuerte: experiencia. No acredita a buen nivel ninguna de las habilidades pedidas. Punto débil: encaje con el rol.;Acreditar AutoCAD: la vacante lo pide y no figura en el CV.;21048a31d97fe07cff16c453033b21c6
1959;116;188;2;07/09/2026;3;2;1;3;2;2,9;3,0;Baja;Punto fuerte: encaje con el rol. No acredita a buen nivel ninguna de las habilidades pedidas. Punto débil: experiencia.;Acreditar Comunicación: la vacante lo pide y no figura en el CV.;1d8ddb07bbd95a6cd14f8e409279f715
1960;170;168;2;07/09/2026;2;3;3;3;2;3,3;3,3;Media;Punto fuerte: habilidades pedidas (Trabajo bajo presión). Cubre Trabajo bajo presión. Punto débil: encaje con el rol.;Acreditar Prevención de riesgos: la vacante lo pide y no figura en el CV.;668e7254b884924a92f136283168eace
1961;152;113;2;07/09/2026;2;1;4;3;3;2,6;2,8;Baja;Punto fuerte: experiencia. No acredita a buen nivel ninguna de las habilidades pedidas. Punto débil: habilidades pedidas: le falta Análisis estadístico, SQL.;Acreditar Análisis estadístico: la vacante lo pide y no figura en el CV.;8873fba43883f8395187bc4151dee2b7
1962;136;245;2;07/09/2026;5;1;1;5;1;3,1;2,8;Media;Punto fuerte: encaje con el rol. No acredita a buen nivel ninguna de las habilidades pedidas. Punto débil: habilidades pedidas: le falta Resolución de problemas, Gestión de proyectos.;Acreditar Resolución de problemas: la vacante lo pide y no figura en el CV.;93b8c696e0f7935fa8ed76fd3fea1bd4
1963;54;107;2;07/09/2026;5;1;2;5;2;3,5;3,0;Media;Punto fuerte: encaje con el rol. No acredita a buen nivel ninguna de las habilidades pedidas. Punto débil: habilidades pedidas: le falta Soldadura, Autonomía.;Acreditar Soldadura: la vacante lo pide y no figura en el CV.;859984ad4520ebcdd0cd73c27c6bb5b8
1964;131;109;2;07/09/2026;5;1;1;4;2;3,1;3,0;Media;Punto fuerte: encaje con el rol. No acredita a buen nivel ninguna de las habilidades pedidas. Punto débil: habilidades pedidas: le falta JavaScript, Git.;Acreditar JavaScript: la vacante lo pide y no figura en el CV.;45588a90c274767764b39d2e889d2b68
1965;169;201;2;07/09/2026;5;2;1;5;3;4,0;4,0;Alta;Punto fuerte: encaje con el rol. No acredita a buen nivel ninguna de las habilidades pedidas. Punto débil: experiencia.;Acreditar Atención al cliente: la vacante lo pide y no figura en el CV.;094f54740365c9e0df07077c26e0c5bc
1966;117;58;2;07/09/2026;4;1;2;2;2;2,9;2,5;Baja;Punto fuerte: encaje con el rol. No acredita a buen nivel ninguna de las habilidades pedidas. Punto débil: habilidades pedidas: le falta Microsoft Office, Organización.;Acreditar Microsoft Office: la vacante lo pide y no figura en el CV.;35b6487636b234fe1f4efe057b30b1e2
1967;165;122;2;07/09/2026;1;3;2;5;1;2,9;3,2;Baja;Punto fuerte: retribución. Cubre Autonomía, Resolución de problemas. Punto débil: encaje con el rol.;Acreditar Prevención de riesgos: la vacante lo pide y no figura en el CV.;657e6bbddbb928be76c4e18d6fedc4eb
1968;141;97;2;07/09/2026;1;1;3;4;2;2,3;2,4;Baja;Punto fuerte: retribución. No acredita a buen nivel ninguna de las habilidades pedidas. Punto débil: encaje con el rol.;Acreditar Atención al detalle: la vacante lo pide y no figura en el CV.;21048a31d97fe07cff16c453033b21c6
1969;145;206;2;07/09/2026;5;1;2;3;3;3,1;2,7;Media;Punto fuerte: encaje con el rol. No acredita a buen nivel ninguna de las habilidades pedidas. Punto débil: habilidades pedidas: le falta Atención al cliente, Microsoft Office.;Acreditar Atención al cliente: la vacante lo pide y no figura en el CV.;c2eb8fcb9857632e30768c6103d4b9be
1970;18;135;2;07/09/2026;4;1;4;1;2;3,2;2,8;Media;Punto fuerte: encaje con el rol. No acredita a buen nivel ninguna de las habilidades pedidas. Punto débil: habilidades pedidas: le falta Prevención de riesgos, Soldadura.;Acreditar Prevención de riesgos: la vacante lo pide y no figura en el CV.;f75337c1535cca7acdd8d464a5086ad5
1971;150;213;4;07/09/2026;2;2;4;4;1;2,6;2,6;Baja;Revisión manual. Punto fuerte: experiencia.;Acreditar Trabajo bajo presión: la vacante lo pide y no figura en el CV.;1a2ce1afdc167ba0c768c409b48f9d68
1972;141;222;3;07/09/2026;4;1;3;3;3;3,5;3,5;Media;Revisión manual. Punto fuerte: encaje con el rol.;Acreditar Prevención de riesgos: la vacante lo pide y no figura en el CV.;21048a31d97fe07cff16c453033b21c6
1973;130;206;1;08/09/2026;1;2;5;3;2;2,8;2,6;Baja;Punto fuerte: experiencia. Cubre Euskera. Punto débil: encaje con el rol.;Acreditar Atención al cliente: la vacante lo pide y no figura en el CV.;f418584dce751abda6c0d2aa093088b4
1974;119;122;1;08/09/2026;5;2;2;5;3;4,0;4,0;Alta;Punto fuerte: encaje con el rol. Cubre Autonomía. Punto débil: habilidades pedidas: le falta Prevención de riesgos, Resolución de problemas.;Acreditar Prevención de riesgos: la vacante lo pide y no figura en el CV.;bf4d833bd31cd6a9f8c9ebb76104ddf7
1975;170;198;1;08/09/2026;3;1;3;3;2;2,9;2,8;Baja;Punto fuerte: encaje con el rol. No acredita a buen nivel ninguna de las habilidades pedidas. Punto débil: habilidades pedidas: le falta Ciberseguridad, Docker.;Acreditar Ciberseguridad: la vacante lo pide y no figura en el CV.;668e7254b884924a92f136283168eace
1976;135;104;1;08/09/2026;2;2;1;4;2;2,6;2,9;Baja;Punto fuerte: retribución. Cubre Euskera. Punto débil: experiencia.;Acreditar Excel avanzado: la vacante lo pide y no figura en el CV.;b9bc17dfc73171df3d3d1b8ba6e3f3d7
1977;162;250;1;08/09/2026;2;3;3;3;3;4,0;4,1;Alta;Punto fuerte: habilidades pedidas (Inglés). Cubre Inglés. Punto débil: encaje con el rol.;Acreditar Atención al cliente: la vacante lo pide y no figura en el CV.;f9238315c503426a5187792f7e358491
1978;46;17;1;08/09/2026;2;2;2;4;1;2,8;2,9;Baja;Punto fuerte: retribución. Cubre Pensamiento crítico. Punto débil: probabilidad de entrevista.;Acreditar Negociación: la vacante lo pide y no figura en el CV.;bd22d806c7aa9abe89853a933bae69c6
1979;66;194;1;08/09/2026;4;1;4;5;3;3,5;3,2;Media;Punto fuerte: retribución. No acredita a buen nivel ninguna de las habilidades pedidas. Punto débil: habilidades pedidas: le falta Mecanizado CNC, Prevención de riesgos.;Acreditar Mecanizado CNC: la vacante lo pide y no figura en el CV.;b2853efa8162d2f61ec7179884b4a842
1980;158;216;1;08/09/2026;5;2;5;4;4;4,5;4,5;Alta;Punto fuerte: encaje con el rol. Cubre Organización. Punto débil: habilidades pedidas: le falta Odoo, Microsoft Office.;Acreditar Odoo: la vacante lo pide y no figura en el CV.;5d29dbd8e3bb9f77158ff25fac3b8b98
1981;133;153;1;08/09/2026;1;1;1;3;1;1,7;1,6;Baja;Punto fuerte: retribución. No acredita a buen nivel ninguna de las habilidades pedidas. Punto débil: encaje con el rol.;Acreditar WordPress: la vacante lo pide y no figura en el CV.;92132dfcde48ccc936db147438277a1d
1982;133;204;1;08/09/2026;2;2;4;1;2;2,9;3,3;Baja;Punto fuerte: experiencia. Cubre Excel avanzado. Punto débil: retribución.;Acreditar Organización: la vacante lo pide y no figura en el CV.;92132dfcde48ccc936db147438277a1d
1983;157;203;1;08/09/2026;2;2;4;1;3;3,0;3,0;Media;Punto fuerte: experiencia. Cubre Euskera. Punto débil: retribución.;Acreditar Atención al cliente: la vacante lo pide y no figura en el CV.;fa8572211f1f46e71c75a0cb5c0d2862
1984;84;155;1;08/09/2026;1;1;5;3;2;2,1;1,8;Baja;Punto fuerte: experiencia. No acredita a buen nivel ninguna de las habilidades pedidas. Punto débil: encaje con el rol.;Acreditar Soldadura: la vacante lo pide y no figura en el CV.;0831ec1ffe1f6dbf748301b6844105b2
1985;95;171;1;08/09/2026;2;2;1;5;2;2,4;2,5;Baja;Punto fuerte: retribución. Cubre Empatía, Creatividad. Punto débil: experiencia.;Acreditar Figma: la vacante lo pide y no figura en el CV.;38ec8d05ee004f3d9735664e439808c9
1986;143;243;1;08/09/2026;2;1;4;3;3;3,0;2,9;Media;Punto fuerte: experiencia. Cubre Power BI. Punto débil: habilidades pedidas: le falta Excel avanzado, SQL.;Acreditar Excel avanzado: la vacante lo pide y no figura en el CV.;37b731f4bbfdbd1bed4aea1a68770abb
1987;136;93;1;08/09/2026;3;2;1;3;2;3,0;2,9;Media;Punto fuerte: encaje con el rol. Cubre Euskera. Punto débil: experiencia.;Acreditar Atención al cliente: la vacante lo pide y no figura en el CV.;93b8c696e0f7935fa8ed76fd3fea1bd4
1988;134;155;1;08/09/2026;5;2;4;1;3;3,9;4,0;Media;Punto fuerte: encaje con el rol. Cubre Soldadura. Punto débil: retribución.;Acreditar Prevención de riesgos: la vacante lo pide y no figura en el CV.;c29ac152f61bae4151b5cd27508b247c
1989;2;188;1;08/09/2026;1;1;4;3;1;2,1;2,1;Baja;Punto fuerte: experiencia. No acredita a buen nivel ninguna de las habilidades pedidas. Punto débil: encaje con el rol.;Acreditar Comunicación: la vacante lo pide y no figura en el CV.;ff6a94069d1ee9118029d75b03c2d938
1990;135;203;1;08/09/2026;3;2;3;1;2;2,7;2,7;Baja;Punto fuerte: encaje con el rol. Cubre Euskera. Punto débil: retribución.;Acreditar Atención al cliente: la vacante lo pide y no figura en el CV.;b9bc17dfc73171df3d3d1b8ba6e3f3d7
1991;146;203;1;08/09/2026;2;1;3;1;2;2,2;2,6;Baja;Punto fuerte: experiencia. No acredita a buen nivel ninguna de las habilidades pedidas. Punto débil: habilidades pedidas: le falta Atención al cliente, Euskera.;Acreditar Atención al cliente: la vacante lo pide y no figura en el CV.;56850ee8ec9112d68fbd4ae58ed506d0
1992;110;221;1;08/09/2026;3;2;5;1;3;3,6;3,3;Media;Punto fuerte: experiencia. Cubre Euskera. Punto débil: retribución.;Acreditar Gestión de proyectos: la vacante lo pide y no figura en el CV.;30513ba705d6e6ed3ff594b5995fe27c
1993;138;221;1;08/09/2026;2;3;5;2;4;3,6;3,8;Media;Punto fuerte: experiencia. Cubre Negociación, Euskera. Punto débil: encaje con el rol.;Acreditar Gestión de proyectos: la vacante lo pide y no figura en el CV.;bd300803255de7021b51593a83a286fc
1994;163;134;1;08/09/2026;2;1;4;3;1;2,1;2,0;Baja;Punto fuerte: experiencia. No acredita a buen nivel ninguna de las habilidades pedidas. Punto débil: habilidades pedidas: le falta Creatividad, Google Analytics.;Acreditar Creatividad: la vacante lo pide y no figura en el CV.;c4e4a07f0c05c8aa7e69aa67336b168e
1995;30;150;1;08/09/2026;2;2;1;4;2;3,0;3,1;Media;Punto fuerte: retribución. Cubre Empatía. Punto débil: experiencia.;Acreditar Figma: la vacante lo pide y no figura en el CV.;fdb15b3bc12281881d7d7b584622407a
1996;152;99;1;08/09/2026;5;2;5;4;3;3,9;3,5;Media;Punto fuerte: encaje con el rol. Cubre Atención al cliente. Punto débil: habilidades pedidas: le falta Salesforce, Negociación.;Acreditar Salesforce: la vacante lo pide y no figura en el CV.;8873fba43883f8395187bc4151dee2b7
1997;17;115;1;08/09/2026;2;1;4;3;2;2,9;3,3;Baja;Punto fuerte: experiencia. Cubre Euskera. Punto débil: habilidades pedidas: le falta Empatía, Comunicación.;Acreditar Empatía: la vacante lo pide y no figura en el CV.;f3e4a5aecc6a5f944e9ac15302f98862
1998;152;117;1;08/09/2026;5;1;5;3;2;3,6;3,9;Media;Punto fuerte: encaje con el rol. Cubre Atención al cliente. Punto débil: habilidades pedidas: le falta Negociación, Salesforce.;Acreditar Negociación: la vacante lo pide y no figura en el CV.;8873fba43883f8395187bc4151dee2b7
1999;164;105;1;08/09/2026;1;2;5;4;3;3,3;3,8;Media;Punto fuerte: experiencia. Cubre Inglés. Punto débil: encaje con el rol.;Acreditar Microsoft Office: la vacante lo pide y no figura en el CV.;38e8e7a51bf6f3308187ee8de56882e0
2000;171;35;1;08/09/2026;2;1;2;3;1;2,1;2,4;Baja;Punto fuerte: retribución. No acredita a buen nivel ninguna de las habilidades pedidas. Punto débil: habilidades pedidas: le falta Organización, Odoo.;Acreditar Organización: la vacante lo pide y no figura en el CV.;9944a1fc8676ca274be2969bba08f94b
2001;136;88;1;08/09/2026;2;1;1;5;2;2,6;2,3;Baja;Punto fuerte: retribución. No acredita a buen nivel ninguna de las habilidades pedidas. Punto débil: habilidades pedidas: le falta Diseño gráfico, AutoCAD.;Acreditar Diseño gráfico: la vacante lo pide y no figura en el CV.;93b8c696e0f7935fa8ed76fd3fea1bd4
2002;151;127;1;08/09/2026;1;2;1;3;2;2,3;2,1;Baja;Punto fuerte: retribución. Cubre Excel avanzado. Punto débil: encaje con el rol.;Acreditar QuickBooks: la vacante lo pide y no figura en el CV.;860fef57e449c16290ec480422622568
2003;113;105;1;08/09/2026;4;2;4;3;3;3,9;3,8;Media;Punto fuerte: encaje con el rol. Cubre Inglés, Euskera. Punto débil: habilidades pedidas: le falta Microsoft Office, Francés.;Acreditar Microsoft Office: la vacante lo pide y no figura en el CV.;7eecc91afd3f91f116de12ffa2ece811
2004;157;57;1;08/09/2026;2;2;3;4;2;3,5;3,2;Media;Punto fuerte: retribución. Cubre Negociación, Euskera. Punto débil: encaje con el rol.;Acreditar Orientación a resultados: la vacante lo pide y no figura en el CV.;fa8572211f1f46e71c75a0cb5c0d2862
2005;37;115;1;08/09/2026;2;2;4;3;3;3,1;3,3;Media;Punto fuerte: experiencia. No acredita a buen nivel ninguna de las habilidades pedidas. Punto débil: encaje con el rol.;Acreditar Empatía: la vacante lo pide y no figura en el CV.;31b3d37b09ab14302024065358c62f20
2006;151;245;1;08/09/2026;3;2;1;5;3;3,3;3,6;Media;Punto fuerte: retribución. Cubre Excel avanzado. Punto débil: experiencia.;Acreditar Resolución de problemas: la vacante lo pide y no figura en el CV.;860fef57e449c16290ec480422622568
2007;141;6;1;08/09/2026;1;1;2;3;1;2,3;2,1;Baja;Punto fuerte: retribución. No acredita a buen nivel ninguna de las habilidades pedidas. Punto débil: encaje con el rol.;Acreditar Empatía: la vacante lo pide y no figura en el CV.;21048a31d97fe07cff16c453033b21c6
2008;140;128;4;08/09/2026;5;2;4;5;4;4,4;4,4;Alta;Revisión manual. Punto fuerte: encaje con el rol.;Acreditar Análisis estadístico: la vacante lo pide y no figura en el CV.;15e568d91eb2fc6aae516c36f36f1a4d
2009;146;203;4;08/09/2026;2;1;3;1;3;2,5;2,5;Baja;Revisión manual. Punto fuerte: experiencia.;Acreditar Atención al cliente: la vacante lo pide y no figura en el CV.;56850ee8ec9112d68fbd4ae58ed506d0
2010;167;198;1;09/09/2026;3;1;3;3;2;2,4;2,8;Baja;Punto fuerte: encaje con el rol. No acredita a buen nivel ninguna de las habilidades pedidas. Punto débil: habilidades pedidas: le falta Ciberseguridad, Docker.;Acreditar Ciberseguridad: la vacante lo pide y no figura en el CV.;919baa73559e41873c94236e23ca3178
2011;127;216;1;09/09/2026;2;2;2;1;2;2,4;2,6;Baja;Sin puntos fuertes claros para este puesto. Cubre Organización. Punto débil: retribución.;Acreditar Odoo: la vacante lo pide y no figura en el CV.;c84a1f2aca07835f87348ad25d5788ce
2012;9;26;1;09/09/2026;2;2;3;3;2;2,4;2,4;Baja;Punto fuerte: experiencia. Cubre SAP, Excel avanzado. Punto débil: encaje con el rol.;Acreditar Logística: la vacante lo pide y no figura en el CV.;2a84e3ebb2f9f0e3841cbb047491fc45
2013;139;185;1;09/09/2026;1;1;2;2;1;2,3;2,5;Baja;Sin puntos fuertes claros para este puesto. No acredita a buen nivel ninguna de las habilidades pedidas. Punto débil: encaje con el rol.;Acreditar Atención al cliente: la vacante lo pide y no figura en el CV.;b9761c2b467377880cd97108334940d7
2014;169;62;1;09/09/2026;5;2;3;3;3;3,9;3,7;Media;Punto fuerte: encaje con el rol. Cubre Organización. Punto débil: habilidades pedidas: le falta Odoo, Microsoft Office.;Acreditar Odoo: la vacante lo pide y no figura en el CV.;094f54740365c9e0df07077c26e0c5bc
2015;172;1;1;09/09/2026;3;2;3;1;3;3,1;3,2;Media;Punto fuerte: encaje con el rol. Cubre Euskera. Punto débil: retribución.;Acreditar AutoCAD: la vacante lo pide y no figura en el CV.;10804d48ed0564e525d98af0405d3845
2016;175;112;1;09/09/2026;3;1;3;3;2;2,9;2,9;Baja;Punto fuerte: encaje con el rol. No acredita a buen nivel ninguna de las habilidades pedidas. Punto débil: habilidades pedidas: le falta Empatía, Trabajo bajo presión.;Acreditar Empatía: la vacante lo pide y no figura en el CV.;743e2a567ed80dee9d1d0fa7f9675c02
2017;160;27;1;09/09/2026;2;1;1;5;2;2,5;2,2;Baja;Punto fuerte: retribución. No acredita a buen nivel ninguna de las habilidades pedidas. Punto débil: habilidades pedidas: le falta Gestión de proyectos, Prevención de riesgos.;Acreditar Gestión de proyectos: la vacante lo pide y no figura en el CV.;f9fae36eb913d8400aef78c996db9518
2018;91;108;1;09/09/2026;3;2;4;3;3;3,1;2,8;Media;Punto fuerte: experiencia. Cubre Soldadura. Punto débil: habilidades pedidas: le falta Autonomía, Prevención de riesgos.;Acreditar Autonomía: la vacante lo pide y no figura en el CV.;be9bfff5f85dbd1ee4d9197b95ba39c9
2019;110;49;1;09/09/2026;5;2;4;5;3;4,4;4,1;Alta;Punto fuerte: encaje con el rol. Cubre Power BI, Euskera. Punto débil: habilidades pedidas: le falta Python, SQL.;Acreditar Python: la vacante lo pide y no figura en el CV.;30513ba705d6e6ed3ff594b5995fe27c
2020;167;1;1;09/09/2026;2;1;3;3;2;2,7;2,8;Baja;Punto fuerte: experiencia. No acredita a buen nivel ninguna de las habilidades pedidas. Punto débil: habilidades pedidas: le falta AutoCAD, Gestión de proyectos.;Acreditar AutoCAD: la vacante lo pide y no figura en el CV.;919baa73559e41873c94236e23ca3178
2021;71;58;1;09/09/2026;5;2;2;4;2;3,6;3,5;Media;Punto fuerte: encaje con el rol. Cubre Euskera. Punto débil: habilidades pedidas: le falta Microsoft Office, Organización.;Acreditar Microsoft Office: la vacante lo pide y no figura en el CV.;6384f499504c9afb3e5b3fa9933e517e
2022;169;26;1;09/09/2026;5;2;2;5;3;3,8;3,5;Media;Punto fuerte: encaje con el rol. Cubre Logística. Punto débil: habilidades pedidas: le falta SAP, Excel avanzado.;Acreditar SAP: la vacante lo pide y no figura en el CV.;094f54740365c9e0df07077c26e0c5bc
2023;154;215;1;09/09/2026;5;2;3;1;2;3,8;3,4;Media;Punto fuerte: encaje con el rol. Cubre Odoo. Punto débil: retribución.;Acreditar Organización: la vacante lo pide y no figura en el CV.;40d5713c4e493091a4de62d1b6f17725
2024;24;150;1;09/09/2026;2;1;5;5;2;2,6;2,5;Baja;Punto fuerte: experiencia. Cubre Creatividad. Punto débil: habilidades pedidas: le falta Empatía, Figma.;Acreditar Empatía: la vacante lo pide y no figura en el CV.;1aeb058baac2bcc159a5b57e54fefa31
2025;173;230;1;09/09/2026;2;2;4;1;2;2,9;2,9;Baja;Punto fuerte: experiencia. Cubre Trabajo en equipo. Punto débil: retribución.;Acreditar SAP: la vacante lo pide y no figura en el CV.;cef10ca99a3e1958919242477f4ccca8
2026;90;133;1;09/09/2026;5;2;5;1;3;3,4;3,5;Media;Punto fuerte: encaje con el rol. No acredita a buen nivel ninguna de las habilidades pedidas. Punto débil: retribución.;Acreditar Odoo: la vacante lo pide y no figura en el CV.;76f8de286439e9508b10f9e90bf2fedc
2027;174;184;1;09/09/2026;3;1;3;3;2;2,8;2,5;Baja;Punto fuerte: encaje con el rol. No acredita a buen nivel ninguna de las habilidades pedidas. Punto débil: habilidades pedidas: le falta AutoCAD, Gestión de proyectos.;Acreditar AutoCAD: la vacante lo pide y no figura en el CV.;64b84413e08ce6c68dd560ab2f1d283e
2028;77;133;1;09/09/2026;5;1;3;4;2;2,7;2,6;Baja;Punto fuerte: encaje con el rol. No acredita a buen nivel ninguna de las habilidades pedidas. Punto débil: habilidades pedidas: le falta Odoo, Organización.;Acreditar Odoo: la vacante lo pide y no figura en el CV.;6b2ecdff913c1a67b7a1efcffbace6d8
2029;146;34;1;09/09/2026;2;2;3;1;3;3,0;3,2;Media;Punto fuerte: experiencia. No acredita a buen nivel ninguna de las habilidades pedidas. Punto débil: retribución.;Acreditar Trabajo bajo presión: la vacante lo pide y no figura en el CV.;56850ee8ec9112d68fbd4ae58ed506d0
2030;172;42;1;09/09/2026;5;2;2;3;3;3,6;3,4;Media;Punto fuerte: encaje con el rol. Cubre Trabajo bajo presión, Euskera. Punto débil: habilidades pedidas: le falta Organización, Creatividad.;Acreditar Organización: la vacante lo pide y no figura en el CV.;10804d48ed0564e525d98af0405d3845
2031;140;3;1;09/09/2026;5;2;4;5;3;4,2;3,9;Alta;Punto fuerte: encaje con el rol. Cubre Ciberseguridad, Euskera. Punto débil: habilidades pedidas: le falta Docker, Redes.;Acreditar Docker: la vacante lo pide y no figura en el CV.;15e568d91eb2fc6aae516c36f36f1a4d
2032;119;224;1;09/09/2026;2;1;1;3;1;2,4;2,0;Baja;Punto fuerte: retribución. No acredita a buen nivel ninguna de las habilidades pedidas. Punto débil: habilidades pedidas: le falta Java, JavaScript.;Acreditar Java: la vacante lo pide y no figura en el CV.;bf4d833bd31cd6a9f8c9ebb76104ddf7
2033;139;173;1;09/09/2026;2;1;1;4;2;2,5;2,2;Baja;Punto fuerte: retribución. No acredita a buen nivel ninguna de las habilidades pedidas. Punto débil: habilidades pedidas: le falta Negociación, Salesforce.;Acreditar Negociación: la vacante lo pide y no figura en el CV.;b9761c2b467377880cd97108334940d7
2034;170;102;1;09/09/2026;5;2;1;3;2;3,7;3,6;Media;Punto fuerte: encaje con el rol. Cubre Gestión de proyectos. Punto débil: experiencia.;Acreditar Excel avanzado: la vacante lo pide y no figura en el CV.;668e7254b884924a92f136283168eace
2035;149;70;1;09/09/2026;5;2;3;1;3;3,9;4,0;Media;Punto fuerte: encaje con el rol. Cubre WordPress. Punto débil: retribución.;Acreditar HubSpot: la vacante lo pide y no figura en el CV.;82a159c54a0f3e395db4aefcd55d422c
2036;140;238;1;09/09/2026;2;1;5;1;3;2,7;2,4;Baja;Punto fuerte: experiencia. No acredita a buen nivel ninguna de las habilidades pedidas. Punto débil: habilidades pedidas: le falta Atención al cliente, Trabajo en equipo.;Acreditar Atención al cliente: la vacante lo pide y no figura en el CV.;15e568d91eb2fc6aae516c36f36f1a4d
2037;146;179;1;09/09/2026;5;1;1;3;2;2,9;3,0;Baja;Punto fuerte: encaje con el rol. Cubre Negociación. Punto débil: habilidades pedidas: le falta Orientación a resultados, Salesforce.;Acreditar Orientación a resultados: la vacante lo pide y no figura en el CV.;56850ee8ec9112d68fbd4ae58ed506d0
2038;124;105;1;09/09/2026;5;2;5;3;4;4,1;4,2;Alta;Punto fuerte: encaje con el rol. Cubre Microsoft Office, Inglés. Punto débil: habilidades pedidas: le falta Francés, Atención al cliente.;Acreditar Francés: la vacante lo pide y no figura en el CV.;88f59b2261aa4bf4c7aee145ba6dfe21
2039;131;159;1;09/09/2026;2;3;3;3;2;3,4;3,0;Media;Punto fuerte: habilidades pedidas (Power BI). Cubre Power BI. Punto débil: encaje con el rol.;Acreditar Pensamiento crítico: la vacante lo pide y no figura en el CV.;45588a90c274767764b39d2e889d2b68
2040;90;188;1;09/09/2026;2;4;5;3;4;4,2;4,0;Alta;Punto fuerte: experiencia. Cubre Comunicación, Empatía, Negociación. Punto débil: encaje con el rol.;Pocas mejoras posibles: preparar la entrevista.;76f8de286439e9508b10f9e90bf2fedc
2041;173;149;1;09/09/2026;5;4;3;4;4;4,6;4,6;Alta;Punto fuerte: encaje con el rol. Cubre Creatividad, Figma, Empatía. Punto débil: experiencia.;Pocas mejoras posibles: preparar la entrevista.;cef10ca99a3e1958919242477f4ccca8
2042;164;108;1;09/09/2026;5;1;5;2;2;3,1;2,8;Media;Punto fuerte: encaje con el rol. No acredita a buen nivel ninguna de las habilidades pedidas. Punto débil: habilidades pedidas: le falta Autonomía, Prevención de riesgos.;Acreditar Autonomía: la vacante lo pide y no figura en el CV.;38e8e7a51bf6f3308187ee8de56882e0
2043;160;3;1;09/09/2026;2;1;1;5;1;2,4;2,2;Baja;Punto fuerte: retribución. No acredita a buen nivel ninguna de las habilidades pedidas. Punto débil: habilidades pedidas: le falta Ciberseguridad, Docker.;Acreditar Ciberseguridad: la vacante lo pide y no figura en el CV.;f9fae36eb913d8400aef78c996db9518
2044;138;71;1;09/09/2026;5;3;3;5;4;4,2;4,1;Alta;Punto fuerte: encaje con el rol. Cubre SAP, Atención al detalle. Punto débil: habilidades pedidas: le falta Pensamiento crítico.;Acreditar Pensamiento crítico: la vacante lo pide y no figura en el CV.;bd300803255de7021b51593a83a286fc
2045;144;178;1;09/09/2026;2;1;4;3;2;2,4;2,2;Baja;Punto fuerte: experiencia. No acredita a buen nivel ninguna de las habilidades pedidas. Punto débil: habilidades pedidas: le falta Negociación, Salesforce.;Acreditar Negociación: la vacante lo pide y no figura en el CV.;f5d22e51dd72764d4fbdf8c9428f4295
2046;23;122;1;09/09/2026;5;2;4;4;3;4,4;4,2;Alta;Punto fuerte: encaje con el rol. Cubre Prevención de riesgos, Mecanizado CNC. Punto débil: habilidades pedidas: le falta Autonomía, Resolución de problemas.;Acreditar Autonomía: la vacante lo pide y no figura en el CV.;c69114ac25b163c11e24ee2b45095c2e
2047;26;49;1;09/09/2026;5;2;2;3;2;3,3;3,2;Media;Punto fuerte: encaje con el rol. Cubre SQL. Punto débil: habilidades pedidas: le falta Python, Excel avanzado.;Acreditar Python: la vacante lo pide y no figura en el CV.;e18d57d93e73503c7ab01f43e67c99b0
2048;137;124;1;09/09/2026;5;1;5;3;3;3,7;3,9;Media;Punto fuerte: encaje con el rol. No acredita a buen nivel ninguna de las habilidades pedidas. Punto débil: habilidades pedidas: le falta SAP, Excel avanzado.;Acreditar SAP: la vacante lo pide y no figura en el CV.;5b76544032609f36e5ba5e6a0363dd74
2049;161;162;1;09/09/2026;3;2;3;3;3;3,6;3,8;Media;Punto fuerte: encaje con el rol. Cubre Trabajo bajo presión. Punto débil: habilidades pedidas: le falta Euskera, Inglés.;Acreditar Euskera: la vacante lo pide y no figura en el CV.;0d8b6979fcb2a36e43ca75f4a7bb1976
2050;79;135;3;09/09/2026;4;1;3;1;3;3,8;3,8;Media;Revisión manual. Punto fuerte: encaje con el rol.;Acreditar Prevención de riesgos: la vacante lo pide y no figura en el CV.;dbc3ae586769d482cb1309411aec185f
2051;158;53;1;10/09/2026;4;2;5;4;3;3,8;4,0;Media;Punto fuerte: experiencia. Cubre Organización. Punto débil: habilidades pedidas: le falta Atención al cliente, Odoo.;Acreditar Atención al cliente: la vacante lo pide y no figura en el CV.;5d29dbd8e3bb9f77158ff25fac3b8b98
2052;90;26;1;10/09/2026;5;3;5;1;4;3,8;3,8;Media;Punto fuerte: encaje con el rol. Cubre SAP. Punto débil: retribución.;Acreditar Excel avanzado: la vacante lo pide y no figura en el CV.;76f8de286439e9508b10f9e90bf2fedc
2053;151;129;1;10/09/2026;3;1;1;3;1;2,3;2,3;Baja;Punto fuerte: encaje con el rol. No acredita a buen nivel ninguna de las habilidades pedidas. Punto débil: habilidades pedidas: le falta Salesforce, Negociación.;Acreditar Salesforce: la vacante lo pide y no figura en el CV.;860fef57e449c16290ec480422622568
2054;160;87;1;10/09/2026;5;3;2;5;3;4,4;4,2;Alta;Punto fuerte: encaje con el rol. Cubre Figma, Photoshop. Punto débil: experiencia.;Acreditar Creatividad: la vacante lo pide y no figura en el CV.;f9fae36eb913d8400aef78c996db9518
2055;147;93;1;10/09/2026;2;2;2;3;1;2,6;2,5;Baja;Punto fuerte: retribución. Cubre Inglés, Euskera. Punto débil: probabilidad de entrevista.;Acreditar Atención al cliente: la vacante lo pide y no figura en el CV.;fdf97188824a0f4524b81923476f2e93
2056;167;116;1;10/09/2026;5;2;1;3;2;3,0;2,8;Media;Punto fuerte: encaje con el rol. Cubre Organización. Punto débil: experiencia.;Acreditar Odoo: la vacante lo pide y no figura en el CV.;919baa73559e41873c94236e23ca3178
2057;167;154;1;10/09/2026;5;2;2;3;3;3,7;3,6;Media;Punto fuerte: encaje con el rol. Cubre Organización. Punto débil: habilidades pedidas: le falta Microsoft Office, Odoo.;Acreditar Microsoft Office: la vacante lo pide y no figura en el CV.;919baa73559e41873c94236e23ca3178
2058;4;39;1;10/09/2026;5;2;3;5;3;4,1;3,6;Alta;Punto fuerte: encaje con el rol. No acredita a buen nivel ninguna de las habilidades pedidas. Punto débil: habilidades pedidas: le falta Redes, Docker.;Acreditar Redes: la vacante lo pide y no figura en el CV.;c87557ecf671fcc862d8f4c7c86bcd1e
2059;139;51;1;10/09/2026;2;1;3;3;2;2,4;2,4;Baja;Punto fuerte: experiencia. No acredita a buen nivel ninguna de las habilidades pedidas. Punto débil: habilidades pedidas: le falta Negociación, Prevención de riesgos.;Acreditar Negociación: la vacante lo pide y no figura en el CV.;b9761c2b467377880cd97108334940d7
2060;156;28;1;10/09/2026;2;2;5;1;2;3,0;3,3;Media;Punto fuerte: experiencia. No acredita a buen nivel ninguna de las habilidades pedidas. Punto débil: retribución.;Acreditar Atención al cliente: la vacante lo pide y no figura en el CV.;a566a04df4a6ac6960076b84a0fa9402
2061;103;206;1;10/09/2026;2;2;3;3;2;3,0;3,4;Media;Punto fuerte: experiencia. No acredita a buen nivel ninguna de las habilidades pedidas. Punto débil: encaje con el rol.;Acreditar Atención al cliente: la vacante lo pide y no figura en el CV.;37af7efae85839558568edaf5c1584f8
2062;170;23;1;10/09/2026;2;1;3;2;2;2,1;1,8;Baja;Punto fuerte: experiencia. No acredita a buen nivel ninguna de las habilidades pedidas. Punto débil: habilidades pedidas: le falta Inglés, Francés.;Acreditar Inglés: la vacante lo pide y no figura en el CV.;668e7254b884924a92f136283168eace
2063;148;178;1;10/09/2026;2;2;4;5;3;3,3;3,5;Media;Punto fuerte: retribución. No acredita a buen nivel ninguna de las habilidades pedidas. Punto débil: encaje con el rol.;Acreditar Negociación: la vacante lo pide y no figura en el CV.;a1fb51b5acf6fea67481767b1124826c
2064;162;87;1;10/09/2026;5;3;1;5;2;4,0;3,7;Alta;Punto fuerte: encaje con el rol. Cubre Figma, Creatividad. Punto débil: experiencia.;Acreditar Photoshop: la vacante lo pide y no figura en el CV.;f9238315c503426a5187792f7e358491
2065;116;204;1;10/09/2026;5;2;3;1;4;3,7;3,7;Media;Punto fuerte: encaje con el rol. Cubre Logística. Punto débil: retribución.;Acreditar Excel avanzado: la vacante lo pide y no figura en el CV.;1d8ddb07bbd95a6cd14f8e409279f715
2066;62;186;1;10/09/2026;2;1;4;3;3;3,0;3,2;Media;Punto fuerte: experiencia. No acredita a buen nivel ninguna de las habilidades pedidas. Punto débil: habilidades pedidas: le falta Excel avanzado, Análisis estadístico.;Acreditar Excel avanzado: la vacante lo pide y no figura en el CV.;cb24798309bdfcaab479bb037eec32ab
2067;88;26;1;10/09/2026;5;2;3;3;2;3,9;4,0;Media;Punto fuerte: encaje con el rol. Cubre Euskera. Punto débil: habilidades pedidas: le falta Logística, SAP.;Acreditar Logística: la vacante lo pide y no figura en el CV.;003d3d1722fa228dec7454b99b38765f
2068;148;49;1;10/09/2026;4;3;4;5;4;4,3;4,2;Alta;Punto fuerte: retribución. Cubre SQL, Euskera. Punto débil: habilidades pedidas: le falta Python, Excel avanzado.;Acreditar Python: la vacante lo pide y no figura en el CV.;a1fb51b5acf6fea67481767b1124826c
2069;142;165;1;10/09/2026;1;1;3;1;1;2,0;2,2;Baja;Punto fuerte: experiencia. No acredita a buen nivel ninguna de las habilidades pedidas. Punto débil: encaje con el rol.;Acreditar Autonomía: la vacante lo pide y no figura en el CV.;e1fbe01088205acf3b93e7e64d89d141
2070;39;58;1;10/09/2026;3;1;2;1;2;2,8;2,9;Baja;Punto fuerte: encaje con el rol. No acredita a buen nivel ninguna de las habilidades pedidas. Punto débil: habilidades pedidas: le falta Microsoft Office, Organización.;Acreditar Microsoft Office: la vacante lo pide y no figura en el CV.;d866939a94fc049e27104c52373baea1
2071;157;53;1;10/09/2026;4;1;3;3;3;3,1;2,7;Media;Punto fuerte: encaje con el rol. No acredita a buen nivel ninguna de las habilidades pedidas. Punto débil: habilidades pedidas: le falta Atención al cliente, Odoo.;Acreditar Atención al cliente: la vacante lo pide y no figura en el CV.;fa8572211f1f46e71c75a0cb5c0d2862
2072;130;78;1;10/09/2026;3;1;3;3;2;2,8;3,2;Baja;Punto fuerte: encaje con el rol. No acredita a buen nivel ninguna de las habilidades pedidas. Punto débil: habilidades pedidas: le falta Mecanizado CNC, Resolución de problemas.;Acreditar Mecanizado CNC: la vacante lo pide y no figura en el CV.;f418584dce751abda6c0d2aa093088b4
2073;174;146;1;10/09/2026;4;2;3;1;3;3,2;2,8;Media;Punto fuerte: encaje con el rol. Cubre JavaScript. Punto débil: retribución.;Acreditar Git: la vacante lo pide y no figura en el CV.;64b84413e08ce6c68dd560ab2f1d283e
2074;102;150;1;10/09/2026;5;2;4;5;3;4,0;3,6;Alta;Punto fuerte: encaje con el rol. Cubre Empatía, Creatividad. Punto débil: habilidades pedidas: le falta Figma, Photoshop.;Acreditar Figma: la vacante lo pide y no figura en el CV.;025b3b4f122944277d4e5de5758fb6c9
2075;145;176;1;10/09/2026;3;3;3;1;3;3,6;3,4;Media;Punto fuerte: encaje con el rol. Cubre Inglés. Punto débil: retribución.;Acreditar Atención al cliente: la vacante lo pide y no figura en el CV.;c2eb8fcb9857632e30768c6103d4b9be
2076;62;159;1;10/09/2026;5;1;3;2;2;3,1;3,0;Media;Punto fuerte: encaje con el rol. No acredita a buen nivel ninguna de las habilidades pedidas. Punto débil: habilidades pedidas: le falta Pensamiento crítico, Power BI.;Acreditar Pensamiento crítico: la vacante lo pide y no figura en el CV.;cb24798309bdfcaab479bb037eec32ab
2077;87;107;1;10/09/2026;5;1;5;5;2;3,7;3,5;Media;Punto fuerte: encaje con el rol. No acredita a buen nivel ninguna de las habilidades pedidas. Punto débil: habilidades pedidas: le falta Soldadura, Autonomía.;Acreditar Soldadura: la vacante lo pide y no figura en el CV.;89728c973c760f1cb456fcbc23c4b8e8
2078;75;171;1;10/09/2026;3;2;4;5;3;3,7;3,3;Media;Punto fuerte: retribución. Cubre Creatividad. Punto débil: habilidades pedidas: le falta Figma, Empatía.;Acreditar Figma: la vacante lo pide y no figura en el CV.;d30d03d751c3dd67c9e53c2c3fd99212
2079;79;78;1;10/09/2026;5;2;2;3;2;3,6;3,4;Media;Punto fuerte: encaje con el rol. Cubre Resolución de problemas. Punto débil: habilidades pedidas: le falta Mecanizado CNC, Autonomía.;Acreditar Mecanizado CNC: la vacante lo pide y no figura en el CV.;dbc3ae586769d482cb1309411aec185f
2080;170;202;1;10/09/2026;4;1;1;3;2;3,0;2,7;Media;Punto fuerte: encaje con el rol. No acredita a buen nivel ninguna de las habilidades pedidas. Punto débil: habilidades pedidas: le falta Excel avanzado, Atención al detalle.;Acreditar Excel avanzado: la vacante lo pide y no figura en el CV.;668e7254b884924a92f136283168eace
2081;11;197;1;10/09/2026;5;3;1;5;3;4,0;3,4;Alta;Punto fuerte: encaje con el rol. Cubre Prevención de riesgos, Euskera. Punto débil: experiencia.;Acreditar Autonomía: la vacante lo pide y no figura en el CV.;3b883509efc39b7f91f118ac94557999
2082;172;90;1;10/09/2026;5;1;1;3;2;2,9;2,7;Baja;Punto fuerte: encaje con el rol. Cubre Euskera. Punto débil: habilidades pedidas: le falta JavaScript, SQL.;Acreditar JavaScript: la vacante lo pide y no figura en el CV.;10804d48ed0564e525d98af0405d3845
2083;165;40;1;10/09/2026;4;2;2;3;3;3,2;3,1;Media;Punto fuerte: encaje con el rol. Cubre Inglés. Punto débil: habilidades pedidas: le falta Francés, Microsoft Office.;Acreditar Francés: la vacante lo pide y no figura en el CV.;657e6bbddbb928be76c4e18d6fedc4eb
2084;133;49;1;10/09/2026;5;3;1;5;3;4,5;4,2;Alta;Punto fuerte: encaje con el rol. Cubre Python, Excel avanzado, Power BI. Punto débil: experiencia.;Acreditar SQL: la vacante lo pide y no figura en el CV.;92132dfcde48ccc936db147438277a1d
2085;109;112;1;10/09/2026;1;3;5;1;3;3,1;3,3;Media;Punto fuerte: experiencia. Cubre Atención al cliente, Euskera. Punto débil: encaje con el rol.;Acreditar Empatía: la vacante lo pide y no figura en el CV.;8c05856918be966f9ef0b4acf5cb8f27
2086;77;159;1;10/09/2026;5;3;1;3;3;3,8;3,8;Media;Punto fuerte: encaje con el rol. Cubre Pensamiento crítico. Punto débil: experiencia.;Acreditar Power BI: la vacante lo pide y no figura en el CV.;6b2ecdff913c1a67b7a1efcffbace6d8
2087;40;84;1;10/09/2026;5;2;4;1;3;4,0;4,2;Alta;Punto fuerte: encaje con el rol. Cubre Comunicación, Pensamiento crítico. Punto débil: retribución.;Acreditar Negociación: la vacante lo pide y no figura en el CV.;9787e8ce8f1ff73732a864352c285885
2088;103;221;1;10/09/2026;5;2;3;3;2;3,8;3,5;Media;Punto fuerte: encaje con el rol. Cubre Negociación. Punto débil: habilidades pedidas: le falta AutoCAD.;Acreditar AutoCAD: la vacante lo pide y no figura en el CV.;37af7efae85839558568edaf5c1584f8
2089;146;36;1;10/09/2026;5;4;1;2;3;4,1;4,0;Alta;Punto fuerte: encaje con el rol. Cubre SAP, Logística. Punto débil: experiencia.;Subir Organización de nivel 2 a 3.;56850ee8ec9112d68fbd4ae58ed506d0
2090;64;17;1;10/09/2026;2;1;2;5;1;2,3;2,6;Baja;Punto fuerte: retribución. No acredita a buen nivel ninguna de las habilidades pedidas. Punto débil: habilidades pedidas: le falta Inglés, Pensamiento crítico.;Acreditar Inglés: la vacante lo pide y no figura en el CV.;8fcae24fb6920086713d68c73ed9e705
2091;123;135;1;10/09/2026;5;1;4;3;3;3,4;3,3;Media;Punto fuerte: encaje con el rol. No acredita a buen nivel ninguna de las habilidades pedidas. Punto débil: habilidades pedidas: le falta Prevención de riesgos, Soldadura.;Acreditar Prevención de riesgos: la vacante lo pide y no figura en el CV.;6155f3343edca93166aeafc6c86a1068
2092;92;206;1;10/09/2026;1;1;3;3;2;2,4;2,6;Baja;Punto fuerte: experiencia. No acredita a buen nivel ninguna de las habilidades pedidas. Punto débil: encaje con el rol.;Acreditar Atención al cliente: la vacante lo pide y no figura en el CV.;507bc7580a51d87e07b5c014e3951fd6
2093;89;159;1;10/09/2026;1;2;2;3;2;2,9;2,9;Baja;Punto fuerte: retribución. Cubre Excel avanzado. Punto débil: encaje con el rol.;Acreditar Pensamiento crítico: la vacante lo pide y no figura en el CV.;e55d60a89641a3f36c331a954f73d14f
2094;136;155;3;10/09/2026;2;2;4;2;4;3,9;3,9;Media;Revisión manual. Punto fuerte: experiencia.;Acreditar Soldadura: la vacante lo pide y no figura en el CV.;93b8c696e0f7935fa8ed76fd3fea1bd4
2095;18;135;4;10/09/2026;5;2;4;1;2;3,2;3,2;Media;Revisión manual. Punto fuerte: encaje con el rol.;Acreditar Prevención de riesgos: la vacante lo pide y no figura en el CV.;f75337c1535cca7acdd8d464a5086ad5
2096;42;133;4;10/09/2026;5;1;2;4;1;2,9;2,9;Baja;Revisión manual. Punto fuerte: encaje con el rol.;Acreditar Odoo: la vacante lo pide y no figura en el CV.;7a6776a88d11967e775be432e4a0aef0
2097;154;215;3;10/09/2026;4;2;3;1;2;3,3;3,3;Media;Revisión manual. Punto fuerte: encaje con el rol.;Acreditar Organización: la vacante lo pide y no figura en el CV.;40d5713c4e493091a4de62d1b6f17725
2098;162;3;1;11/09/2026;2;2;1;5;2;2,5;2,4;Baja;Punto fuerte: retribución. No acredita a buen nivel ninguna de las habilidades pedidas. Punto débil: experiencia.;Acreditar Ciberseguridad: la vacante lo pide y no figura en el CV.;f9238315c503426a5187792f7e358491
2099;140;108;1;11/09/2026;3;1;5;1;2;3,1;3,5;Media;Punto fuerte: experiencia. No acredita a buen nivel ninguna de las habilidades pedidas. Punto débil: habilidades pedidas: le falta Autonomía, Prevención de riesgos.;Acreditar Autonomía: la vacante lo pide y no figura en el CV.;15e568d91eb2fc6aae516c36f36f1a4d
2100;47;105;1;11/09/2026;2;2;4;3;2;3,1;3,4;Media;Punto fuerte: experiencia. Cubre Inglés, Euskera. Punto débil: encaje con el rol.;Acreditar Microsoft Office: la vacante lo pide y no figura en el CV.;632cb7af436fcdef206636840f9bd3e9
2101;176;179;1;11/09/2026;2;2;2;3;2;3,2;3,3;Media;Punto fuerte: retribución. Cubre Negociación. Punto débil: encaje con el rol.;Acreditar Orientación a resultados: la vacante lo pide y no figura en el CV.;1ced482c4510b4b52ad5c2f4003630db
2102;20;107;1;11/09/2026;2;1;4;4;2;2,9;2,9;Baja;Punto fuerte: experiencia. No acredita a buen nivel ninguna de las habilidades pedidas. Punto débil: habilidades pedidas: le falta Soldadura, Autonomía.;Acreditar Soldadura: la vacante lo pide y no figura en el CV.;d63095188ac78085013df7e2e119a597
2103;164;106;1;11/09/2026;5;1;5;1;3;3,4;3,0;Media;Punto fuerte: encaje con el rol. No acredita a buen nivel ninguna de las habilidades pedidas. Punto débil: habilidades pedidas: le falta Prevención de riesgos, Autonomía.;Acreditar Prevención de riesgos: la vacante lo pide y no figura en el CV.;38e8e7a51bf6f3308187ee8de56882e0
2104;80;19;1;11/09/2026;2;1;1;4;2;2,4;2,7;Baja;Punto fuerte: retribución. No acredita a buen nivel ninguna de las habilidades pedidas. Punto débil: habilidades pedidas: le falta Git, Docker.;Acreditar Git: la vacante lo pide y no figura en el CV.;0ab41c1e90b3e44375989152324bc3dc
2105;62;18;1;11/09/2026;1;2;5;3;2;2,7;2,8;Baja;Punto fuerte: experiencia. Cubre Atención al cliente. Punto débil: encaje con el rol.;Acreditar Empatía: la vacante lo pide y no figura en el CV.;cb24798309bdfcaab479bb037eec32ab
2106;164;202;1;11/09/2026;2;1;5;5;3;3,2;3,1;Media;Punto fuerte: experiencia. No acredita a buen nivel ninguna de las habilidades pedidas. Punto débil: habilidades pedidas: le falta Excel avanzado, Atención al detalle.;Acreditar Excel avanzado: la vacante lo pide y no figura en el CV.;38e8e7a51bf6f3308187ee8de56882e0
2107;17;8;1;11/09/2026;2;2;4;5;2;3,3;3,4;Media;Punto fuerte: retribución. Cubre Euskera. Punto débil: encaje con el rol.;Acreditar Empatía: la vacante lo pide y no figura en el CV.;f3e4a5aecc6a5f944e9ac15302f98862
2108;158;17;1;11/09/2026;5;3;5;5;5;4,8;4,7;Alta;Punto fuerte: encaje con el rol. Cubre Negociación, Comunicación. Punto débil: habilidades pedidas: le falta Pensamiento crítico.;Acreditar Pensamiento crítico: la vacante lo pide y no figura en el CV.;5d29dbd8e3bb9f77158ff25fac3b8b98
2109;110;58;1;11/09/2026;2;2;4;3;3;2,9;3,0;Baja;Punto fuerte: experiencia. Cubre Atención al cliente, Euskera. Punto débil: encaje con el rol.;Acreditar Microsoft Office: la vacante lo pide y no figura en el CV.;30513ba705d6e6ed3ff594b5995fe27c
2110;171;70;1;11/09/2026;5;2;2;3;2;3,9;3,5;Media;Punto fuerte: encaje con el rol. No acredita a buen nivel ninguna de las habilidades pedidas. Punto débil: habilidades pedidas: le falta HubSpot, Google Analytics.;Acreditar HubSpot: la vacante lo pide y no figura en el CV.;9944a1fc8676ca274be2969bba08f94b
2111;167;190;1;11/09/2026;4;2;2;3;2;3,2;2,9;Media;Punto fuerte: encaje con el rol. Cubre Organización. Punto débil: habilidades pedidas: le falta Odoo, Atención al cliente.;Acreditar Odoo: la vacante lo pide y no figura en el CV.;919baa73559e41873c94236e23ca3178
2112;4;135;1;11/09/2026;5;1;5;1;3;3,4;3,2;Media;Punto fuerte: encaje con el rol. No acredita a buen nivel ninguna de las habilidades pedidas. Punto débil: habilidades pedidas: le falta Prevención de riesgos, Soldadura.;Acreditar Prevención de riesgos: la vacante lo pide y no figura en el CV.;c87557ecf671fcc862d8f4c7c86bcd1e
2113;82;186;1;11/09/2026;3;2;2;3;3;3,3;3,1;Media;Punto fuerte: encaje con el rol. Cubre Excel avanzado. Punto débil: habilidades pedidas: le falta Análisis estadístico, Power BI.;Acreditar Análisis estadístico: la vacante lo pide y no figura en el CV.;3ec0b79b25325c03b9a45736b8998523
2114;71;143;1;11/09/2026;2;1;2;4;2;2,8;3,1;Baja;Punto fuerte: retribución. No acredita a buen nivel ninguna de las habilidades pedidas. Punto débil: habilidades pedidas: le falta AutoCAD, Diseño gráfico.;Acreditar AutoCAD: la vacante lo pide y no figura en el CV.;6384f499504c9afb3e5b3fa9933e517e
2115;83;202;1;11/09/2026;5;3;4;3;3;4,5;4,3;Alta;Punto fuerte: encaje con el rol. Cubre Atención al detalle, SAP. Punto débil: habilidades pedidas: le falta Excel avanzado, Pensamiento crítico.;Acreditar Excel avanzado: la vacante lo pide y no figura en el CV.;0da3bf552eaaf1b9ddbdb332ac2cb1a9
2116;141;250;1;11/09/2026;5;2;3;3;3;3,9;3,8;Media;Punto fuerte: encaje con el rol. Cubre Inglés, Euskera. Punto débil: habilidades pedidas: le falta Atención al cliente.;Acreditar Atención al cliente: la vacante lo pide y no figura en el CV.;21048a31d97fe07cff16c453033b21c6
2117;98;17;1;11/09/2026;1;2;2;5;1;2,6;2,3;Baja;Punto fuerte: retribución. Cubre Inglés. Punto débil: encaje con el rol.;Acreditar Pensamiento crítico: la vacante lo pide y no figura en el CV.;c5c761f89bb823c2eba5d9fb3bd0a14d
2118;165;14;1;11/09/2026;1;1;3;2;1;1,8;1,6;Baja;Punto fuerte: experiencia. Cubre Inglés. Punto débil: encaje con el rol.;Acreditar Pensamiento crítico: la vacante lo pide y no figura en el CV.;657e6bbddbb928be76c4e18d6fedc4eb
2119;177;17;1;11/09/2026;1;3;1;5;3;3,0;2,8;Media;Punto fuerte: retribución. Cubre Inglés, Pensamiento crítico. Punto débil: encaje con el rol.;Acreditar Negociación: la vacante lo pide y no figura en el CV.;9d1640cabbe0740641702ecf5805ea48
2120;176;42;1;11/09/2026;2;2;3;3;2;2,9;3,3;Baja;Punto fuerte: experiencia. Cubre Euskera. Punto débil: encaje con el rol.;Acreditar Organización: la vacante lo pide y no figura en el CV.;1ced482c4510b4b52ad5c2f4003630db
2121;157;29;1;11/09/2026;2;3;3;2;4;3,7;3,6;Media;Punto fuerte: probabilidad de entrevista. Cubre Euskera, Inglés. Punto débil: encaje con el rol.;Acreditar Trabajo bajo presión: la vacante lo pide y no figura en el CV.;fa8572211f1f46e71c75a0cb5c0d2862
2122;91;108;3;11/09/2026;2;2;4;3;3;3,3;3,3;Media;Revisión manual. Punto fuerte: experiencia.;Acreditar Autonomía: la vacante lo pide y no figura en el CV.;be9bfff5f85dbd1ee4d9197b95ba39c9
2123;165;14;4;11/09/2026;1;1;4;3;1;2,5;2,5;Baja;Revisión manual. Punto fuerte: experiencia.;Acreditar Pensamiento crítico: la vacante lo pide y no figura en el CV.;657e6bbddbb928be76c4e18d6fedc4eb
2124;138;71;3;11/09/2026;4;3;3;5;4;4,1;4,1;Alta;Revisión manual. Punto fuerte: encaje con el rol.;Acreditar Pensamiento crítico: la vacante lo pide y no figura en el CV.;bd300803255de7021b51593a83a286fc
2125;161;162;3;11/09/2026;3;2;3;4;3;3,4;3,4;Media;Revisión manual. Punto fuerte: encaje con el rol.;Acreditar Euskera: la vacante lo pide y no figura en el CV.;0d8b6979fcb2a36e43ca75f4a7bb1976
2126;149;201;3;11/09/2026;5;2;1;5;2;3,1;3,1;Media;Revisión manual. Punto fuerte: encaje con el rol.;Acreditar Atención al cliente: la vacante lo pide y no figura en el CV.;82a159c54a0f3e395db4aefcd55d422c
2127;169;190;1;12/09/2026;5;2;1;3;3;3,2;3,5;Media;Punto fuerte: encaje con el rol. Cubre Organización. Punto débil: experiencia.;Acreditar Odoo: la vacante lo pide y no figura en el CV.;094f54740365c9e0df07077c26e0c5bc
2128;133;26;1;12/09/2026;1;2;2;4;2;2,9;3,0;Baja;Punto fuerte: retribución. Cubre Excel avanzado. Punto débil: encaje con el rol.;Acreditar Logística: la vacante lo pide y no figura en el CV.;92132dfcde48ccc936db147438277a1d
2129;145;19;1;12/09/2026;2;2;1;4;2;3,2;3,1;Media;Punto fuerte: retribución. No acredita a buen nivel ninguna de las habilidades pedidas. Punto débil: experiencia.;Acreditar Git: la vacante lo pide y no figura en el CV.;c2eb8fcb9857632e30768c6103d4b9be
2130;109;224;1;12/09/2026;1;1;5;3;2;2,5;2,4;Baja;Punto fuerte: experiencia. No acredita a buen nivel ninguna de las habilidades pedidas. Punto débil: encaje con el rol.;Acreditar Java: la vacante lo pide y no figura en el CV.;8c05856918be966f9ef0b4acf5cb8f27
2131;46;112;1;12/09/2026;2;2;4;1;2;2,8;2,4;Baja;Punto fuerte: experiencia. Cubre Euskera. Punto débil: retribución.;Acreditar Empatía: la vacante lo pide y no figura en el CV.;bd22d806c7aa9abe89853a933bae69c6
2132;118;49;1;12/09/2026;5;2;2;3;3;4,0;3,7;Alta;Punto fuerte: encaje con el rol. Cubre Python, Euskera. Punto débil: habilidades pedidas: le falta SQL, Excel avanzado.;Acreditar SQL: la vacante lo pide y no figura en el CV.;7cd441c45246fdcf3b7ed7b74b726039
2133;148;222;1;12/09/2026;2;2;5;5;2;3,3;3,7;Media;Punto fuerte: experiencia. Cubre Euskera. Punto débil: encaje con el rol.;Acreditar Prevención de riesgos: la vacante lo pide y no figura en el CV.;a1fb51b5acf6fea67481767b1124826c
2134;143;16;1;12/09/2026;2;1;3;3;1;2,5;2,4;Baja;Punto fuerte: experiencia. No acredita a buen nivel ninguna de las habilidades pedidas. Punto débil: habilidades pedidas: le falta Docker, SQL.;Acreditar Docker: la vacante lo pide y no figura en el CV.;37b731f4bbfdbd1bed4aea1a68770abb
2135;140;198;1;12/09/2026;5;2;5;3;3;3,7;3,3;Media;Punto fuerte: encaje con el rol. Cubre Ciberseguridad. Punto débil: habilidades pedidas: le falta Docker, Redes.;Acreditar Docker: la vacante lo pide y no figura en el CV.;15e568d91eb2fc6aae516c36f36f1a4d
2136;136;78;1;12/09/2026;5;2;1;5;3;3,9;3,5;Media;Punto fuerte: encaje con el rol. Cubre Mecanizado CNC. Punto débil: experiencia.;Acreditar Resolución de problemas: la vacante lo pide y no figura en el CV.;93b8c696e0f7935fa8ed76fd3fea1bd4
2137;169;132;1;12/09/2026;4;2;3;3;3;3,5;3,3;Media;Punto fuerte: encaje con el rol. Cubre Organización. Punto débil: habilidades pedidas: le falta Atención al cliente, Microsoft Office.;Acreditar Atención al cliente: la vacante lo pide y no figura en el CV.;094f54740365c9e0df07077c26e0c5bc
2138;137;150;1;12/09/2026;2;2;4;5;2;3,1;2,7;Media;Punto fuerte: retribución. Cubre Empatía, Creatividad. Punto débil: encaje con el rol.;Acreditar Figma: la vacante lo pide y no figura en el CV.;5b76544032609f36e5ba5e6a0363dd74
2139;150;183;1;12/09/2026;5;1;3;5;2;3,4;3,1;Media;Punto fuerte: encaje con el rol. Cubre Negociación. Punto débil: habilidades pedidas: le falta Orientación a resultados, Atención al cliente.;Acreditar Orientación a resultados: la vacante lo pide y no figura en el CV.;1a2ce1afdc167ba0c768c409b48f9d68
2140;166;243;1;12/09/2026;2;1;3;5;2;2,4;2,8;Baja;Punto fuerte: retribución. No acredita a buen nivel ninguna de las habilidades pedidas. Punto débil: habilidades pedidas: le falta Excel avanzado, Power BI.;Acreditar Excel avanzado: la vacante lo pide y no figura en el CV.;1fe052efc10e7c3413db16ca4b5c83b4
2141;117;181;1;12/09/2026;5;2;2;2;3;4,0;3,9;Alta;Punto fuerte: encaje con el rol. No acredita a buen nivel ninguna de las habilidades pedidas. Punto débil: habilidades pedidas: le falta Prevención de riesgos, Autonomía.;Acreditar Prevención de riesgos: la vacante lo pide y no figura en el CV.;35b6487636b234fe1f4efe057b30b1e2
2142;166;150;1;12/09/2026;5;2;4;5;3;3,8;3,7;Media;Punto fuerte: encaje con el rol. Cubre Figma, Creatividad. Punto débil: habilidades pedidas: le falta Empatía, Photoshop.;Acreditar Empatía: la vacante lo pide y no figura en el CV.;1fe052efc10e7c3413db16ca4b5c83b4
2143;172;97;1;12/09/2026;4;1;1;3;2;2,7;2,4;Baja;Punto fuerte: encaje con el rol. No acredita a buen nivel ninguna de las habilidades pedidas. Punto débil: habilidades pedidas: le falta SAP, Atención al detalle.;Acreditar SAP: la vacante lo pide y no figura en el CV.;10804d48ed0564e525d98af0405d3845
2144;151;109;1;12/09/2026;5;3;1;3;3;4,3;4,5;Alta;Punto fuerte: encaje con el rol. Cubre Git, Java. Punto débil: experiencia.;Acreditar JavaScript: la vacante lo pide y no figura en el CV.;860fef57e449c16290ec480422622568
2145;27;163;1;12/09/2026;4;3;2;1;3;3,8;3,9;Media;Punto fuerte: encaje con el rol. Cubre WordPress, Euskera. Punto débil: retribución.;Acreditar Google Analytics: la vacante lo pide y no figura en el CV.;a0489a87a3728bb0e3d150e106c9569a
2146;149;91;1;12/09/2026;5;2;2;4;3;4,3;3,9;Alta;Punto fuerte: encaje con el rol. Cubre Salesforce. Punto débil: habilidades pedidas: le falta Atención al cliente, Orientación a resultados.;Acreditar Atención al cliente: la vacante lo pide y no figura en el CV.;82a159c54a0f3e395db4aefcd55d422c
2147;76;224;1;12/09/2026;2;2;1;2;2;2,6;2,6;Baja;Sin puntos fuertes claros para este puesto. No acredita a buen nivel ninguna de las habilidades pedidas. Punto débil: experiencia.;Acreditar Java: la vacante lo pide y no figura en el CV.;4cfd825587a78dd0bc54d9398a050a4f
2148;5;135;1;12/09/2026;2;1;5;1;2;2,4;2,6;Baja;Punto fuerte: experiencia. No acredita a buen nivel ninguna de las habilidades pedidas. Punto débil: habilidades pedidas: le falta Prevención de riesgos, Soldadura.;Acreditar Prevención de riesgos: la vacante lo pide y no figura en el CV.;f894e1db4345616d702c24ded0c3174b
2149;175;151;1;12/09/2026;2;3;2;5;2;3,3;3,2;Media;Punto fuerte: retribución. Cubre Creatividad. Punto débil: encaje con el rol.;Acreditar Photoshop: la vacante lo pide y no figura en el CV.;743e2a567ed80dee9d1d0fa7f9675c02
2150;167;228;1;12/09/2026;5;3;2;3;4;3,9;3,7;Media;Punto fuerte: encaje con el rol. Cubre Comunicación, Empatía. Punto débil: experiencia.;Acreditar Microsoft Office: la vacante lo pide y no figura en el CV.;919baa73559e41873c94236e23ca3178
2151;149;21;1;12/09/2026;2;1;3;1;1;2,2;2,4;Baja;Punto fuerte: experiencia. No acredita a buen nivel ninguna de las habilidades pedidas. Punto débil: habilidades pedidas: le falta Odoo, Microsoft Office.;Acreditar Odoo: la vacante lo pide y no figura en el CV.;82a159c54a0f3e395db4aefcd55d422c
2152;80;188;1;12/09/2026;5;3;2;3;4;3,8;3,5;Media;Punto fuerte: encaje con el rol. Cubre Comunicación. Punto débil: experiencia.;Acreditar Empatía: la vacante lo pide y no figura en el CV.;0ab41c1e90b3e44375989152324bc3dc
2153;119;108;1;12/09/2026;5;2;3;1;3;3,6;3,8;Media;Punto fuerte: encaje con el rol. Cubre Autonomía. Punto débil: retribución.;Acreditar Prevención de riesgos: la vacante lo pide y no figura en el CV.;bf4d833bd31cd6a9f8c9ebb76104ddf7
2154;2;115;1;12/09/2026;2;1;4;2;2;2,7;2,5;Baja;Punto fuerte: experiencia. No acredita a buen nivel ninguna de las habilidades pedidas. Punto débil: habilidades pedidas: le falta Empatía, Euskera.;Acreditar Empatía: la vacante lo pide y no figura en el CV.;ff6a94069d1ee9118029d75b03c2d938
2155;151;142;1;12/09/2026;3;2;1;4;2;2,7;3,2;Baja;Punto fuerte: retribución. Cubre Excel avanzado. Punto débil: experiencia.;Acreditar Pensamiento crítico: la vacante lo pide y no figura en el CV.;860fef57e449c16290ec480422622568
2156;144;176;1;12/09/2026;2;2;5;3;4;3,0;2,7;Media;Punto fuerte: experiencia. Cubre Inglés. Punto débil: encaje con el rol.;Acreditar Atención al cliente: la vacante lo pide y no figura en el CV.;f5d22e51dd72764d4fbdf8c9428f4295
2157;126;135;1;12/09/2026;4;2;4;1;3;3,6;4,0;Media;Punto fuerte: encaje con el rol. No acredita a buen nivel ninguna de las habilidades pedidas. Punto débil: retribución.;Acreditar Prevención de riesgos: la vacante lo pide y no figura en el CV.;bf8badb65edb2a8201262f446f291c52
2158;55;197;1;12/09/2026;5;2;1;5;3;4,1;3,9;Alta;Punto fuerte: encaje con el rol. Cubre Prevención de riesgos, Euskera. Punto débil: experiencia.;Acreditar Autonomía: la vacante lo pide y no figura en el CV.;bdc486f200cf51150a14741a79615248
2159;128;107;1;12/09/2026;4;1;2;3;2;3,1;2,9;Media;Punto fuerte: encaje con el rol. No acredita a buen nivel ninguna de las habilidades pedidas. Punto débil: habilidades pedidas: le falta Soldadura, Autonomía.;Acreditar Soldadura: la vacante lo pide y no figura en el CV.;dc4a815cd975a1b7a4abe5c4611d9745
2160;171;55;1;12/09/2026;3;2;1;3;2;3,1;3,0;Media;Punto fuerte: encaje con el rol. No acredita a buen nivel ninguna de las habilidades pedidas. Punto débil: experiencia.;Acreditar Pensamiento crítico: la vacante lo pide y no figura en el CV.;9944a1fc8676ca274be2969bba08f94b
2161;4;197;1;12/09/2026;5;1;3;5;2;3,5;3,5;Media;Punto fuerte: encaje con el rol. No acredita a buen nivel ninguna de las habilidades pedidas. Punto débil: habilidades pedidas: le falta Autonomía, Prevención de riesgos.;Acreditar Autonomía: la vacante lo pide y no figura en el CV.;c87557ecf671fcc862d8f4c7c86bcd1e
2162;122;19;1;12/09/2026;5;2;1;2;2;3,8;3,7;Media;Punto fuerte: encaje con el rol. Cubre Git, Python. Punto débil: experiencia.;Acreditar Docker: la vacante lo pide y no figura en el CV.;0f47f08a3ff2736019f0343b79efd27a
2163;158;116;1;12/09/2026;5;1;4;4;2;3,9;3,9;Media;Punto fuerte: encaje con el rol. Cubre Organización. Punto débil: habilidades pedidas: le falta Odoo, Microsoft Office.;Acreditar Odoo: la vacante lo pide y no figura en el CV.;5d29dbd8e3bb9f77158ff25fac3b8b98
2164;123;206;1;12/09/2026;4;2;3;3;3;4,0;3,5;Alta;Punto fuerte: encaje con el rol. Cubre Atención al cliente. Punto débil: habilidades pedidas: le falta Microsoft Office, Organización.;Acreditar Microsoft Office: la vacante lo pide y no figura en el CV.;6155f3343edca93166aeafc6c86a1068
2165;46;112;3;12/09/2026;3;2;5;1;2;2,3;2,3;Baja;Revisión manual. Punto fuerte: experiencia.;Acreditar Empatía: la vacante lo pide y no figura en el CV.;bd22d806c7aa9abe89853a933bae69c6
2166;4;197;4;12/09/2026;5;1;3;5;2;4,1;4,1;Alta;Revisión manual. Punto fuerte: encaje con el rol.;Acreditar Autonomía: la vacante lo pide y no figura en el CV.;c87557ecf671fcc862d8f4c7c86bcd1e
2167;39;58;4;12/09/2026;4;1;3;1;1;2,7;2,7;Baja;Revisión manual. Punto fuerte: encaje con el rol.;Acreditar Microsoft Office: la vacante lo pide y no figura en el CV.;d866939a94fc049e27104c52373baea1
2168;160;6;4;12/09/2026;5;2;1;5;3;3,5;3,5;Media;Revisión manual. Punto fuerte: retribución.;Acreditar Empatía: la vacante lo pide y no figura en el CV.;f9fae36eb913d8400aef78c996db9518
2169;149;21;4;12/09/2026;2;1;3;1;1;2,6;2,6;Baja;Revisión manual. Punto fuerte: experiencia.;Acreditar Odoo: la vacante lo pide y no figura en el CV.;82a159c54a0f3e395db4aefcd55d422c
2170;143;243;3;12/09/2026;3;1;4;3;4;3,5;3,5;Media;Revisión manual. Punto fuerte: experiencia.;Acreditar Excel avanzado: la vacante lo pide y no figura en el CV.;37b731f4bbfdbd1bed4aea1a68770abb
2171;169;190;4;12/09/2026;5;2;2;3;2;3,1;3,1;Media;Revisión manual. Punto fuerte: encaje con el rol.;Acreditar Odoo: la vacante lo pide y no figura en el CV.;094f54740365c9e0df07077c26e0c5bc
2172;92;164;1;13/09/2026;3;1;4;3;2;3,0;3,2;Media;Punto fuerte: experiencia. No acredita a buen nivel ninguna de las habilidades pedidas. Punto débil: habilidades pedidas: le falta Resolución de problemas, Prevención de riesgos.;Acreditar Resolución de problemas: la vacante lo pide y no figura en el CV.;507bc7580a51d87e07b5c014e3951fd6
2173;149;18;1;13/09/2026;1;3;3;5;3;3,8;3,9;Media;Punto fuerte: retribución. Cubre Empatía, Trabajo bajo presión. Punto débil: encaje con el rol.;Acreditar Atención al cliente: la vacante lo pide y no figura en el CV.;82a159c54a0f3e395db4aefcd55d422c
2174;170;170;1;13/09/2026;2;1;1;3;2;2,4;2,4;Baja;Punto fuerte: retribución. No acredita a buen nivel ninguna de las habilidades pedidas. Punto débil: habilidades pedidas: le falta Figma, Empatía.;Acreditar Figma: la vacante lo pide y no figura en el CV.;668e7254b884924a92f136283168eace
2175;43;224;1;13/09/2026;5;1;2;3;3;3,4;2,9;Media;Punto fuerte: encaje con el rol. No acredita a buen nivel ninguna de las habilidades pedidas. Punto débil: habilidades pedidas: le falta Java, JavaScript.;Acreditar Java: la vacante lo pide y no figura en el CV.;9defc6717147945ac3ef5433653b5bd3
2176;15;49;1;13/09/2026;3;1;2;5;2;2,8;2,6;Baja;Punto fuerte: retribución. No acredita a buen nivel ninguna de las habilidades pedidas. Punto débil: habilidades pedidas: le falta Python, SQL.;Acreditar Python: la vacante lo pide y no figura en el CV.;045acccb8d5df88f9758c8c5ad6ab3da
2177;18;224;1;13/09/2026;1;2;3;3;2;2,8;2,6;Baja;Punto fuerte: experiencia. No acredita a buen nivel ninguna de las habilidades pedidas. Punto débil: encaje con el rol.;Acreditar Java: la vacante lo pide y no figura en el CV.;f75337c1535cca7acdd8d464a5086ad5
2178;164;60;1;13/09/2026;5;1;5;3;2;3,5;3,4;Media;Punto fuerte: encaje con el rol. No acredita a buen nivel ninguna de las habilidades pedidas. Punto débil: habilidades pedidas: le falta Prevención de riesgos, Mecanizado CNC.;Acreditar Prevención de riesgos: la vacante lo pide y no figura en el CV.;38e8e7a51bf6f3308187ee8de56882e0
2179;160;54;1;13/09/2026;5;1;1;5;2;3,3;3,3;Media;Punto fuerte: encaje con el rol. Cubre WordPress. Punto débil: habilidades pedidas: le falta Google Analytics, HubSpot.;Acreditar Google Analytics: la vacante lo pide y no figura en el CV.;f9fae36eb913d8400aef78c996db9518
2180;172;141;1;13/09/2026;4;3;3;1;3;3,4;3,2;Media;Punto fuerte: encaje con el rol. Cubre Inglés, Euskera. Punto débil: retribución.;Acreditar Microsoft Office: la vacante lo pide y no figura en el CV.;10804d48ed0564e525d98af0405d3845
2181;118;179;1;13/09/2026;2;1;4;3;3;3,0;3,3;Media;Punto fuerte: experiencia. No acredita a buen nivel ninguna de las habilidades pedidas. Punto débil: habilidades pedidas: le falta Negociación, Orientación a resultados.;Acreditar Negociación: la vacante lo pide y no figura en el CV.;7cd441c45246fdcf3b7ed7b74b726039
2182;157;106;1;13/09/2026;2;1;4;1;2;2,6;2,3;Baja;Punto fuerte: experiencia. No acredita a buen nivel ninguna de las habilidades pedidas. Punto débil: habilidades pedidas: le falta Soldadura, Prevención de riesgos.;Acreditar Soldadura: la vacante lo pide y no figura en el CV.;fa8572211f1f46e71c75a0cb5c0d2862
2183;145;113;1;13/09/2026;3;2;1;5;2;3,5;3,8;Media;Punto fuerte: retribución. No acredita a buen nivel ninguna de las habilidades pedidas. Punto débil: experiencia.;Acreditar Análisis estadístico: la vacante lo pide y no figura en el CV.;c2eb8fcb9857632e30768c6103d4b9be
2184;168;122;1;13/09/2026;2;2;3;4;1;2,7;2,7;Baja;Punto fuerte: retribución. Cubre Prevención de riesgos. Punto débil: probabilidad de entrevista.;Acreditar Autonomía: la vacante lo pide y no figura en el CV.;6e99ec51b0558b6cbd3dcbafdad94b6c
2185;22;7;1;13/09/2026;3;1;4;3;2;2,9;3,2;Baja;Punto fuerte: experiencia. No acredita a buen nivel ninguna de las habilidades pedidas. Punto débil: habilidades pedidas: le falta Análisis estadístico, Atención al detalle.;Acreditar Análisis estadístico: la vacante lo pide y no figura en el CV.;b014218a24551d0c092d944009a50535
2186;90;39;1;13/09/2026;2;1;5;2;2;2,7;3,0;Baja;Punto fuerte: experiencia. No acredita a buen nivel ninguna de las habilidades pedidas. Punto débil: habilidades pedidas: le falta Redes, Docker.;Acreditar Redes: la vacante lo pide y no figura en el CV.;76f8de286439e9508b10f9e90bf2fedc
2187;152;229;1;13/09/2026;4;2;5;3;3;3,8;3,8;Media;Punto fuerte: experiencia. Cubre Excel avanzado. Punto débil: habilidades pedidas: le falta Contabilidad, Power BI.;Acreditar Contabilidad: la vacante lo pide y no figura en el CV.;8873fba43883f8395187bc4151dee2b7
2188;174;113;1;13/09/2026;5;2;2;4;4;4,1;4,0;Alta;Punto fuerte: encaje con el rol. Cubre Análisis estadístico. Punto débil: habilidades pedidas: le falta SQL, Python.;Acreditar SQL: la vacante lo pide y no figura en el CV.;64b84413e08ce6c68dd560ab2f1d283e
2189;121;170;1;13/09/2026;2;1;1;5;1;2,4;2,6;Baja;Punto fuerte: retribución. No acredita a buen nivel ninguna de las habilidades pedidas. Punto débil: habilidades pedidas: le falta Figma, Empatía.;Acreditar Figma: la vacante lo pide y no figura en el CV.;cb39e08210413c9765882bcc9841220f
2190;181;194;1;13/09/2026;2;1;3;2;2;2,4;2,6;Baja;Punto fuerte: experiencia. No acredita a buen nivel ninguna de las habilidades pedidas. Punto débil: habilidades pedidas: le falta Mecanizado CNC, Prevención de riesgos.;Acreditar Mecanizado CNC: la vacante lo pide y no figura en el CV.;225c263afcaf1a47fd96d6c55f4da457
2191;157;62;1;13/09/2026;5;1;4;3;2;3,0;3,0;Media;Punto fuerte: encaje con el rol. No acredita a buen nivel ninguna de las habilidades pedidas. Punto débil: habilidades pedidas: le falta Odoo, Microsoft Office.;Acreditar Odoo: la vacante lo pide y no figura en el CV.;fa8572211f1f46e71c75a0cb5c0d2862
2192;153;59;1;13/09/2026;3;1;2;4;2;3,2;3,6;Media;Punto fuerte: retribución. No acredita a buen nivel ninguna de las habilidades pedidas. Punto débil: habilidades pedidas: le falta Excel avanzado, Power BI.;Acreditar Excel avanzado: la vacante lo pide y no figura en el CV.;710b38a2942a0a29d089f09f45e0f558
2193;181;96;1;13/09/2026;2;2;4;1;2;2,7;2,7;Baja;Punto fuerte: experiencia. No acredita a buen nivel ninguna de las habilidades pedidas. Punto débil: retribución.;Acreditar SQL: la vacante lo pide y no figura en el CV.;225c263afcaf1a47fd96d6c55f4da457
2194;165;133;1;13/09/2026;3;2;2;3;3;3,3;3,1;Media;Punto fuerte: encaje con el rol. Cubre Organización. Punto débil: habilidades pedidas: le falta Odoo, Microsoft Office.;Acreditar Odoo: la vacante lo pide y no figura en el CV.;657e6bbddbb928be76c4e18d6fedc4eb
2195;106;164;1;13/09/2026;5;3;3;3;3;4,1;3,7;Alta;Punto fuerte: encaje con el rol. Cubre Resolución de problemas, Autonomía. Punto débil: habilidades pedidas: le falta Prevención de riesgos.;Acreditar Prevención de riesgos: la vacante lo pide y no figura en el CV.;1d34b2b4a5c33959f0ee775925dcb0e2
2196;181;69;1;13/09/2026;1;2;5;1;3;3,0;2,8;Media;Punto fuerte: experiencia. Cubre Atención al cliente. Punto débil: encaje con el rol.;Acreditar Odoo: la vacante lo pide y no figura en el CV.;225c263afcaf1a47fd96d6c55f4da457
2197;168;204;1;13/09/2026;2;2;5;1;3;3,1;3,3;Media;Punto fuerte: experiencia. No acredita a buen nivel ninguna de las habilidades pedidas. Punto débil: retribución.;Acreditar Excel avanzado: la vacante lo pide y no figura en el CV.;6e99ec51b0558b6cbd3dcbafdad94b6c
2198;173;150;1;13/09/2026;5;5;3;5;5;5,0;4,6;Alta;Punto fuerte: encaje con el rol. Cubre Empatía, Figma, Creatividad. Punto débil: experiencia.;Pocas mejoras posibles: preparar la entrevista.;cef10ca99a3e1958919242477f4ccca8
2199;22;170;1;13/09/2026;2;2;3;4;3;3,1;2,8;Media;Punto fuerte: retribución. Cubre Empatía. Punto débil: encaje con el rol.;Acreditar Figma: la vacante lo pide y no figura en el CV.;b014218a24551d0c092d944009a50535
2200;78;18;1;13/09/2026;2;2;3;5;2;3,0;3,2;Media;Punto fuerte: retribución. No acredita a buen nivel ninguna de las habilidades pedidas. Punto débil: encaje con el rol.;Acreditar Empatía: la vacante lo pide y no figura en el CV.;215b534770cb82e308cf143763fa6b20
2201;57;8;1;13/09/2026;2;1;3;4;1;2,5;2,5;Baja;Punto fuerte: retribución. No acredita a buen nivel ninguna de las habilidades pedidas. Punto débil: habilidades pedidas: le falta Empatía, Euskera.;Acreditar Empatía: la vacante lo pide y no figura en el CV.;32e0331dbc878ffbd95b2b90ac4d72f2
2202;115;171;1;13/09/2026;2;3;2;5;3;3,5;3,7;Media;Punto fuerte: retribución. Cubre Empatía, Creatividad. Punto débil: encaje con el rol.;Acreditar Figma: la vacante lo pide y no figura en el CV.;aa65de7ed7107b5037472dc734fcc40a
2203;4;159;1;13/09/2026;2;1;4;3;2;2,5;2,3;Baja;Punto fuerte: experiencia. No acredita a buen nivel ninguna de las habilidades pedidas. Punto débil: habilidades pedidas: le falta Pensamiento crítico, Power BI.;Acreditar Pensamiento crítico: la vacante lo pide y no figura en el CV.;c87557ecf671fcc862d8f4c7c86bcd1e
2204;55;155;1;13/09/2026;5;2;3;1;3;3,0;3,0;Media;Punto fuerte: encaje con el rol. Cubre Prevención de riesgos. Punto débil: retribución.;Acreditar Soldadura: la vacante lo pide y no figura en el CV.;bdc486f200cf51150a14741a79615248
2205;144;114;1;13/09/2026;2;1;5;3;2;3,1;3,0;Media;Punto fuerte: experiencia. No acredita a buen nivel ninguna de las habilidades pedidas. Punto débil: habilidades pedidas: le falta Salesforce, Orientación a resultados.;Acreditar Salesforce: la vacante lo pide y no figura en el CV.;f5d22e51dd72764d4fbdf8c9428f4295
2206;181;184;1;13/09/2026;2;2;3;4;2;3,0;3,2;Media;Punto fuerte: retribución. No acredita a buen nivel ninguna de las habilidades pedidas. Punto débil: encaje con el rol.;Acreditar AutoCAD: la vacante lo pide y no figura en el CV.;225c263afcaf1a47fd96d6c55f4da457
2207;148;19;1;13/09/2026;5;3;3;5;4;4,9;4,8;Alta;Punto fuerte: encaje con el rol. Cubre Git, Docker, SQL. Punto débil: habilidades pedidas: le falta Python.;Acreditar Python: la vacante lo pide y no figura en el CV.;a1fb51b5acf6fea67481767b1124826c
2208;155;76;1;13/09/2026;1;1;2;4;1;2,0;2,1;Baja;Punto fuerte: retribución. No acredita a buen nivel ninguna de las habilidades pedidas. Punto débil: encaje con el rol.;Acreditar AutoCAD: la vacante lo pide y no figura en el CV.;3daea981a217068fe0d70fc6d50ff35f
2209;87;122;1;13/09/2026;5;1;5;5;3;4,1;3,9;Alta;Punto fuerte: encaje con el rol. No acredita a buen nivel ninguna de las habilidades pedidas. Punto débil: habilidades pedidas: le falta Prevención de riesgos, Autonomía.;Acreditar Prevención de riesgos: la vacante lo pide y no figura en el CV.;89728c973c760f1cb456fcbc23c4b8e8
2210;152;190;1;13/09/2026;5;1;5;3;4;4,1;3,7;Alta;Punto fuerte: encaje con el rol. Cubre Atención al cliente. Punto débil: habilidades pedidas: le falta Odoo, Organización.;Acreditar Odoo: la vacante lo pide y no figura en el CV.;8873fba43883f8395187bc4151dee2b7
2211;156;24;1;13/09/2026;1;1;3;1;2;1,6;1,5;Baja;Punto fuerte: experiencia. No acredita a buen nivel ninguna de las habilidades pedidas. Punto débil: encaje con el rol.;Acreditar Euskera: la vacante lo pide y no figura en el CV.;a566a04df4a6ac6960076b84a0fa9402
2212;167;142;1;13/09/2026;2;2;1;3;2;2,6;2,3;Baja;Punto fuerte: retribución. Cubre Excel avanzado. Punto débil: experiencia.;Acreditar Pensamiento crítico: la vacante lo pide y no figura en el CV.;919baa73559e41873c94236e23ca3178
2213;178;87;1;13/09/2026;2;1;3;4;2;2,9;3,1;Baja;Punto fuerte: retribución. No acredita a buen nivel ninguna de las habilidades pedidas. Punto débil: habilidades pedidas: le falta Figma, Creatividad.;Acreditar Figma: la vacante lo pide y no figura en el CV.;8dfeba13f28d7b423b7f03c196224393
2214;68;133;1;13/09/2026;4;2;4;1;3;3,6;3,2;Media;Punto fuerte: encaje con el rol. Cubre Odoo, Microsoft Office. Punto débil: retribución.;Acreditar Organización: la vacante lo pide y no figura en el CV.;e74475b24a3a5e1c4424f7c7a57ca71c
2215;23;159;1;13/09/2026;2;1;5;3;3;2,7;2,5;Baja;Punto fuerte: experiencia. No acredita a buen nivel ninguna de las habilidades pedidas. Punto débil: habilidades pedidas: le falta Pensamiento crítico, Power BI.;Acreditar Pensamiento crítico: la vacante lo pide y no figura en el CV.;c69114ac25b163c11e24ee2b45095c2e
2216;172;34;1;13/09/2026;5;2;2;1;3;4,0;3,8;Alta;Punto fuerte: encaje con el rol. Cubre Trabajo bajo presión. Punto débil: retribución.;Acreditar Organización: la vacante lo pide y no figura en el CV.;10804d48ed0564e525d98af0405d3845
2217;104;164;1;13/09/2026;5;2;4;1;4;4,3;4,1;Alta;Punto fuerte: encaje con el rol. Cubre Autonomía. Punto débil: retribución.;Acreditar Resolución de problemas: la vacante lo pide y no figura en el CV.;83784fb75cfd6f0b3f6f78ed66c29913
2218;146;96;1;13/09/2026;1;1;3;1;1;1,5;1,9;Baja;Punto fuerte: experiencia. No acredita a buen nivel ninguna de las habilidades pedidas. Punto débil: encaje con el rol.;Acreditar SQL: la vacante lo pide y no figura en el CV.;56850ee8ec9112d68fbd4ae58ed506d0
2219;156;45;1;13/09/2026;5;2;2;4;3;3,6;3,6;Media;Punto fuerte: encaje con el rol. Cubre AutoCAD, Diseño gráfico. Punto débil: habilidades pedidas: le falta Atención al detalle, Euskera.;Acreditar Atención al detalle: la vacante lo pide y no figura en el CV.;a566a04df4a6ac6960076b84a0fa9402
2220;93;216;1;13/09/2026;4;2;5;1;3;4,1;3,9;Alta;Punto fuerte: experiencia. Cubre Euskera. Punto débil: retribución.;Acreditar Organización: la vacante lo pide y no figura en el CV.;7471a6f385b02e1a4dfb6809e06f286e
2221;172;47;1;13/09/2026;2;1;1;3;2;2,4;2,4;Baja;Punto fuerte: retribución. Cubre Euskera. Punto débil: habilidades pedidas: le falta Figma, Creatividad.;Acreditar Figma: la vacante lo pide y no figura en el CV.;10804d48ed0564e525d98af0405d3845
2222;165;72;1;13/09/2026;4;3;2;3;3;3,7;3,7;Media;Punto fuerte: encaje con el rol. Cubre Atención al cliente, Inglés. Punto débil: experiencia.;Acreditar Microsoft Office: la vacante lo pide y no figura en el CV.;657e6bbddbb928be76c4e18d6fedc4eb
2223;130;78;4;13/09/2026;3;1;3;2;2;2,8;2,8;Baja;Revisión manual. Punto fuerte: encaje con el rol.;Acreditar Mecanizado CNC: la vacante lo pide y no figura en el CV.;f418584dce751abda6c0d2aa093088b4
2224;176;179;3;13/09/2026;2;3;2;4;2;3,8;3,8;Media;Revisión manual. Punto fuerte: retribución.;Acreditar Orientación a resultados: la vacante lo pide y no figura en el CV.;1ced482c4510b4b52ad5c2f4003630db
2225;151;245;3;13/09/2026;3;1;1;4;2;3,3;3,3;Media;Revisión manual. Punto fuerte: retribución.;Acreditar Resolución de problemas: la vacante lo pide y no figura en el CV.;860fef57e449c16290ec480422622568
2226;181;184;3;13/09/2026;2;1;3;3;1;3,4;3,4;Media;Revisión manual. Punto fuerte: retribución.;Acreditar AutoCAD: la vacante lo pide y no figura en el CV.;225c263afcaf1a47fd96d6c55f4da457
2227;92;206;3;13/09/2026;1;1;3;3;3;2,4;2,4;Baja;Revisión manual. Punto fuerte: experiencia.;Acreditar Atención al cliente: la vacante lo pide y no figura en el CV.;507bc7580a51d87e07b5c014e3951fd6
2228;169;126;1;14/09/2026;4;1;4;3;2;2,8;3,0;Baja;Punto fuerte: encaje con el rol. No acredita a buen nivel ninguna de las habilidades pedidas. Punto débil: habilidades pedidas: le falta Orientación a resultados, Atención al cliente.;Acreditar Orientación a resultados: la vacante lo pide y no figura en el CV.;094f54740365c9e0df07077c26e0c5bc
2229;165;163;1;14/09/2026;1;1;3;1;2;1,9;1,8;Baja;Punto fuerte: experiencia. No acredita a buen nivel ninguna de las habilidades pedidas. Punto débil: encaje con el rol.;Acreditar Google Analytics: la vacante lo pide y no figura en el CV.;657e6bbddbb928be76c4e18d6fedc4eb
2230;135;19;1;14/09/2026;2;1;1;2;1;2,0;1,7;Baja;Sin puntos fuertes claros para este puesto. No acredita a buen nivel ninguna de las habilidades pedidas. Punto débil: habilidades pedidas: le falta Git, Docker.;Acreditar Git: la vacante lo pide y no figura en el CV.;b9bc17dfc73171df3d3d1b8ba6e3f3d7
2231;158;228;1;14/09/2026;5;2;5;1;4;4,2;4,1;Alta;Punto fuerte: encaje con el rol. Cubre Comunicación, Empatía. Punto débil: retribución.;Acreditar Microsoft Office: la vacante lo pide y no figura en el CV.;5d29dbd8e3bb9f77158ff25fac3b8b98
2232;163;167;1;14/09/2026;2;2;4;3;2;3,1;2,7;Media;Punto fuerte: experiencia. Cubre Euskera. Punto débil: encaje con el rol.;Acreditar Organización: la vacante lo pide y no figura en el CV.;c4e4a07f0c05c8aa7e69aa67336b168e
2233;121;202;1;14/09/2026;5;1;3;4;3;3,8;3,5;Media;Punto fuerte: encaje con el rol. No acredita a buen nivel ninguna de las habilidades pedidas. Punto débil: habilidades pedidas: le falta Excel avanzado, Atención al detalle.;Acreditar Excel avanzado: la vacante lo pide y no figura en el CV.;cb39e08210413c9765882bcc9841220f
2234;171;179;1;14/09/2026;1;2;3;3;3;3,1;3,4;Media;Punto fuerte: experiencia. Cubre Orientación a resultados. Punto débil: encaje con el rol.;Acreditar Negociación: la vacante lo pide y no figura en el CV.;9944a1fc8676ca274be2969bba08f94b
2235;168;41;1;14/09/2026;4;3;4;4;5;4,5;4,2;Alta;Punto fuerte: probabilidad de entrevista. Cubre Gestión de proyectos, Prevención de riesgos, AutoCAD. Punto débil: habilidades pedidas.;Subir Euskera de nivel 2 a 3.;6e99ec51b0558b6cbd3dcbafdad94b6c
2236;72;49;1;14/09/2026;5;2;5;5;4;4,2;3,8;Alta;Punto fuerte: encaje con el rol. Cubre Power BI. Punto débil: habilidades pedidas: le falta Python, SQL.;Acreditar Python: la vacante lo pide y no figura en el CV.;00c6ea09b3c021f3b117297451d698eb
2237;120;49;1;14/09/2026;3;1;3;5;2;2,9;3,3;Baja;Punto fuerte: retribución. No acredita a buen nivel ninguna de las habilidades pedidas. Punto débil: habilidades pedidas: le falta Python, SQL.;Acreditar Python: la vacante lo pide y no figura en el CV.;316f87cb8ffa1f8e3787c1907ef0d540
2238;165;23;1;14/09/2026;4;2;4;1;4;3,3;3,1;Media;Punto fuerte: encaje con el rol. Cubre Inglés, Atención al cliente. Punto débil: retribución.;Acreditar Francés: la vacante lo pide y no figura en el CV.;657e6bbddbb928be76c4e18d6fedc4eb
2239;126;224;1;14/09/2026;4;2;2;3;4;3,8;3,6;Media;Punto fuerte: encaje con el rol. Cubre Java. Punto débil: habilidades pedidas: le falta JavaScript, Git.;Acreditar JavaScript: la vacante lo pide y no figura en el CV.;bf8badb65edb2a8201262f446f291c52
2240;151;211;1;14/09/2026;2;1;1;3;2;2,1;1,8;Baja;Punto fuerte: retribución. No acredita a buen nivel ninguna de las habilidades pedidas. Punto débil: habilidades pedidas: le falta Diseño gráfico, Atención al detalle.;Acreditar Diseño gráfico: la vacante lo pide y no figura en el CV.;860fef57e449c16290ec480422622568
2241;146;174;1;14/09/2026;2;4;1;2;3;3,4;3,6;Media;Punto fuerte: habilidades pedidas (Microsoft Office, Negociación). Cubre Microsoft Office, Negociación. Punto débil: experiencia.;Acreditar Empatía: la vacante lo pide y no figura en el CV.;56850ee8ec9112d68fbd4ae58ed506d0
2242;153;221;1;14/09/2026;1;2;4;1;2;2,5;2,4;Baja;Punto fuerte: experiencia. Cubre Euskera. Punto débil: encaje con el rol.;Acreditar Gestión de proyectos: la vacante lo pide y no figura en el CV.;710b38a2942a0a29d089f09f45e0f558
2243;168;121;1;14/09/2026;1;1;5;2;2;2,7;2,6;Baja;Punto fuerte: experiencia. No acredita a buen nivel ninguna de las habilidades pedidas. Punto débil: encaje con el rol.;Acreditar Microsoft Office: la vacante lo pide y no figura en el CV.;6e99ec51b0558b6cbd3dcbafdad94b6c
2244;167;37;1;14/09/2026;3;1;2;3;2;2,5;2,8;Baja;Punto fuerte: encaje con el rol. No acredita a buen nivel ninguna de las habilidades pedidas. Punto débil: habilidades pedidas: le falta Git, Python.;Acreditar Git: la vacante lo pide y no figura en el CV.;919baa73559e41873c94236e23ca3178
2245;165;60;1;14/09/2026;1;2;4;3;3;3,2;3,4;Media;Punto fuerte: experiencia. Cubre Autonomía, Resolución de problemas. Punto débil: encaje con el rol.;Acreditar Prevención de riesgos: la vacante lo pide y no figura en el CV.;657e6bbddbb928be76c4e18d6fedc4eb
2246;145;159;1;14/09/2026;5;1;3;2;2;3,3;3,2;Media;Punto fuerte: encaje con el rol. No acredita a buen nivel ninguna de las habilidades pedidas. Punto débil: habilidades pedidas: le falta Pensamiento crítico, Power BI.;Acreditar Pensamiento crítico: la vacante lo pide y no figura en el CV.;c2eb8fcb9857632e30768c6103d4b9be
2247;169;20;1;14/09/2026;5;2;3;3;3;4,1;4,5;Alta;Punto fuerte: encaje con el rol. Cubre Organización. Punto débil: habilidades pedidas: le falta Odoo, Atención al cliente.;Acreditar Odoo: la vacante lo pide y no figura en el CV.;094f54740365c9e0df07077c26e0c5bc
2248;147;29;1;14/09/2026;1;2;3;3;2;2,7;2,5;Baja;Punto fuerte: experiencia. Cubre Euskera, Inglés. Punto débil: encaje con el rol.;Acreditar Trabajo bajo presión: la vacante lo pide y no figura en el CV.;fdf97188824a0f4524b81923476f2e93
2249;175;37;1;14/09/2026;2;1;2;5;2;2,4;2,3;Baja;Punto fuerte: retribución. No acredita a buen nivel ninguna de las habilidades pedidas. Punto débil: habilidades pedidas: le falta Git, Python.;Acreditar Git: la vacante lo pide y no figura en el CV.;743e2a567ed80dee9d1d0fa7f9675c02
2250;154;250;1;14/09/2026;2;2;3;1;3;2,9;3,0;Baja;Punto fuerte: experiencia. Cubre Euskera. Punto débil: retribución.;Acreditar Atención al cliente: la vacante lo pide y no figura en el CV.;40d5713c4e493091a4de62d1b6f17725
2251;77;73;1;14/09/2026;5;1;1;5;2;3,0;2,8;Media;Punto fuerte: encaje con el rol. Cubre Euskera. Punto débil: habilidades pedidas: le falta Atención al cliente, Odoo.;Acreditar Atención al cliente: la vacante lo pide y no figura en el CV.;6b2ecdff913c1a67b7a1efcffbace6d8
2252;169;9;1;14/09/2026;5;3;1;3;3;4,0;3,9;Alta;Punto fuerte: encaje con el rol. Cubre Organización. Punto débil: experiencia.;Acreditar Atención al cliente: la vacante lo pide y no figura en el CV.;094f54740365c9e0df07077c26e0c5bc
2253;144;96;1;14/09/2026;4;1;5;3;3;3,3;3,0;Media;Punto fuerte: experiencia. No acredita a buen nivel ninguna de las habilidades pedidas. Punto débil: habilidades pedidas: le falta SQL, Python.;Acreditar SQL: la vacante lo pide y no figura en el CV.;f5d22e51dd72764d4fbdf8c9428f4295
2254;154;70;1;14/09/2026;2;1;4;1;1;2,2;2,3;Baja;Punto fuerte: experiencia. No acredita a buen nivel ninguna de las habilidades pedidas. Punto débil: habilidades pedidas: le falta WordPress, HubSpot.;Acreditar WordPress: la vacante lo pide y no figura en el CV.;40d5713c4e493091a4de62d1b6f17725
2255;11;231;1;14/09/2026;5;3;2;3;3;3,9;3,9;Media;Punto fuerte: encaje con el rol. Cubre Gestión de proyectos, AutoCAD. Punto débil: experiencia.;Acreditar SAP: la vacante lo pide y no figura en el CV.;3b883509efc39b7f91f118ac94557999
2256;161;20;1;14/09/2026;5;2;3;2;2;3,8;3,8;Media;Punto fuerte: encaje con el rol. No acredita a buen nivel ninguna de las habilidades pedidas. Punto débil: habilidades pedidas: le falta Odoo, Organización.;Acreditar Odoo: la vacante lo pide y no figura en el CV.;0d8b6979fcb2a36e43ca75f4a7bb1976
2257;58;164;1;14/09/2026;2;2;4;1;2;2,8;3,2;Baja;Punto fuerte: experiencia. Cubre Resolución de problemas. Punto débil: retribución.;Acreditar Prevención de riesgos: la vacante lo pide y no figura en el CV.;f32dca8b4bbeaf7b99a5388a3ee25d05
2258;82;171;1;14/09/2026;1;1;1;5;1;2,2;2,1;Baja;Punto fuerte: retribución. Cubre Empatía. Punto débil: encaje con el rol.;Acreditar Figma: la vacante lo pide y no figura en el CV.;3ec0b79b25325c03b9a45736b8998523
2259;144;91;1;14/09/2026;1;1;5;2;3;2,6;3,0;Baja;Punto fuerte: experiencia. No acredita a buen nivel ninguna de las habilidades pedidas. Punto débil: encaje con el rol.;Acreditar Atención al cliente: la vacante lo pide y no figura en el CV.;f5d22e51dd72764d4fbdf8c9428f4295
2260;154;216;1;14/09/2026;5;2;3;1;4;3,9;3,6;Media;Punto fuerte: encaje con el rol. Cubre Odoo, Euskera. Punto débil: retribución.;Acreditar Organización: la vacante lo pide y no figura en el CV.;40d5713c4e493091a4de62d1b6f17725
2261;37;143;1;14/09/2026;5;3;4;2;3;4,4;4,0;Alta;Punto fuerte: encaje con el rol. Cubre Diseño gráfico, Atención al detalle. Punto débil: retribución.;Acreditar AutoCAD: la vacante lo pide y no figura en el CV.;31b3d37b09ab14302024065358c62f20
2262;168;143;1;14/09/2026;5;2;5;2;4;4,4;4,6;Alta;Punto fuerte: encaje con el rol. Cubre AutoCAD. Punto débil: habilidades pedidas: le falta Diseño gráfico, Atención al detalle.;Acreditar Diseño gráfico: la vacante lo pide y no figura en el CV.;6e99ec51b0558b6cbd3dcbafdad94b6c
2263;170;184;1;14/09/2026;4;3;1;3;3;3,9;3,9;Media;Punto fuerte: encaje con el rol. Cubre AutoCAD, Gestión de proyectos, Resolución de problemas. Punto débil: experiencia.;Acreditar SAP: la vacante lo pide y no figura en el CV.;668e7254b884924a92f136283168eace
2264;106;115;1;14/09/2026;2;4;3;3;3;3,7;4,1;Media;Punto fuerte: habilidades pedidas (Euskera, Comunicación). Cubre Euskera, Comunicación. Punto débil: encaje con el rol.;Acreditar Empatía: la vacante lo pide y no figura en el CV.;1d34b2b4a5c33959f0ee775925dcb0e2
2265;12;115;1;14/09/2026;5;3;3;2;4;4,2;4,5;Alta;Punto fuerte: encaje con el rol. Cubre Empatía. Punto débil: retribución.;Subir Euskera de nivel 2 a 3.;71000804a77686a1db7205c014abe342
2266;180;193;1;14/09/2026;5;3;3;1;3;4,4;4,5;Alta;Punto fuerte: encaje con el rol. Cubre Microsoft Office. Punto débil: retribución.;Acreditar Atención al cliente: la vacante lo pide y no figura en el CV.;c4df8a0ce8a53a0d50c86652899e74ad
2267;169;140;1;14/09/2026;3;1;2;4;2;2,3;2,4;Baja;Punto fuerte: retribución. No acredita a buen nivel ninguna de las habilidades pedidas. Punto débil: habilidades pedidas: le falta Vocación de servicio, Atención al cliente.;Acreditar Vocación de servicio: la vacante lo pide y no figura en el CV.;094f54740365c9e0df07077c26e0c5bc
2268;72;224;1;14/09/2026;3;2;5;3;4;4,1;4,2;Alta;Punto fuerte: experiencia. No acredita a buen nivel ninguna de las habilidades pedidas. Punto débil: habilidades pedidas: le falta Java, JavaScript.;Acreditar Java: la vacante lo pide y no figura en el CV.;00c6ea09b3c021f3b117297451d698eb
2269;162;8;1;14/09/2026;2;3;2;4;2;3,0;2,9;Media;Punto fuerte: retribución. Cubre Creatividad. Punto débil: encaje con el rol.;Acreditar Comunicación: la vacante lo pide y no figura en el CV.;f9238315c503426a5187792f7e358491
2270;178;181;1;14/09/2026;3;2;4;4;3;3,6;3,5;Media;Punto fuerte: experiencia. No acredita a buen nivel ninguna de las habilidades pedidas. Punto débil: habilidades pedidas: le falta Autonomía, Soldadura.;Acreditar Autonomía: la vacante lo pide y no figura en el CV.;8dfeba13f28d7b423b7f03c196224393
2271;147;117;1;14/09/2026;2;1;2;4;2;2,5;2,8;Baja;Punto fuerte: retribución. Cubre Orientación a resultados. Punto débil: habilidades pedidas: le falta Negociación, Salesforce.;Acreditar Negociación: la vacante lo pide y no figura en el CV.;fdf97188824a0f4524b81923476f2e93
2272;162;115;1;14/09/2026;2;2;2;3;2;3,0;3,0;Media;Punto fuerte: retribución. No acredita a buen nivel ninguna de las habilidades pedidas. Punto débil: encaje con el rol.;Acreditar Comunicación: la vacante lo pide y no figura en el CV.;f9238315c503426a5187792f7e358491
2273;180;62;1;14/09/2026;5;3;5;3;4;5,0;4,9;Alta;Punto fuerte: encaje con el rol. Cubre Microsoft Office, Organización. Punto débil: habilidades pedidas: le falta Odoo, Atención al cliente.;Acreditar Odoo: la vacante lo pide y no figura en el CV.;c4df8a0ce8a53a0d50c86652899e74ad
2274;180;140;1;14/09/2026;3;1;4;1;2;2,9;2,9;Baja;Punto fuerte: experiencia. No acredita a buen nivel ninguna de las habilidades pedidas. Punto débil: habilidades pedidas: le falta Vocación de servicio, Atención al cliente.;Acreditar Vocación de servicio: la vacante lo pide y no figura en el CV.;c4df8a0ce8a53a0d50c86652899e74ad
2275;127;73;1;14/09/2026;2;2;3;2;3;2,7;3,1;Baja;Punto fuerte: experiencia. Cubre Organización. Punto débil: encaje con el rol.;Acreditar Odoo: la vacante lo pide y no figura en el CV.;c84a1f2aca07835f87348ad25d5788ce
2276;40;17;1;14/09/2026;5;2;1;5;2;3,5;3,3;Media;Punto fuerte: encaje con el rol. Cubre Pensamiento crítico, Comunicación. Punto débil: experiencia.;Acreditar Inglés: la vacante lo pide y no figura en el CV.;9787e8ce8f1ff73732a864352c285885
2277;181;202;1;14/09/2026;2;2;3;3;3;3,6;3,6;Media;Punto fuerte: experiencia. Cubre Atención al detalle. Punto débil: encaje con el rol.;Acreditar Excel avanzado: la vacante lo pide y no figura en el CV.;225c263afcaf1a47fd96d6c55f4da457
2278;170;243;1;14/09/2026;5;2;1;3;2;3,5;3,4;Media;Punto fuerte: encaje con el rol. Cubre SQL, Euskera. Punto débil: experiencia.;Acreditar Excel avanzado: la vacante lo pide y no figura en el CV.;668e7254b884924a92f136283168eace
2279;167;47;1;14/09/2026;2;2;1;3;2;2,4;2,4;Baja;Punto fuerte: retribución. Cubre Empatía. Punto débil: experiencia.;Acreditar Figma: la vacante lo pide y no figura en el CV.;919baa73559e41873c94236e23ca3178
2280;122;78;1;14/09/2026;2;1;1;3;1;2,2;1,8;Baja;Punto fuerte: retribución. No acredita a buen nivel ninguna de las habilidades pedidas. Punto débil: habilidades pedidas: le falta Mecanizado CNC, Resolución de problemas.;Acreditar Mecanizado CNC: la vacante lo pide y no figura en el CV.;0f47f08a3ff2736019f0343b79efd27a
2281;125;18;1;14/09/2026;2;2;2;2;2;2,4;1,9;Baja;Sin puntos fuertes claros para este puesto. Cubre Atención al cliente. Punto débil: encaje con el rol.;Acreditar Empatía: la vacante lo pide y no figura en el CV.;53a01c275e45eeaf2f82fc44b80aed50
2282;76;105;1;14/09/2026;4;2;2;3;2;3,7;3,5;Media;Punto fuerte: encaje con el rol. No acredita a buen nivel ninguna de las habilidades pedidas. Punto débil: habilidades pedidas: le falta Microsoft Office, Inglés.;Acreditar Microsoft Office: la vacante lo pide y no figura en el CV.;4cfd825587a78dd0bc54d9398a050a4f
2283;162;87;4;14/09/2026;5;4;1;5;1;3,7;3,7;Media;Revisión manual. Punto fuerte: encaje con el rol.;Acreditar Photoshop: la vacante lo pide y no figura en el CV.;f9238315c503426a5187792f7e358491
2284;149;91;4;14/09/2026;5;1;2;4;3;4,0;4,0;Alta;Revisión manual. Punto fuerte: encaje con el rol.;Acreditar Atención al cliente: la vacante lo pide y no figura en el CV.;82a159c54a0f3e395db4aefcd55d422c
2285;174;184;3;14/09/2026;4;1;3;3;2;3,2;3,2;Media;Revisión manual. Punto fuerte: encaje con el rol.;Acreditar AutoCAD: la vacante lo pide y no figura en el CV.;64b84413e08ce6c68dd560ab2f1d283e
2286;121;170;4;14/09/2026;3;1;1;5;1;2,0;2,0;Baja;Revisión manual. Punto fuerte: retribución.;Acreditar Figma: la vacante lo pide y no figura en el CV.;cb39e08210413c9765882bcc9841220f
2287;84;49;1;15/09/2026;5;1;2;3;2;3,1;2,8;Media;Punto fuerte: encaje con el rol. Cubre Euskera. Punto débil: habilidades pedidas: le falta Python, Excel avanzado.;Acreditar Python: la vacante lo pide y no figura en el CV.;0831ec1ffe1f6dbf748301b6844105b2
2288;169;127;1;15/09/2026;5;2;1;5;2;3,5;3,4;Media;Punto fuerte: encaje con el rol. Cubre Organización. Punto débil: experiencia.;Acreditar QuickBooks: la vacante lo pide y no figura en el CV.;094f54740365c9e0df07077c26e0c5bc
2289;10;105;1;15/09/2026;1;1;5;3;2;2,9;3,4;Baja;Punto fuerte: experiencia. No acredita a buen nivel ninguna de las habilidades pedidas. Punto débil: encaje con el rol.;Acreditar Microsoft Office: la vacante lo pide y no figura en el CV.;5dc3326fef2f12734c32694a65dda3fb
2290;175;98;1;15/09/2026;2;1;3;4;1;2,6;2,7;Baja;Punto fuerte: retribución. No acredita a buen nivel ninguna de las habilidades pedidas. Punto débil: habilidades pedidas: le falta Empatía, Trabajo bajo presión.;Acreditar Empatía: la vacante lo pide y no figura en el CV.;743e2a567ed80dee9d1d0fa7f9675c02
2291;157;177;1;15/09/2026;4;1;3;3;3;3,7;4,1;Media;Punto fuerte: encaje con el rol. No acredita a buen nivel ninguna de las habilidades pedidas. Punto débil: habilidades pedidas: le falta Atención al cliente, Odoo.;Acreditar Atención al cliente: la vacante lo pide y no figura en el CV.;fa8572211f1f46e71c75a0cb5c0d2862
2292;181;179;1;15/09/2026;4;3;4;3;3;3,9;3,7;Media;Punto fuerte: encaje con el rol. Cubre Negociación, Orientación a resultados, Atención al cliente. Punto débil: habilidades pedidas: le falta Salesforce.;Acreditar Salesforce: la vacante lo pide y no figura en el CV.;225c263afcaf1a47fd96d6c55f4da457
2293;163;159;1;15/09/2026;3;3;4;3;4;3,9;3,9;Media;Punto fuerte: experiencia. Cubre Pensamiento crítico. Punto débil: encaje con el rol.;Acreditar Power BI: la vacante lo pide y no figura en el CV.;c4e4a07f0c05c8aa7e69aa67336b168e
2294;149;57;1;15/09/2026;5;2;1;5;3;3,9;3,7;Media;Punto fuerte: encaje con el rol. Cubre Salesforce, Euskera. Punto débil: experiencia.;Acreditar Orientación a resultados: la vacante lo pide y no figura en el CV.;82a159c54a0f3e395db4aefcd55d422c
2295;54;181;1;15/09/2026;5;1;5;5;4;3,6;3,6;Media;Punto fuerte: encaje con el rol. No acredita a buen nivel ninguna de las habilidades pedidas. Punto débil: habilidades pedidas: le falta Prevención de riesgos, Autonomía.;Acreditar Prevención de riesgos: la vacante lo pide y no figura en el CV.;859984ad4520ebcdd0cd73c27c6bb5b8
2296;7;170;1;15/09/2026;1;1;4;5;2;2,9;3,1;Baja;Punto fuerte: retribución. Cubre Empatía. Punto débil: encaje con el rol.;Acreditar Figma: la vacante lo pide y no figura en el CV.;383eaa5c29506016b589f75b32306891
2297;174;37;1;15/09/2026;5;1;1;4;3;3,0;2,9;Media;Punto fuerte: encaje con el rol. No acredita a buen nivel ninguna de las habilidades pedidas. Punto débil: habilidades pedidas: le falta Git, Python.;Acreditar Git: la vacante lo pide y no figura en el CV.;64b84413e08ce6c68dd560ab2f1d283e
2298;131;26;1;15/09/2026;2;2;3;5;2;3,0;2,9;Media;Punto fuerte: retribución. Cubre Euskera. Punto débil: encaje con el rol.;Acreditar Logística: la vacante lo pide y no figura en el CV.;45588a90c274767764b39d2e889d2b68
2299;180;91;1;15/09/2026;1;1;5;3;1;2,4;2,5;Baja;Punto fuerte: experiencia. No acredita a buen nivel ninguna de las habilidades pedidas. Punto débil: encaje con el rol.;Acreditar Atención al cliente: la vacante lo pide y no figura en el CV.;c4df8a0ce8a53a0d50c86652899e74ad
2300;151;170;1;15/09/2026;2;1;1;4;1;1,8;1,8;Baja;Punto fuerte: retribución. No acredita a buen nivel ninguna de las habilidades pedidas. Punto débil: habilidades pedidas: le falta Figma, Empatía.;Acreditar Figma: la vacante lo pide y no figura en el CV.;860fef57e449c16290ec480422622568
2301;117;108;1;15/09/2026;4;1;3;1;2;2,8;2,5;Baja;Punto fuerte: encaje con el rol. No acredita a buen nivel ninguna de las habilidades pedidas. Punto débil: habilidades pedidas: le falta Autonomía, Prevención de riesgos.;Acreditar Autonomía: la vacante lo pide y no figura en el CV.;35b6487636b234fe1f4efe057b30b1e2
2302;137;49;1;15/09/2026;5;2;5;5;4;4,2;3,9;Alta;Punto fuerte: encaje con el rol. Cubre SQL, Power BI. Punto débil: habilidades pedidas: le falta Python, Excel avanzado.;Acreditar Python: la vacante lo pide y no figura en el CV.;5b76544032609f36e5ba5e6a0363dd74
2303;118;204;1;15/09/2026;2;1;5;3;3;2,8;3,0;Baja;Punto fuerte: experiencia. No acredita a buen nivel ninguna de las habilidades pedidas. Punto débil: habilidades pedidas: le falta Excel avanzado, Organización.;Acreditar Excel avanzado: la vacante lo pide y no figura en el CV.;7cd441c45246fdcf3b7ed7b74b726039
2304;178;154;1;15/09/2026;5;2;4;2;3;3,7;3,3;Media;Punto fuerte: encaje con el rol. Cubre Atención al cliente. Punto débil: habilidades pedidas: le falta Microsoft Office, Odoo.;Acreditar Microsoft Office: la vacante lo pide y no figura en el CV.;8dfeba13f28d7b423b7f03c196224393
2305;182;67;1;15/09/2026;3;1;5;3;3;3,0;3,3;Media;Punto fuerte: experiencia. No acredita a buen nivel ninguna de las habilidades pedidas. Punto débil: habilidades pedidas: le falta Prevención de riesgos, Mecanizado CNC.;Acreditar Prevención de riesgos: la vacante lo pide y no figura en el CV.;5ec1d20b33af576293bdd88cff5b704e
2306;21;135;1;15/09/2026;5;2;3;1;3;3,6;3,4;Media;Punto fuerte: encaje con el rol. Cubre Prevención de riesgos. Punto débil: retribución.;Acreditar Soldadura: la vacante lo pide y no figura en el CV.;e474a22c958190bad25d49ed5c04aaf3
2307;5;171;1;15/09/2026;2;1;5;4;2;2,8;2,7;Baja;Punto fuerte: experiencia. No acredita a buen nivel ninguna de las habilidades pedidas. Punto débil: habilidades pedidas: le falta Figma, Empatía.;Acreditar Figma: la vacante lo pide y no figura en el CV.;f894e1db4345616d702c24ded0c3174b
2308;181;6;1;15/09/2026;5;1;2;3;2;3,6;3,6;Media;Punto fuerte: encaje con el rol. Cubre Photoshop. Punto débil: habilidades pedidas: le falta Empatía, Creatividad.;Acreditar Empatía: la vacante lo pide y no figura en el CV.;225c263afcaf1a47fd96d6c55f4da457
2309;156;39;1;15/09/2026;2;1;1;4;1;2,1;2,0;Baja;Punto fuerte: retribución. No acredita a buen nivel ninguna de las habilidades pedidas. Punto débil: habilidades pedidas: le falta Redes, Docker.;Acreditar Redes: la vacante lo pide y no figura en el CV.;a566a04df4a6ac6960076b84a0fa9402
2310;83;181;1;15/09/2026;1;2;5;3;3;2,7;3,1;Baja;Punto fuerte: experiencia. No acredita a buen nivel ninguna de las habilidades pedidas. Punto débil: encaje con el rol.;Acreditar Prevención de riesgos: la vacante lo pide y no figura en el CV.;0da3bf552eaaf1b9ddbdb332ac2cb1a9
2311;152;186;1;15/09/2026;2;2;5;3;3;3,0;3,2;Media;Punto fuerte: experiencia. Cubre Excel avanzado. Punto débil: encaje con el rol.;Acreditar Análisis estadístico: la vacante lo pide y no figura en el CV.;8873fba43883f8395187bc4151dee2b7
2312;167;10;1;15/09/2026;1;1;1;3;2;2,2;1,9;Baja;Punto fuerte: retribución. No acredita a buen nivel ninguna de las habilidades pedidas. Punto débil: encaje con el rol.;Acreditar Resolución de problemas: la vacante lo pide y no figura en el CV.;919baa73559e41873c94236e23ca3178
2313;9;202;1;15/09/2026;5;3;1;4;2;3,7;3,6;Media;Punto fuerte: encaje con el rol. Cubre Excel avanzado, Atención al detalle, SAP. Punto débil: experiencia.;Acreditar Pensamiento crítico: la vacante lo pide y no figura en el CV.;2a84e3ebb2f9f0e3841cbb047491fc45
2314;15;164;1;15/09/2026;2;2;4;1;2;2,7;2,6;Baja;Punto fuerte: experiencia. No acredita a buen nivel ninguna de las habilidades pedidas. Punto débil: retribución.;Acreditar Resolución de problemas: la vacante lo pide y no figura en el CV.;045acccb8d5df88f9758c8c5ad6ab3da
2315;183;190;1;15/09/2026;4;1;3;3;3;3,3;3,4;Media;Punto fuerte: encaje con el rol. No acredita a buen nivel ninguna de las habilidades pedidas. Punto débil: habilidades pedidas: le falta Odoo, Atención al cliente.;Acreditar Odoo: la vacante lo pide y no figura en el CV.;1529570f1af7d39ec2014f7a35dc5de1
2316;149;86;1;15/09/2026;2;4;1;5;3;3,7;3,9;Media;Punto fuerte: retribución. Cubre Trabajo bajo presión, Empatía, Euskera. Punto débil: experiencia.;Acreditar Atención al cliente: la vacante lo pide y no figura en el CV.;82a159c54a0f3e395db4aefcd55d422c
2317;134;8;1;15/09/2026;1;3;2;4;2;3,1;2,8;Media;Punto fuerte: retribución. Cubre Empatía. Punto débil: encaje con el rol.;Acreditar Comunicación: la vacante lo pide y no figura en el CV.;c29ac152f61bae4151b5cd27508b247c
2318;170;16;1;15/09/2026;2;3;1;3;2;3,2;3,3;Media;Punto fuerte: habilidades pedidas (SQL). Cubre SQL. Punto débil: experiencia.;Acreditar Docker: la vacante lo pide y no figura en el CV.;668e7254b884924a92f136283168eace
2319;179;40;1;15/09/2026;3;2;5;3;3;3,4;3,5;Media;Punto fuerte: experiencia. Cubre Inglés. Punto débil: habilidades pedidas: le falta Francés, Microsoft Office.;Acreditar Francés: la vacante lo pide y no figura en el CV.;56ac0de771a0f0e6e71b1c649fc69677
2320;175;217;1;15/09/2026;1;1;4;1;2;2,0;2,0;Baja;Punto fuerte: experiencia. No acredita a buen nivel ninguna de las habilidades pedidas. Punto débil: encaje con el rol.;Acreditar Atención al cliente: la vacante lo pide y no figura en el CV.;743e2a567ed80dee9d1d0fa7f9675c02
2321;167;188;1;15/09/2026;5;3;2;3;3;3,8;3,4;Media;Punto fuerte: encaje con el rol. Cubre Comunicación, Empatía. Punto débil: experiencia.;Acreditar Negociación: la vacante lo pide y no figura en el CV.;919baa73559e41873c94236e23ca3178
2322;182;179;1;15/09/2026;1;1;5;3;2;2,6;2,7;Baja;Punto fuerte: experiencia. No acredita a buen nivel ninguna de las habilidades pedidas. Punto débil: encaje con el rol.;Acreditar Negociación: la vacante lo pide y no figura en el CV.;5ec1d20b33af576293bdd88cff5b704e
2323;183;233;1;15/09/2026;4;3;3;5;3;4,1;3,9;Alta;Punto fuerte: retribución. Cubre Euskera, Inglés. Punto débil: habilidades pedidas: le falta Atención al cliente, Trabajo bajo presión.;Acreditar Atención al cliente: la vacante lo pide y no figura en el CV.;1529570f1af7d39ec2014f7a35dc5de1
2324;170;234;1;15/09/2026;3;1;1;2;2;2,5;2,4;Baja;Punto fuerte: encaje con el rol. No acredita a buen nivel ninguna de las habilidades pedidas. Punto débil: habilidades pedidas: le falta Mecanizado CNC, Autonomía.;Acreditar Mecanizado CNC: la vacante lo pide y no figura en el CV.;668e7254b884924a92f136283168eace
2325;154;9;1;15/09/2026;5;2;3;3;3;3,7;3,4;Media;Punto fuerte: encaje con el rol. Cubre Odoo. Punto débil: habilidades pedidas: le falta Atención al cliente, Organización.;Acreditar Atención al cliente: la vacante lo pide y no figura en el CV.;40d5713c4e493091a4de62d1b6f17725
2326;116;133;1;15/09/2026;5;1;3;1;3;3,4;3,3;Media;Punto fuerte: encaje con el rol. No acredita a buen nivel ninguna de las habilidades pedidas. Punto débil: habilidades pedidas: le falta Odoo, Organización.;Acreditar Odoo: la vacante lo pide y no figura en el CV.;1d8ddb07bbd95a6cd14f8e409279f715
2327;166;128;1;15/09/2026;1;2;4;5;2;2,6;2,9;Baja;Punto fuerte: retribución. No acredita a buen nivel ninguna de las habilidades pedidas. Punto débil: encaje con el rol.;Acreditar Excel avanzado: la vacante lo pide y no figura en el CV.;1fe052efc10e7c3413db16ca4b5c83b4
2328;122;150;1;15/09/2026;3;1;1;3;1;2,5;2,9;Baja;Punto fuerte: encaje con el rol. No acredita a buen nivel ninguna de las habilidades pedidas. Punto débil: habilidades pedidas: le falta Empatía, Figma.;Acreditar Empatía: la vacante lo pide y no figura en el CV.;0f47f08a3ff2736019f0343b79efd27a
2329;147;99;1;15/09/2026;3;1;1;3;1;3,0;2,5;Media;Punto fuerte: encaje con el rol. No acredita a buen nivel ninguna de las habilidades pedidas. Punto débil: habilidades pedidas: le falta Atención al cliente, Salesforce.;Acreditar Atención al cliente: la vacante lo pide y no figura en el CV.;fdf97188824a0f4524b81923476f2e93
2330;164;110;1;15/09/2026;2;2;5;2;3;3,2;3,6;Media;Punto fuerte: experiencia. Cubre Inglés. Punto débil: encaje con el rol.;Acreditar Microsoft Office: la vacante lo pide y no figura en el CV.;38e8e7a51bf6f3308187ee8de56882e0
2331;134;108;1;15/09/2026;5;3;3;1;3;4,0;3,7;Alta;Punto fuerte: encaje con el rol. Cubre Soldadura. Punto débil: retribución.;Acreditar Autonomía: la vacante lo pide y no figura en el CV.;c29ac152f61bae4151b5cd27508b247c
2332;170;1;1;15/09/2026;3;3;2;3;3;3,9;3,6;Media;Punto fuerte: encaje con el rol. Cubre AutoCAD, Gestión de proyectos, Euskera. Punto débil: experiencia.;Acreditar Negociación: la vacante lo pide y no figura en el CV.;668e7254b884924a92f136283168eace
2333;130;202;1;15/09/2026;5;2;3;3;4;4,4;4,5;Alta;Punto fuerte: encaje con el rol. Cubre SAP, Pensamiento crítico. Punto débil: habilidades pedidas: le falta Excel avanzado, Atención al detalle.;Acreditar Excel avanzado: la vacante lo pide y no figura en el CV.;f418584dce751abda6c0d2aa093088b4
2334;173;70;1;15/09/2026;5;1;4;1;3;3,4;3,4;Media;Punto fuerte: encaje con el rol. No acredita a buen nivel ninguna de las habilidades pedidas. Punto débil: habilidades pedidas: le falta HubSpot, Google Analytics.;Acreditar HubSpot: la vacante lo pide y no figura en el CV.;cef10ca99a3e1958919242477f4ccca8
2335;181;143;1;15/09/2026;2;2;5;1;3;3,1;3,3;Media;Punto fuerte: experiencia. Cubre Atención al detalle. Punto débil: retribución.;Acreditar AutoCAD: la vacante lo pide y no figura en el CV.;225c263afcaf1a47fd96d6c55f4da457
2336;147;99;3;15/09/2026;3;1;2;3;2;3,2;3,2;Media;Revisión manual. Punto fuerte: encaje con el rol.;Acreditar Atención al cliente: la vacante lo pide y no figura en el CV.;fdf97188824a0f4524b81923476f2e93
2337;40;17;3;15/09/2026;5;3;2;5;2;3,7;3,7;Media;Revisión manual. Punto fuerte: encaje con el rol.;Acreditar Inglés: la vacante lo pide y no figura en el CV.;9787e8ce8f1ff73732a864352c285885
2338;169;126;4;15/09/2026;3;1;4;4;2;3,0;3,0;Media;Revisión manual. Punto fuerte: encaje con el rol.;Acreditar Orientación a resultados: la vacante lo pide y no figura en el CV.;094f54740365c9e0df07077c26e0c5bc
2339;4;39;3;15/09/2026;4;1;3;5;3;3,8;3,8;Media;Revisión manual. Punto fuerte: encaje con el rol.;Acreditar Redes: la vacante lo pide y no figura en el CV.;c87557ecf671fcc862d8f4c7c86bcd1e
2340;137;150;3;15/09/2026;1;3;4;5;2;3,8;3,8;Media;Revisión manual. Punto fuerte: retribución.;Acreditar Figma: la vacante lo pide y no figura en el CV.;5b76544032609f36e5ba5e6a0363dd74
2341;152;154;1;16/09/2026;4;2;5;3;4;3,9;3,8;Media;Punto fuerte: experiencia. Cubre Atención al cliente. Punto débil: habilidades pedidas: le falta Microsoft Office, Odoo.;Acreditar Microsoft Office: la vacante lo pide y no figura en el CV.;8873fba43883f8395187bc4151dee2b7
2342;66;189;1;16/09/2026;5;2;4;3;4;4,1;3,9;Alta;Punto fuerte: encaje con el rol. Cubre SAP. Punto débil: habilidades pedidas: le falta Trabajo en equipo, Logística.;Acreditar Trabajo en equipo: la vacante lo pide y no figura en el CV.;b2853efa8162d2f61ec7179884b4a842
2343;61;163;1;16/09/2026;1;2;5;2;3;2,8;3,2;Baja;Punto fuerte: experiencia. Cubre Euskera. Punto débil: encaje con el rol.;Acreditar Google Analytics: la vacante lo pide y no figura en el CV.;d7a2a9311dd06523dd3279716cd6f7c7
2344;101;8;1;16/09/2026;5;3;3;3;3;4,1;3,8;Alta;Punto fuerte: encaje con el rol. Cubre Euskera, Comunicación. Punto débil: habilidades pedidas: le falta Empatía, Creatividad.;Acreditar Empatía: la vacante lo pide y no figura en el CV.;502bd7fd3adf67816abdca47dfd1122c
2345;188;202;1;16/09/2026;3;1;2;3;1;2,6;2,7;Baja;Punto fuerte: encaje con el rol. No acredita a buen nivel ninguna de las habilidades pedidas. Punto débil: habilidades pedidas: le falta Excel avanzado, Atención al detalle.;Acreditar Excel avanzado: la vacante lo pide y no figura en el CV.;5109213b8d6556e08e4482d4439bedd3
2346;42;164;1;16/09/2026;1;1;4;3;2;2,3;2,2;Baja;Punto fuerte: experiencia. No acredita a buen nivel ninguna de las habilidades pedidas. Punto débil: encaje con el rol.;Acreditar Resolución de problemas: la vacante lo pide y no figura en el CV.;7a6776a88d11967e775be432e4a0aef0
2347;179;146;1;16/09/2026;3;1;5;1;3;3,5;3,4;Media;Punto fuerte: experiencia. No acredita a buen nivel ninguna de las habilidades pedidas. Punto débil: habilidades pedidas: le falta JavaScript, Git.;Acreditar JavaScript: la vacante lo pide y no figura en el CV.;56ac0de771a0f0e6e71b1c649fc69677
2348;159;80;1;16/09/2026;5;2;2;5;2;4,1;3,9;Alta;Punto fuerte: encaje con el rol. Cubre Trabajo bajo presión. Punto débil: habilidades pedidas: le falta Mecanizado CNC, Trabajo en equipo.;Acreditar Mecanizado CNC: la vacante lo pide y no figura en el CV.;b1bdb644996d3212d5a36bf6de031257
2349;164;67;1;16/09/2026;5;1;5;1;3;3,4;3,4;Media;Punto fuerte: encaje con el rol. No acredita a buen nivel ninguna de las habilidades pedidas. Punto débil: habilidades pedidas: le falta Prevención de riesgos, Mecanizado CNC.;Acreditar Prevención de riesgos: la vacante lo pide y no figura en el CV.;38e8e7a51bf6f3308187ee8de56882e0
2350;101;135;1;16/09/2026;2;1;3;1;1;2,0;2,1;Baja;Punto fuerte: experiencia. No acredita a buen nivel ninguna de las habilidades pedidas. Punto débil: habilidades pedidas: le falta Prevención de riesgos, Soldadura.;Acreditar Prevención de riesgos: la vacante lo pide y no figura en el CV.;502bd7fd3adf67816abdca47dfd1122c
2351;49;82;1;16/09/2026;2;1;5;1;2;2,8;2,4;Baja;Punto fuerte: experiencia. No acredita a buen nivel ninguna de las habilidades pedidas. Punto débil: habilidades pedidas: le falta Diseño gráfico, AutoCAD.;Acreditar Diseño gráfico: la vacante lo pide y no figura en el CV.;0ffba22ba3e4f470126a6a7993f8732a
2352;167;82;1;16/09/2026;1;2;2;3;1;2,4;2,2;Baja;Punto fuerte: retribución. No acredita a buen nivel ninguna de las habilidades pedidas. Punto débil: encaje con el rol.;Acreditar Diseño gráfico: la vacante lo pide y no figura en el CV.;919baa73559e41873c94236e23ca3178
2353;161;73;1;16/09/2026;5;1;3;3;3;3,2;3,0;Media;Punto fuerte: encaje con el rol. No acredita a buen nivel ninguna de las habilidades pedidas. Punto débil: habilidades pedidas: le falta Odoo, Organización.;Acreditar Odoo: la vacante lo pide y no figura en el CV.;0d8b6979fcb2a36e43ca75f4a7bb1976
2354;119;112;1;16/09/2026;4;4;2;4;4;4,5;4,3;Alta;Punto fuerte: encaje con el rol. Cubre Empatía, Trabajo bajo presión, Euskera. Punto débil: experiencia.;Acreditar Atención al cliente: la vacante lo pide y no figura en el CV.;bf4d833bd31cd6a9f8c9ebb76104ddf7
2355;39;26;1;16/09/2026;2;2;3;1;3;3,0;3,3;Media;Punto fuerte: experiencia. Cubre SAP. Punto débil: retribución.;Acreditar Logística: la vacante lo pide y no figura en el CV.;d866939a94fc049e27104c52373baea1
2356;104;58;1;16/09/2026;5;2;5;1;3;3,9;3,6;Media;Punto fuerte: encaje con el rol. Cubre Organización, Euskera. Punto débil: retribución.;Acreditar Microsoft Office: la vacante lo pide y no figura en el CV.;83784fb75cfd6f0b3f6f78ed66c29913
2357;182;142;1;16/09/2026;5;2;5;3;3;3,6;3,5;Media;Punto fuerte: encaje con el rol. Cubre Excel avanzado, Atención al detalle. Punto débil: habilidades pedidas: le falta Pensamiento crítico, SAP.;Acreditar Pensamiento crítico: la vacante lo pide y no figura en el CV.;5ec1d20b33af576293bdd88cff5b704e
2358;181;245;1;16/09/2026;2;1;3;5;2;2,8;3,0;Baja;Punto fuerte: retribución. No acredita a buen nivel ninguna de las habilidades pedidas. Punto débil: habilidades pedidas: le falta Resolución de problemas, Gestión de proyectos.;Acreditar Resolución de problemas: la vacante lo pide y no figura en el CV.;225c263afcaf1a47fd96d6c55f4da457
2359;162;95;1;16/09/2026;2;1;1;3;2;2,5;2,3;Baja;Punto fuerte: retribución. No acredita a buen nivel ninguna de las habilidades pedidas. Punto débil: habilidades pedidas: le falta Atención al cliente, Orientación a resultados.;Acreditar Atención al cliente: la vacante lo pide y no figura en el CV.;f9238315c503426a5187792f7e358491
2360;170;35;1;16/09/2026;2;2;2;3;2;2,8;2,5;Baja;Punto fuerte: retribución. Cubre Euskera. Punto débil: encaje con el rol.;Acreditar Organización: la vacante lo pide y no figura en el CV.;668e7254b884924a92f136283168eace
2361;179;222;1;16/09/2026;2;2;5;5;3;3,5;3,7;Media;Punto fuerte: experiencia. Cubre Autonomía. Punto débil: encaje con el rol.;Acreditar Prevención de riesgos: la vacante lo pide y no figura en el CV.;56ac0de771a0f0e6e71b1c649fc69677
2362;172;122;1;16/09/2026;5;2;1;2;3;3,7;3,5;Media;Punto fuerte: encaje con el rol. Cubre Autonomía, Mecanizado CNC. Punto débil: experiencia.;Acreditar Prevención de riesgos: la vacante lo pide y no figura en el CV.;10804d48ed0564e525d98af0405d3845
2363;171;183;1;16/09/2026;2;2;2;3;2;2,6;2,8;Baja;Punto fuerte: retribución. Cubre Orientación a resultados. Punto débil: encaje con el rol.;Acreditar Negociación: la vacante lo pide y no figura en el CV.;9944a1fc8676ca274be2969bba08f94b
2364;187;124;1;16/09/2026;5;4;3;3;5;4,8;4,9;Alta;Punto fuerte: encaje con el rol. Cubre SAP, Excel avanzado, Atención al detalle. Punto débil: experiencia.;Pocas mejoras posibles: preparar la entrevista.;9ab3df22a8e663cc4b1cbe2dceb6ddef
2365;179;178;1;16/09/2026;2;1;3;5;2;2,8;2,7;Baja;Punto fuerte: retribución. No acredita a buen nivel ninguna de las habilidades pedidas. Punto débil: habilidades pedidas: le falta Negociación, Salesforce.;Acreditar Negociación: la vacante lo pide y no figura en el CV.;56ac0de771a0f0e6e71b1c649fc69677
2366;186;52;1;16/09/2026;5;2;5;3;4;4,4;4,1;Alta;Punto fuerte: encaje con el rol. No acredita a buen nivel ninguna de las habilidades pedidas. Punto débil: habilidades pedidas: le falta Atención al cliente, Francés.;Acreditar Atención al cliente: la vacante lo pide y no figura en el CV.;35dd06e396c18de1a9dc3cfc544ae5ef
2367;108;164;1;16/09/2026;1;2;5;1;3;2,6;2,4;Baja;Punto fuerte: experiencia. Cubre Prevención de riesgos. Punto débil: encaje con el rol.;Acreditar Resolución de problemas: la vacante lo pide y no figura en el CV.;d8dfe0f83e95120fd39310c95ef282a9
2368;138;135;1;16/09/2026;2;1;5;2;3;2,9;3,0;Baja;Punto fuerte: experiencia. No acredita a buen nivel ninguna de las habilidades pedidas. Punto débil: habilidades pedidas: le falta Prevención de riesgos, Soldadura.;Acreditar Prevención de riesgos: la vacante lo pide y no figura en el CV.;bd300803255de7021b51593a83a286fc
2369;58;159;1;16/09/2026;5;2;3;3;3;3,7;3,4;Media;Punto fuerte: encaje con el rol. Cubre Excel avanzado. Punto débil: habilidades pedidas: le falta Pensamiento crítico, Power BI.;Acreditar Pensamiento crítico: la vacante lo pide y no figura en el CV.;f32dca8b4bbeaf7b99a5388a3ee25d05
2370;180;163;1;16/09/2026;3;1;5;1;3;2,5;2,2;Baja;Punto fuerte: experiencia. No acredita a buen nivel ninguna de las habilidades pedidas. Punto débil: habilidades pedidas: le falta Google Analytics, HubSpot.;Acreditar Google Analytics: la vacante lo pide y no figura en el CV.;c4df8a0ce8a53a0d50c86652899e74ad
2371;160;95;1;16/09/2026;2;1;3;3;1;2,6;2,1;Baja;Punto fuerte: experiencia. No acredita a buen nivel ninguna de las habilidades pedidas. Punto débil: habilidades pedidas: le falta Atención al cliente, Orientación a resultados.;Acreditar Atención al cliente: la vacante lo pide y no figura en el CV.;f9fae36eb913d8400aef78c996db9518
2372;120;58;1;16/09/2026;5;1;3;2;3;3,6;3,6;Media;Punto fuerte: encaje con el rol. Cubre Odoo. Punto débil: habilidades pedidas: le falta Microsoft Office, Atención al cliente.;Acreditar Microsoft Office: la vacante lo pide y no figura en el CV.;316f87cb8ffa1f8e3787c1907ef0d540
2373;127;82;1;16/09/2026;5;3;2;2;3;3,8;3,5;Media;Punto fuerte: encaje con el rol. Cubre AutoCAD, Atención al detalle. Punto débil: experiencia.;Acreditar Diseño gráfico: la vacante lo pide y no figura en el CV.;c84a1f2aca07835f87348ad25d5788ce
2374;169;183;1;16/09/2026;5;1;3;5;2;3,6;3,2;Media;Punto fuerte: encaje con el rol. No acredita a buen nivel ninguna de las habilidades pedidas. Punto débil: habilidades pedidas: le falta Negociación, Orientación a resultados.;Acreditar Negociación: la vacante lo pide y no figura en el CV.;094f54740365c9e0df07077c26e0c5bc
2375;25;133;1;16/09/2026;4;2;3;1;3;3,4;3,7;Media;Punto fuerte: encaje con el rol. Cubre Odoo. Punto débil: retribución.;Acreditar Organización: la vacante lo pide y no figura en el CV.;38357ca63edb529b559f755942888aca
2376;176;93;1;16/09/2026;2;2;1;2;2;2,5;3,0;Baja;Sin puntos fuertes claros para este puesto. Cubre Inglés, Euskera. Punto débil: experiencia.;Acreditar Atención al cliente: la vacante lo pide y no figura en el CV.;1ced482c4510b4b52ad5c2f4003630db
2377;175;104;1;16/09/2026;2;1;2;4;1;2,2;2,0;Baja;Punto fuerte: retribución. Cubre Análisis estadístico. Punto débil: habilidades pedidas: le falta Excel avanzado, Python.;Acreditar Excel avanzado: la vacante lo pide y no figura en el CV.;743e2a567ed80dee9d1d0fa7f9675c02
2378;189;97;1;16/09/2026;2;1;3;2;2;2,3;2,5;Baja;Punto fuerte: experiencia. No acredita a buen nivel ninguna de las habilidades pedidas. Punto débil: habilidades pedidas: le falta SAP, Atención al detalle.;Acreditar SAP: la vacante lo pide y no figura en el CV.;03e11387ad59534c9318c38a033203c9
2379;132;181;1;16/09/2026;2;1;3;3;1;2,3;2,4;Baja;Punto fuerte: experiencia. No acredita a buen nivel ninguna de las habilidades pedidas. Punto débil: habilidades pedidas: le falta Prevención de riesgos, Autonomía.;Acreditar Prevención de riesgos: la vacante lo pide y no figura en el CV.;2ecb9edf8ba799d8e907738b02e00593
2380;16;78;1;16/09/2026;4;1;2;2;3;3,2;3,4;Media;Punto fuerte: encaje con el rol. No acredita a buen nivel ninguna de las habilidades pedidas. Punto débil: habilidades pedidas: le falta Mecanizado CNC, Resolución de problemas.;Acreditar Mecanizado CNC: la vacante lo pide y no figura en el CV.;9530d96f3cc7bbb0bbb2b41a3b822435
2381;180;4;1;16/09/2026;1;1;3;4;1;2,0;1,8;Baja;Punto fuerte: retribución. No acredita a buen nivel ninguna de las habilidades pedidas. Punto débil: encaje con el rol.;Acreditar Contabilidad: la vacante lo pide y no figura en el CV.;c4df8a0ce8a53a0d50c86652899e74ad
2382;163;189;1;16/09/2026;2;3;5;3;3;3,7;4,0;Media;Punto fuerte: experiencia. Cubre Trabajo en equipo, SAP. Punto débil: encaje con el rol.;Acreditar Logística: la vacante lo pide y no figura en el CV.;c4e4a07f0c05c8aa7e69aa67336b168e
2383;125;155;1;16/09/2026;2;2;3;1;2;2,5;2,4;Baja;Punto fuerte: experiencia. No acredita a buen nivel ninguna de las habilidades pedidas. Punto débil: retribución.;Acreditar Soldadura: la vacante lo pide y no figura en el CV.;53a01c275e45eeaf2f82fc44b80aed50
2384;185;171;1;16/09/2026;2;2;2;3;1;2,7;3,0;Baja;Punto fuerte: retribución. Cubre Creatividad. Punto débil: probabilidad de entrevista.;Acreditar Figma: la vacante lo pide y no figura en el CV.;fc06f86e721baba3dd9325dd3d7b7855
2385;184;178;1;16/09/2026;2;1;2;5;2;2,7;3,0;Baja;Punto fuerte: retribución. No acredita a buen nivel ninguna de las habilidades pedidas. Punto débil: habilidades pedidas: le falta Negociación, Salesforce.;Acreditar Negociación: la vacante lo pide y no figura en el CV.;93509b2332e6bca0da30657de730cbf8
2386;62;58;1;16/09/2026;4;2;4;4;2;3,3;2,9;Media;Punto fuerte: encaje con el rol. Cubre Microsoft Office, Atención al cliente, Euskera. Punto débil: habilidades pedidas: le falta Organización, Odoo.;Acreditar Organización: la vacante lo pide y no figura en el CV.;cb24798309bdfcaab479bb037eec32ab
2387;141;202;1;16/09/2026;1;2;4;3;2;2,7;2,9;Baja;Punto fuerte: experiencia. No acredita a buen nivel ninguna de las habilidades pedidas. Punto débil: encaje con el rol.;Acreditar Excel avanzado: la vacante lo pide y no figura en el CV.;21048a31d97fe07cff16c453033b21c6
2388;82;231;1;16/09/2026;5;2;2;3;2;3,5;3,4;Media;Punto fuerte: encaje con el rol. Cubre SAP. Punto débil: habilidades pedidas: le falta AutoCAD.;Acreditar AutoCAD: la vacante lo pide y no figura en el CV.;3ec0b79b25325c03b9a45736b8998523
2389;86;115;1;16/09/2026;5;3;4;3;3;4,2;4,3;Alta;Punto fuerte: encaje con el rol. Cubre Empatía. Punto débil: habilidades pedidas: le falta Comunicación.;Acreditar Comunicación: la vacante lo pide y no figura en el CV.;82e41edab78b099f53a87437726ed822
2390;95;135;1;16/09/2026;2;1;3;3;2;2,7;2,6;Baja;Punto fuerte: experiencia. No acredita a buen nivel ninguna de las habilidades pedidas. Punto débil: habilidades pedidas: le falta Prevención de riesgos, Soldadura.;Acreditar Prevención de riesgos: la vacante lo pide y no figura en el CV.;38ec8d05ee004f3d9735664e439808c9
2391;141;206;1;16/09/2026;4;2;3;3;2;3,1;3,1;Media;Punto fuerte: encaje con el rol. Cubre Euskera. Punto débil: habilidades pedidas: le falta Atención al cliente, Microsoft Office.;Acreditar Atención al cliente: la vacante lo pide y no figura en el CV.;21048a31d97fe07cff16c453033b21c6
2392;42;69;1;16/09/2026;4;2;4;2;3;3,3;3,5;Media;Punto fuerte: encaje con el rol. No acredita a buen nivel ninguna de las habilidades pedidas. Punto débil: habilidades pedidas: le falta Odoo, Microsoft Office.;Acreditar Odoo: la vacante lo pide y no figura en el CV.;7a6776a88d11967e775be432e4a0aef0
2393;151;52;1;16/09/2026;2;1;1;2;2;2,5;2,7;Baja;Sin puntos fuertes claros para este puesto. No acredita a buen nivel ninguna de las habilidades pedidas. Punto débil: habilidades pedidas: le falta Atención al cliente, Francés.;Acreditar Atención al cliente: la vacante lo pide y no figura en el CV.;860fef57e449c16290ec480422622568
2394;100;231;1;16/09/2026;3;2;3;4;2;3,1;3,6;Media;Punto fuerte: retribución. Cubre SAP. Punto débil: habilidades pedidas: le falta Gestión de proyectos, AutoCAD.;Acreditar Gestión de proyectos: la vacante lo pide y no figura en el CV.;a55050736976ba738c4e5e8a86c34ed9
2395;179;97;1;16/09/2026;3;1;4;5;2;2,9;3,0;Baja;Punto fuerte: retribución. No acredita a buen nivel ninguna de las habilidades pedidas. Punto débil: habilidades pedidas: le falta SAP, Atención al detalle.;Acreditar SAP: la vacante lo pide y no figura en el CV.;56ac0de771a0f0e6e71b1c649fc69677
2396;124;73;1;16/09/2026;5;1;5;3;3;3,6;3,3;Media;Punto fuerte: encaje con el rol. Cubre Microsoft Office. Punto débil: habilidades pedidas: le falta Atención al cliente, Odoo.;Acreditar Atención al cliente: la vacante lo pide y no figura en el CV.;88f59b2261aa4bf4c7aee145ba6dfe21
2397;179;82;1;16/09/2026;3;2;5;3;3;3,8;3,7;Media;Punto fuerte: experiencia. Cubre AutoCAD. Punto débil: habilidades pedidas: le falta Diseño gráfico, Atención al detalle.;Acreditar Diseño gráfico: la vacante lo pide y no figura en el CV.;56ac0de771a0f0e6e71b1c649fc69677
2398;170;234;3;16/09/2026;4;2;1;1;2;2,6;2,6;Baja;Revisión manual. Punto fuerte: encaje con el rol.;Acreditar Mecanizado CNC: la vacante lo pide y no figura en el CV.;668e7254b884924a92f136283168eace
2399;162;8;3;16/09/2026;3;3;2;4;1;3,2;3,2;Media;Revisión manual. Punto fuerte: retribución.;Acreditar Comunicación: la vacante lo pide y no figura en el CV.;f9238315c503426a5187792f7e358491
2400;80;188;4;16/09/2026;5;3;2;4;4;3,7;3,7;Media;Revisión manual. Punto fuerte: encaje con el rol.;Acreditar Empatía: la vacante lo pide y no figura en el CV.;0ab41c1e90b3e44375989152324bc3dc
2401;180;4;3;16/09/2026;1;1;3;5;1;2,3;2,3;Baja;Revisión manual. Punto fuerte: retribución.;Acreditar Contabilidad: la vacante lo pide y no figura en el CV.;c4df8a0ce8a53a0d50c86652899e74ad
2402;170;1;4;16/09/2026;3;3;3;3;3;3,7;3,7;Media;Revisión manual. Punto fuerte: encaje con el rol.;Acreditar Negociación: la vacante lo pide y no figura en el CV.;668e7254b884924a92f136283168eace
2403;160;206;1;17/09/2026;2;2;3;3;2;3,1;3,0;Media;Punto fuerte: experiencia. No acredita a buen nivel ninguna de las habilidades pedidas. Punto débil: encaje con el rol.;Acreditar Atención al cliente: la vacante lo pide y no figura en el CV.;f9fae36eb913d8400aef78c996db9518
2404;183;80;1;17/09/2026;4;3;3;5;4;4,4;4,9;Alta;Punto fuerte: retribución. Cubre Trabajo en equipo. Punto débil: habilidades pedidas: le falta Mecanizado CNC, Trabajo bajo presión.;Acreditar Mecanizado CNC: la vacante lo pide y no figura en el CV.;1529570f1af7d39ec2014f7a35dc5de1
2405;67;17;1;17/09/2026;2;2;3;5;2;3,2;3,3;Media;Punto fuerte: retribución. Cubre Pensamiento crítico. Punto débil: encaje con el rol.;Acreditar Negociación: la vacante lo pide y no figura en el CV.;91cd2ac01281f8d5fa469f6015e9a4ab
2406;153;135;1;17/09/2026;2;1;5;1;2;2,1;2,4;Baja;Punto fuerte: experiencia. No acredita a buen nivel ninguna de las habilidades pedidas. Punto débil: habilidades pedidas: le falta Prevención de riesgos, Soldadura.;Acreditar Prevención de riesgos: la vacante lo pide y no figura en el CV.;710b38a2942a0a29d089f09f45e0f558
2407;64;65;1;17/09/2026;3;1;2;3;2;2,9;2,7;Baja;Punto fuerte: encaje con el rol. Cubre Resolución de problemas. Punto débil: habilidades pedidas: le falta Autonomía, Prevención de riesgos.;Acreditar Autonomía: la vacante lo pide y no figura en el CV.;8fcae24fb6920086713d68c73ed9e705
2408;64;73;1;17/09/2026;2;1;3;2;2;2,4;2,9;Baja;Punto fuerte: experiencia. No acredita a buen nivel ninguna de las habilidades pedidas. Punto débil: habilidades pedidas: le falta Atención al cliente, Odoo.;Acreditar Atención al cliente: la vacante lo pide y no figura en el CV.;8fcae24fb6920086713d68c73ed9e705
2409;4;22;1;17/09/2026;5;1;5;3;3;3,9;4,0;Media;Punto fuerte: encaje con el rol. No acredita a buen nivel ninguna de las habilidades pedidas. Punto débil: habilidades pedidas: le falta Soldadura, Autonomía.;Acreditar Soldadura: la vacante lo pide y no figura en el CV.;c87557ecf671fcc862d8f4c7c86bcd1e
2410;160;77;1;17/09/2026;4;1;2;5;1;2,8;2,7;Baja;Punto fuerte: retribución. No acredita a buen nivel ninguna de las habilidades pedidas. Punto débil: habilidades pedidas: le falta HubSpot, Google Analytics.;Acreditar HubSpot: la vacante lo pide y no figura en el CV.;f9fae36eb913d8400aef78c996db9518
2411;183;222;1;17/09/2026;4;2;2;5;2;3,7;3,9;Media;Punto fuerte: retribución. Cubre Euskera. Punto débil: habilidades pedidas: le falta Prevención de riesgos, Soldadura.;Acreditar Prevención de riesgos: la vacante lo pide y no figura en el CV.;1529570f1af7d39ec2014f7a35dc5de1
2412;166;193;1;17/09/2026;2;1;5;2;2;2,6;2,1;Baja;Punto fuerte: experiencia. No acredita a buen nivel ninguna de las habilidades pedidas. Punto débil: habilidades pedidas: le falta Atención al cliente, Microsoft Office.;Acreditar Atención al cliente: la vacante lo pide y no figura en el CV.;1fe052efc10e7c3413db16ca4b5c83b4
2413;106;78;1;17/09/2026;5;3;1;4;3;4,0;3,6;Alta;Punto fuerte: encaje con el rol. Cubre Resolución de problemas, Autonomía. Punto débil: experiencia.;Subir Mecanizado CNC de nivel 2 a 3.;1d34b2b4a5c33959f0ee775925dcb0e2
2414;179;137;1;17/09/2026;5;3;4;4;4;4,8;4,8;Alta;Punto fuerte: encaje con el rol. Cubre Autonomía, Resolución de problemas. Punto débil: habilidades pedidas: le falta Mecanizado CNC.;Acreditar Mecanizado CNC: la vacante lo pide y no figura en el CV.;56ac0de771a0f0e6e71b1c649fc69677
2415;18;107;1;17/09/2026;5;1;2;4;2;3,5;3,3;Media;Punto fuerte: encaje con el rol. No acredita a buen nivel ninguna de las habilidades pedidas. Punto débil: habilidades pedidas: le falta Soldadura, Autonomía.;Acreditar Soldadura: la vacante lo pide y no figura en el CV.;f75337c1535cca7acdd8d464a5086ad5
2416;153;40;1;17/09/2026;2;3;4;3;3;3,9;3,9;Media;Punto fuerte: experiencia. Cubre Inglés. Punto débil: encaje con el rol.;Acreditar Microsoft Office: la vacante lo pide y no figura en el CV.;710b38a2942a0a29d089f09f45e0f558
2417;48;73;1;17/09/2026;5;1;4;4;2;3,9;3,4;Media;Punto fuerte: encaje con el rol. No acredita a buen nivel ninguna de las habilidades pedidas. Punto débil: habilidades pedidas: le falta Atención al cliente, Odoo.;Acreditar Atención al cliente: la vacante lo pide y no figura en el CV.;6be6b4c03c998ee742d555c2c8441002
2418;126;105;1;17/09/2026;5;2;4;3;3;3,8;4,1;Media;Punto fuerte: encaje con el rol. No acredita a buen nivel ninguna de las habilidades pedidas. Punto débil: habilidades pedidas: le falta Microsoft Office, Francés.;Acreditar Microsoft Office: la vacante lo pide y no figura en el CV.;bf8badb65edb2a8201262f446f291c52
2419;158;105;1;17/09/2026;2;1;5;2;1;3,0;3,0;Media;Punto fuerte: experiencia. No acredita a buen nivel ninguna de las habilidades pedidas. Punto débil: habilidades pedidas: le falta Microsoft Office, Francés.;Acreditar Microsoft Office: la vacante lo pide y no figura en el CV.;5d29dbd8e3bb9f77158ff25fac3b8b98
2420;149;150;1;17/09/2026;5;3;1;5;3;3,9;3,8;Media;Punto fuerte: encaje con el rol. Cubre Empatía, Figma. Punto débil: experiencia.;Acreditar Creatividad: la vacante lo pide y no figura en el CV.;82a159c54a0f3e395db4aefcd55d422c
2421;58;26;1;17/09/2026;1;3;3;4;2;3,1;3,2;Media;Punto fuerte: retribución. Cubre Excel avanzado, Euskera. Punto débil: encaje con el rol.;Acreditar Logística: la vacante lo pide y no figura en el CV.;f32dca8b4bbeaf7b99a5388a3ee25d05
2422;62;163;1;17/09/2026;1;2;5;3;2;2,5;2,2;Baja;Punto fuerte: experiencia. Cubre Euskera. Punto débil: encaje con el rol.;Acreditar Google Analytics: la vacante lo pide y no figura en el CV.;cb24798309bdfcaab479bb037eec32ab
2423;191;49;1;17/09/2026;3;1;3;5;2;3,0;2,6;Media;Punto fuerte: retribución. No acredita a buen nivel ninguna de las habilidades pedidas. Punto débil: habilidades pedidas: le falta Python, SQL.;Acreditar Python: la vacante lo pide y no figura en el CV.;f532035cc6b29987cac3fa21883f1e99
2424;190;204;1;17/09/2026;5;2;4;2;3;4,0;3,8;Alta;Punto fuerte: encaje con el rol. Cubre Logística. Punto débil: habilidades pedidas: le falta Excel avanzado, Organización.;Acreditar Excel avanzado: la vacante lo pide y no figura en el CV.;b4c2c4fad2fd18c9700ca21dfa73cd65
2425;186;2;1;17/09/2026;5;3;4;4;3;4,7;4,7;Alta;Punto fuerte: encaje con el rol. Cubre Autonomía, Prevención de riesgos. Punto débil: habilidades pedidas: le falta Soldadura.;Acreditar Soldadura: la vacante lo pide y no figura en el CV.;35dd06e396c18de1a9dc3cfc544ae5ef
2426;48;133;1;17/09/2026;5;2;3;4;3;3,7;4,1;Media;Punto fuerte: encaje con el rol. No acredita a buen nivel ninguna de las habilidades pedidas. Punto débil: habilidades pedidas: le falta Odoo, Organización.;Acreditar Odoo: la vacante lo pide y no figura en el CV.;6be6b4c03c998ee742d555c2c8441002
2427;157;231;1;17/09/2026;2;1;3;3;2;2,7;2,9;Baja;Punto fuerte: experiencia. No acredita a buen nivel ninguna de las habilidades pedidas. Punto débil: habilidades pedidas: le falta SAP, Gestión de proyectos.;Acreditar SAP: la vacante lo pide y no figura en el CV.;fa8572211f1f46e71c75a0cb5c0d2862
2428;48;179;1;17/09/2026;5;1;3;3;3;3,3;2,9;Media;Punto fuerte: encaje con el rol. No acredita a buen nivel ninguna de las habilidades pedidas. Punto débil: habilidades pedidas: le falta Negociación, Orientación a resultados.;Acreditar Negociación: la vacante lo pide y no figura en el CV.;6be6b4c03c998ee742d555c2c8441002
2429;172;62;1;17/09/2026;5;2;3;3;3;3,8;3,5;Media;Punto fuerte: encaje con el rol. No acredita a buen nivel ninguna de las habilidades pedidas. Punto débil: habilidades pedidas: le falta Microsoft Office, Organización.;Acreditar Microsoft Office: la vacante lo pide y no figura en el CV.;10804d48ed0564e525d98af0405d3845
2430;141;105;1;17/09/2026;4;3;3;3;3;3,9;3,6;Media;Punto fuerte: encaje con el rol. Cubre Inglés, Euskera. Punto débil: habilidades pedidas: le falta Microsoft Office, Francés.;Acreditar Microsoft Office: la vacante lo pide y no figura en el CV.;21048a31d97fe07cff16c453033b21c6
2431;177;39;1;17/09/2026;2;1;2;4;1;2,1;2,0;Baja;Punto fuerte: retribución. No acredita a buen nivel ninguna de las habilidades pedidas. Punto débil: habilidades pedidas: le falta Redes, Docker.;Acreditar Redes: la vacante lo pide y no figura en el CV.;9d1640cabbe0740641702ecf5805ea48
2432;177;97;1;17/09/2026;5;2;1;4;2;3,2;3,0;Media;Punto fuerte: encaje con el rol. Cubre Pensamiento crítico. Punto débil: experiencia.;Acreditar SAP: la vacante lo pide y no figura en el CV.;9d1640cabbe0740641702ecf5805ea48
2433;124;82;1;17/09/2026;5;2;5;3;5;4,5;4,2;Alta;Punto fuerte: encaje con el rol. Cubre Diseño gráfico. Punto débil: habilidades pedidas: le falta AutoCAD.;Acreditar AutoCAD: la vacante lo pide y no figura en el CV.;88f59b2261aa4bf4c7aee145ba6dfe21
2434;180;1;1;17/09/2026;1;2;5;1;2;2,5;2,4;Baja;Punto fuerte: experiencia. Cubre Gestión de proyectos. Punto débil: encaje con el rol.;Acreditar AutoCAD: la vacante lo pide y no figura en el CV.;c4df8a0ce8a53a0d50c86652899e74ad
2435;169;53;1;17/09/2026;5;3;2;4;3;4,6;4,4;Alta;Punto fuerte: encaje con el rol. Cubre Organización. Punto débil: experiencia.;Acreditar Atención al cliente: la vacante lo pide y no figura en el CV.;094f54740365c9e0df07077c26e0c5bc
2436;191;6;1;17/09/2026;4;1;3;3;2;3,7;3,7;Media;Punto fuerte: encaje con el rol. No acredita a buen nivel ninguna de las habilidades pedidas. Punto débil: habilidades pedidas: le falta Empatía, Creatividad.;Acreditar Empatía: la vacante lo pide y no figura en el CV.;f532035cc6b29987cac3fa21883f1e99
2437;108;22;1;17/09/2026;5;3;5;3;4;4,5;4,7;Alta;Punto fuerte: encaje con el rol. Cubre Soldadura, Prevención de riesgos. Punto débil: habilidades pedidas: le falta Autonomía.;Acreditar Autonomía: la vacante lo pide y no figura en el CV.;d8dfe0f83e95120fd39310c95ef282a9
2438;184;113;1;17/09/2026;2;1;2;5;1;2,6;2,4;Baja;Punto fuerte: retribución. No acredita a buen nivel ninguna de las habilidades pedidas. Punto débil: habilidades pedidas: le falta Análisis estadístico, SQL.;Acreditar Análisis estadístico: la vacante lo pide y no figura en el CV.;93509b2332e6bca0da30657de730cbf8
2439;173;53;1;17/09/2026;3;1;5;2;2;2,9;2,8;Baja;Punto fuerte: experiencia. No acredita a buen nivel ninguna de las habilidades pedidas. Punto débil: habilidades pedidas: le falta Atención al cliente, Odoo.;Acreditar Atención al cliente: la vacante lo pide y no figura en el CV.;cef10ca99a3e1958919242477f4ccca8
2440;179;47;1;17/09/2026;2;1;3;5;2;2,9;2,8;Baja;Punto fuerte: retribución. No acredita a buen nivel ninguna de las habilidades pedidas. Punto débil: habilidades pedidas: le falta Figma, Creatividad.;Acreditar Figma: la vacante lo pide y no figura en el CV.;56ac0de771a0f0e6e71b1c649fc69677
2441;30;49;1;17/09/2026;4;3;2;5;3;4,4;3,9;Alta;Punto fuerte: retribución. Cubre SQL, Excel avanzado, Power BI. Punto débil: experiencia.;Acreditar Euskera: la vacante lo pide y no figura en el CV.;fdb15b3bc12281881d7d7b584622407a
2442;172;192;1;17/09/2026;5;1;1;3;3;3,2;2,8;Media;Punto fuerte: encaje con el rol. No acredita a buen nivel ninguna de las habilidades pedidas. Punto débil: habilidades pedidas: le falta Organización.;Acreditar Organización: la vacante lo pide y no figura en el CV.;10804d48ed0564e525d98af0405d3845
2443;187;146;1;17/09/2026;3;1;3;3;3;3,1;3,4;Media;Punto fuerte: encaje con el rol. No acredita a buen nivel ninguna de las habilidades pedidas. Punto débil: habilidades pedidas: le falta JavaScript, Git.;Acreditar JavaScript: la vacante lo pide y no figura en el CV.;9ab3df22a8e663cc4b1cbe2dceb6ddef
2444;170;3;1;17/09/2026;3;2;1;3;2;2,9;2,9;Baja;Punto fuerte: encaje con el rol. Cubre Euskera. Punto débil: experiencia.;Acreditar Ciberseguridad: la vacante lo pide y no figura en el CV.;668e7254b884924a92f136283168eace
2445;153;51;1;17/09/2026;2;1;3;1;1;2,3;2,3;Baja;Punto fuerte: experiencia. No acredita a buen nivel ninguna de las habilidades pedidas. Punto débil: habilidades pedidas: le falta Negociación, Prevención de riesgos.;Acreditar Negociación: la vacante lo pide y no figura en el CV.;710b38a2942a0a29d089f09f45e0f558
2446;134;2;1;17/09/2026;5;2;1;4;2;3,0;2,7;Media;Punto fuerte: encaje con el rol. Cubre Soldadura. Punto débil: experiencia.;Acreditar Autonomía: la vacante lo pide y no figura en el CV.;c29ac152f61bae4151b5cd27508b247c
2447;166;47;1;17/09/2026;5;2;4;5;4;4,3;4,2;Alta;Punto fuerte: encaje con el rol. Cubre Figma, Creatividad. Punto débil: habilidades pedidas: le falta Empatía, Euskera.;Acreditar Empatía: la vacante lo pide y no figura en el CV.;1fe052efc10e7c3413db16ca4b5c83b4
2448;23;65;1;17/09/2026;5;3;4;3;4;4,4;4,4;Alta;Punto fuerte: encaje con el rol. Cubre Prevención de riesgos, Mecanizado CNC. Punto débil: habilidades pedidas: le falta Autonomía, Resolución de problemas.;Acreditar Autonomía: la vacante lo pide y no figura en el CV.;c69114ac25b163c11e24ee2b45095c2e
2449;175;86;1;17/09/2026;2;1;3;4;2;2,8;3,0;Baja;Punto fuerte: retribución. No acredita a buen nivel ninguna de las habilidades pedidas. Punto débil: habilidades pedidas: le falta Trabajo bajo presión, Atención al cliente.;Acreditar Trabajo bajo presión: la vacante lo pide y no figura en el CV.;743e2a567ed80dee9d1d0fa7f9675c02
2450;188;217;1;17/09/2026;4;1;3;1;2;3,3;3,3;Media;Punto fuerte: encaje con el rol. No acredita a buen nivel ninguna de las habilidades pedidas. Punto débil: habilidades pedidas: le falta Atención al cliente, Organización.;Acreditar Atención al cliente: la vacante lo pide y no figura en el CV.;5109213b8d6556e08e4482d4439bedd3
2451;143;159;1;17/09/2026;5;1;4;3;2;2,9;2,7;Baja;Punto fuerte: encaje con el rol. Cubre Power BI. Punto débil: habilidades pedidas: le falta Pensamiento crítico, Excel avanzado.;Acreditar Pensamiento crítico: la vacante lo pide y no figura en el CV.;37b731f4bbfdbd1bed4aea1a68770abb
2452;165;175;1;17/09/2026;1;1;3;3;1;1,8;1,6;Baja;Punto fuerte: experiencia. No acredita a buen nivel ninguna de las habilidades pedidas. Punto débil: encaje con el rol.;Acreditar Análisis estadístico: la vacante lo pide y no figura en el CV.;657e6bbddbb928be76c4e18d6fedc4eb
2453;135;164;1;17/09/2026;2;2;4;1;3;3,2;3,1;Media;Punto fuerte: experiencia. Cubre Prevención de riesgos. Punto débil: retribución.;Acreditar Resolución de problemas: la vacante lo pide y no figura en el CV.;b9bc17dfc73171df3d3d1b8ba6e3f3d7
2454;27;179;1;17/09/2026;5;4;3;3;5;5,0;4,7;Alta;Punto fuerte: encaje con el rol. Cubre Negociación, Orientación a resultados, Salesforce. Punto débil: experiencia.;Pocas mejoras posibles: preparar la entrevista.;a0489a87a3728bb0e3d150e106c9569a
2455;187;102;1;17/09/2026;3;2;2;3;2;3,1;3,2;Media;Punto fuerte: encaje con el rol. Cubre Excel avanzado, SAP. Punto débil: habilidades pedidas: le falta Gestión de proyectos.;Acreditar Gestión de proyectos: la vacante lo pide y no figura en el CV.;9ab3df22a8e663cc4b1cbe2dceb6ddef
2456;45;55;1;17/09/2026;2;1;2;3;2;2,3;2,5;Baja;Punto fuerte: retribución. Cubre Inglés. Punto débil: habilidades pedidas: le falta Pensamiento crítico, Comunicación.;Acreditar Pensamiento crítico: la vacante lo pide y no figura en el CV.;79696bcf14d19d8cc255fccfe9b7752e
2457;187;65;1;17/09/2026;4;1;1;3;1;2,7;2,6;Baja;Punto fuerte: encaje con el rol. No acredita a buen nivel ninguna de las habilidades pedidas. Punto débil: habilidades pedidas: le falta Autonomía, Prevención de riesgos.;Acreditar Autonomía: la vacante lo pide y no figura en el CV.;9ab3df22a8e663cc4b1cbe2dceb6ddef
2458;180;2;1;17/09/2026;2;1;3;1;2;2,5;2,7;Baja;Punto fuerte: experiencia. No acredita a buen nivel ninguna de las habilidades pedidas. Punto débil: habilidades pedidas: le falta Soldadura, Autonomía.;Acreditar Soldadura: la vacante lo pide y no figura en el CV.;c4df8a0ce8a53a0d50c86652899e74ad
2459;185;54;1;17/09/2026;2;1;3;3;2;2,4;2,4;Baja;Punto fuerte: experiencia. Cubre Creatividad. Punto débil: habilidades pedidas: le falta Google Analytics, HubSpot.;Acreditar Google Analytics: la vacante lo pide y no figura en el CV.;fc06f86e721baba3dd9325dd3d7b7855
2460;177;89;1;17/09/2026;5;1;4;1;2;2,8;2,6;Baja;Punto fuerte: encaje con el rol. No acredita a buen nivel ninguna de las habilidades pedidas. Punto débil: habilidades pedidas: le falta SAP, AutoCAD.;Acreditar SAP: la vacante lo pide y no figura en el CV.;9d1640cabbe0740641702ecf5805ea48
2461;148;8;1;17/09/2026;2;2;5;4;2;3,3;3,2;Media;Punto fuerte: experiencia. Cubre Euskera, Comunicación. Punto débil: encaje con el rol.;Acreditar Empatía: la vacante lo pide y no figura en el CV.;a1fb51b5acf6fea67481767b1124826c
2462;185;228;1;17/09/2026;3;1;5;3;2;2,7;2,8;Baja;Punto fuerte: experiencia. No acredita a buen nivel ninguna de las habilidades pedidas. Punto débil: habilidades pedidas: le falta Microsoft Office, Comunicación.;Acreditar Microsoft Office: la vacante lo pide y no figura en el CV.;fc06f86e721baba3dd9325dd3d7b7855
2463;18;159;1;17/09/2026;2;1;4;4;2;2,9;3,5;Baja;Punto fuerte: experiencia. No acredita a buen nivel ninguna de las habilidades pedidas. Punto débil: habilidades pedidas: le falta Pensamiento crítico, Power BI.;Acreditar Pensamiento crítico: la vacante lo pide y no figura en el CV.;f75337c1535cca7acdd8d464a5086ad5
2464;173;113;1;17/09/2026;2;1;3;5;2;2,9;2,6;Baja;Punto fuerte: retribución. No acredita a buen nivel ninguna de las habilidades pedidas. Punto débil: habilidades pedidas: le falta Análisis estadístico, SQL.;Acreditar Análisis estadístico: la vacante lo pide y no figura en el CV.;cef10ca99a3e1958919242477f4ccca8
2465;62;69;1;17/09/2026;5;3;4;3;3;3,7;3,5;Media;Punto fuerte: encaje con el rol. Cubre Microsoft Office, Atención al cliente. Punto débil: habilidades pedidas: le falta Odoo.;Acreditar Odoo: la vacante lo pide y no figura en el CV.;cb24798309bdfcaab479bb037eec32ab
2466;118;179;3;17/09/2026;3;1;4;3;2;2,9;2,9;Baja;Revisión manual. Punto fuerte: experiencia.;Acreditar Negociación: la vacante lo pide y no figura en el CV.;7cd441c45246fdcf3b7ed7b74b726039
2467;183;190;3;17/09/2026;4;1;3;3;3;2,5;2,5;Baja;Revisión manual. Punto fuerte: encaje con el rol.;Acreditar Odoo: la vacante lo pide y no figura en el CV.;1529570f1af7d39ec2014f7a35dc5de1
2468;178;87;4;17/09/2026;1;1;3;5;2;2,5;2,5;Baja;Revisión manual. Punto fuerte: retribución.;Acreditar Figma: la vacante lo pide y no figura en el CV.;8dfeba13f28d7b423b7f03c196224393
2469;58;164;3;17/09/2026;2;2;4;2;2;3,3;3,3;Media;Revisión manual. Punto fuerte: experiencia.;Acreditar Prevención de riesgos: la vacante lo pide y no figura en el CV.;f32dca8b4bbeaf7b99a5388a3ee25d05
2470;93;216;3;17/09/2026;3;3;5;2;3;3,6;3,6;Media;Revisión manual. Punto fuerte: experiencia.;Acreditar Organización: la vacante lo pide y no figura en el CV.;7471a6f385b02e1a4dfb6809e06f286e
2471;158;10;1;18/09/2026;1;1;3;5;2;2,9;2,8;Baja;Punto fuerte: retribución. No acredita a buen nivel ninguna de las habilidades pedidas. Punto débil: encaje con el rol.;Acreditar Resolución de problemas: la vacante lo pide y no figura en el CV.;5d29dbd8e3bb9f77158ff25fac3b8b98
2472;178;177;1;18/09/2026;3;2;3;3;3;3,3;3,2;Media;Punto fuerte: encaje con el rol. Cubre Atención al cliente. Punto débil: habilidades pedidas: le falta Odoo, Microsoft Office.;Acreditar Odoo: la vacante lo pide y no figura en el CV.;8dfeba13f28d7b423b7f03c196224393
2473;183;87;1;18/09/2026;1;1;2;5;1;2,1;2,2;Baja;Punto fuerte: retribución. No acredita a buen nivel ninguna de las habilidades pedidas. Punto débil: encaje con el rol.;Acreditar Figma: la vacante lo pide y no figura en el CV.;1529570f1af7d39ec2014f7a35dc5de1
2474;189;114;1;18/09/2026;5;2;5;3;4;4,5;4,6;Alta;Punto fuerte: encaje con el rol. Cubre Euskera. Punto débil: habilidades pedidas: le falta Salesforce, Orientación a resultados.;Acreditar Salesforce: la vacante lo pide y no figura en el CV.;03e11387ad59534c9318c38a033203c9
2475;44;65;1;18/09/2026;1;1;1;5;1;2,3;2,5;Baja;Punto fuerte: retribución. No acredita a buen nivel ninguna de las habilidades pedidas. Punto débil: encaje con el rol.;Acreditar Autonomía: la vacante lo pide y no figura en el CV.;2fd67b166cd5705953353f5169d02f1f
2476;185;199;1;18/09/2026;3;2;4;3;4;4,0;3,9;Alta;Punto fuerte: experiencia. Cubre Inglés. Punto débil: habilidades pedidas: le falta Análisis estadístico, Pensamiento crítico.;Acreditar Análisis estadístico: la vacante lo pide y no figura en el CV.;fc06f86e721baba3dd9325dd3d7b7855
2477;15;202;1;18/09/2026;1;2;2;4;2;3,0;3,0;Media;Punto fuerte: retribución. No acredita a buen nivel ninguna de las habilidades pedidas. Punto débil: encaje con el rol.;Acreditar Excel avanzado: la vacante lo pide y no figura en el CV.;045acccb8d5df88f9758c8c5ad6ab3da
2478;55;65;1;18/09/2026;5;2;2;4;3;3,7;3,4;Media;Punto fuerte: encaje con el rol. Cubre Prevención de riesgos. Punto débil: habilidades pedidas: le falta Autonomía, Resolución de problemas.;Acreditar Autonomía: la vacante lo pide y no figura en el CV.;bdc486f200cf51150a14741a79615248
2479;174;198;1;18/09/2026;5;2;5;3;4;4,1;3,8;Alta;Punto fuerte: encaje con el rol. Cubre Redes. Punto débil: habilidades pedidas: le falta Ciberseguridad, Docker.;Acreditar Ciberseguridad: la vacante lo pide y no figura en el CV.;64b84413e08ce6c68dd560ab2f1d283e
2480;76;216;1;18/09/2026;4;1;2;3;2;2,7;2,4;Baja;Punto fuerte: encaje con el rol. Cubre Organización. Punto débil: habilidades pedidas: le falta Odoo, Microsoft Office.;Acreditar Odoo: la vacante lo pide y no figura en el CV.;4cfd825587a78dd0bc54d9398a050a4f
2481;177;73;1;18/09/2026;3;1;4;2;2;2,8;2,7;Baja;Punto fuerte: experiencia. Cubre Euskera. Punto débil: habilidades pedidas: le falta Atención al cliente, Odoo.;Acreditar Atención al cliente: la vacante lo pide y no figura en el CV.;9d1640cabbe0740641702ecf5805ea48
2482;9;98;1;18/09/2026;2;2;3;2;2;2,9;2,9;Baja;Punto fuerte: experiencia. Cubre Trabajo bajo presión. Punto débil: encaje con el rol.;Acreditar Empatía: la vacante lo pide y no figura en el CV.;2a84e3ebb2f9f0e3841cbb047491fc45
2483;155;190;1;18/09/2026;3;2;1;3;2;2,9;3,0;Baja;Punto fuerte: encaje con el rol. No acredita a buen nivel ninguna de las habilidades pedidas. Punto débil: experiencia.;Acreditar Odoo: la vacante lo pide y no figura en el CV.;3daea981a217068fe0d70fc6d50ff35f
2484;179;221;1;18/09/2026;2;2;5;2;3;3,1;3,3;Media;Punto fuerte: experiencia. Cubre AutoCAD. Punto débil: encaje con el rol.;Acreditar Gestión de proyectos: la vacante lo pide y no figura en el CV.;56ac0de771a0f0e6e71b1c649fc69677
2485;157;215;1;18/09/2026;5;1;2;3;3;3,2;3,0;Media;Punto fuerte: encaje con el rol. No acredita a buen nivel ninguna de las habilidades pedidas. Punto débil: habilidades pedidas: le falta Organización, Atención al cliente.;Acreditar Organización: la vacante lo pide y no figura en el CV.;fa8572211f1f46e71c75a0cb5c0d2862
2486;81;150;1;18/09/2026;2;1;1;4;1;2,0;1,8;Baja;Punto fuerte: retribución. No acredita a buen nivel ninguna de las habilidades pedidas. Punto débil: habilidades pedidas: le falta Empatía, Figma.;Acreditar Empatía: la vacante lo pide y no figura en el CV.;11bbeacc030854ec0ebf30b0b36ff61f
2487;62;82;1;18/09/2026;2;1;4;3;2;2,6;2,4;Baja;Punto fuerte: experiencia. No acredita a buen nivel ninguna de las habilidades pedidas. Punto débil: habilidades pedidas: le falta Diseño gráfico, AutoCAD.;Acreditar Diseño gráfico: la vacante lo pide y no figura en el CV.;cb24798309bdfcaab479bb037eec32ab
2488;170;231;1;18/09/2026;5;2;2;3;3;3,6;3,5;Media;Punto fuerte: encaje con el rol. Cubre Gestión de proyectos, AutoCAD. Punto débil: habilidades pedidas: le falta SAP.;Acreditar SAP: la vacante lo pide y no figura en el CV.;668e7254b884924a92f136283168eace
2489;183;10;1;18/09/2026;1;2;3;5;2;3,2;3,2;Media;Punto fuerte: retribución. No acredita a buen nivel ninguna de las habilidades pedidas. Punto débil: encaje con el rol.;Acreditar Resolución de problemas: la vacante lo pide y no figura en el CV.;1529570f1af7d39ec2014f7a35dc5de1
2490;175;143;1;18/09/2026;2;2;3;4;1;2,6;2,4;Baja;Punto fuerte: retribución. Cubre Atención al detalle. Punto débil: probabilidad de entrevista.;Acreditar AutoCAD: la vacante lo pide y no figura en el CV.;743e2a567ed80dee9d1d0fa7f9675c02
2491;175;14;1;18/09/2026;5;3;2;3;4;4,1;4,0;Alta;Punto fuerte: encaje con el rol. Cubre Atención al detalle, Análisis estadístico. Punto débil: experiencia.;Acreditar Inglés: la vacante lo pide y no figura en el CV.;743e2a567ed80dee9d1d0fa7f9675c02
2492;24;170;1;18/09/2026;2;2;5;5;3;3,3;3,3;Media;Punto fuerte: experiencia. Cubre Creatividad. Punto débil: encaje con el rol.;Acreditar Figma: la vacante lo pide y no figura en el CV.;1aeb058baac2bcc159a5b57e54fefa31
2493;184;215;1;18/09/2026;2;2;4;4;3;2,9;2,7;Baja;Punto fuerte: experiencia. No acredita a buen nivel ninguna de las habilidades pedidas. Punto débil: encaje con el rol.;Acreditar Organización: la vacante lo pide y no figura en el CV.;93509b2332e6bca0da30657de730cbf8
2494;154;242;1;18/09/2026;4;2;2;3;2;3,3;3,5;Media;Punto fuerte: encaje con el rol. Cubre Comunicación. Punto débil: habilidades pedidas: le falta Pensamiento crítico, Negociación.;Acreditar Pensamiento crítico: la vacante lo pide y no figura en el CV.;40d5713c4e493091a4de62d1b6f17725
2495;126;73;1;18/09/2026;5;2;4;4;3;3,7;3,7;Media;Punto fuerte: encaje con el rol. No acredita a buen nivel ninguna de las habilidades pedidas. Punto débil: habilidades pedidas: le falta Odoo, Organización.;Acreditar Odoo: la vacante lo pide y no figura en el CV.;bf8badb65edb2a8201262f446f291c52
2496;11;78;1;18/09/2026;5;2;1;5;2;3,9;3,6;Media;Punto fuerte: encaje con el rol. Cubre Resolución de problemas. Punto débil: experiencia.;Acreditar Mecanizado CNC: la vacante lo pide y no figura en el CV.;3b883509efc39b7f91f118ac94557999
2497;121;19;1;18/09/2026;3;2;1;5;2;3,4;3,6;Media;Punto fuerte: retribución. Cubre Python, SQL. Punto débil: experiencia.;Acreditar Git: la vacante lo pide y no figura en el CV.;cb39e08210413c9765882bcc9841220f
2498;132;43;1;18/09/2026;3;1;2;4;2;3,1;3,3;Media;Punto fuerte: retribución. No acredita a buen nivel ninguna de las habilidades pedidas. Punto débil: habilidades pedidas: le falta Redes, Docker.;Acreditar Redes: la vacante lo pide y no figura en el CV.;2ecb9edf8ba799d8e907738b02e00593
2499;171;59;1;18/09/2026;2;1;1;3;2;1,9;2,0;Baja;Punto fuerte: retribución. No acredita a buen nivel ninguna de las habilidades pedidas. Punto débil: habilidades pedidas: le falta Excel avanzado, Power BI.;Acreditar Excel avanzado: la vacante lo pide y no figura en el CV.;9944a1fc8676ca274be2969bba08f94b
2500;190;173;1;18/09/2026;4;2;5;1;3;3,8;3,8;Media;Punto fuerte: experiencia. Cubre Salesforce. Punto débil: retribución.;Acreditar Negociación: la vacante lo pide y no figura en el CV.;b4c2c4fad2fd18c9700ca21dfa73cd65
2501;188;143;1;18/09/2026;1;1;3;1;1;1,7;2,1;Baja;Punto fuerte: experiencia. No acredita a buen nivel ninguna de las habilidades pedidas. Punto débil: encaje con el rol.;Acreditar AutoCAD: la vacante lo pide y no figura en el CV.;5109213b8d6556e08e4482d4439bedd3
2502;166;43;1;18/09/2026;2;1;4;5;2;2,8;3,3;Baja;Punto fuerte: retribución. No acredita a buen nivel ninguna de las habilidades pedidas. Punto débil: habilidades pedidas: le falta Redes, Docker.;Acreditar Redes: la vacante lo pide y no figura en el CV.;1fe052efc10e7c3413db16ca4b5c83b4
2503;95;2;1;18/09/2026;1;1;1;5;1;2,4;2,1;Baja;Punto fuerte: retribución. No acredita a buen nivel ninguna de las habilidades pedidas. Punto débil: encaje con el rol.;Acreditar Soldadura: la vacante lo pide y no figura en el CV.;38ec8d05ee004f3d9735664e439808c9
2504;19;26;1;18/09/2026;3;1;3;1;1;2,5;2,8;Baja;Punto fuerte: encaje con el rol. Cubre Euskera. Punto débil: habilidades pedidas: le falta Logística, SAP.;Acreditar Logística: la vacante lo pide y no figura en el CV.;07de0c3b759cac6c75f836ee50a4ea34
2505;103;133;1;18/09/2026;2;1;3;3;2;2,9;2,8;Baja;Punto fuerte: experiencia. No acredita a buen nivel ninguna de las habilidades pedidas. Punto débil: habilidades pedidas: le falta Odoo, Organización.;Acreditar Odoo: la vacante lo pide y no figura en el CV.;37af7efae85839558568edaf5c1584f8
2506;139;135;1;18/09/2026;2;2;3;3;2;3,2;3,2;Media;Punto fuerte: experiencia. No acredita a buen nivel ninguna de las habilidades pedidas. Punto débil: encaje con el rol.;Acreditar Prevención de riesgos: la vacante lo pide y no figura en el CV.;b9761c2b467377880cd97108334940d7
2507;19;125;1;18/09/2026;3;1;2;4;2;3,0;2,8;Media;Punto fuerte: retribución. No acredita a buen nivel ninguna de las habilidades pedidas. Punto débil: habilidades pedidas: le falta Gestión de proyectos, Comunicación.;Acreditar Gestión de proyectos: la vacante lo pide y no figura en el CV.;07de0c3b759cac6c75f836ee50a4ea34
2508;160;43;1;18/09/2026;2;1;1;5;2;2,5;2,4;Baja;Punto fuerte: retribución. No acredita a buen nivel ninguna de las habilidades pedidas. Punto débil: habilidades pedidas: le falta Redes, Docker.;Acreditar Redes: la vacante lo pide y no figura en el CV.;f9fae36eb913d8400aef78c996db9518
2509;143;202;1;18/09/2026;2;1;3;3;2;2,8;2,8;Baja;Punto fuerte: experiencia. No acredita a buen nivel ninguna de las habilidades pedidas. Punto débil: habilidades pedidas: le falta Excel avanzado, Atención al detalle.;Acreditar Excel avanzado: la vacante lo pide y no figura en el CV.;37b731f4bbfdbd1bed4aea1a68770abb
2510;183;102;1;18/09/2026;1;1;2;5;1;2,4;2,5;Baja;Punto fuerte: retribución. No acredita a buen nivel ninguna de las habilidades pedidas. Punto débil: encaje con el rol.;Acreditar Excel avanzado: la vacante lo pide y no figura en el CV.;1529570f1af7d39ec2014f7a35dc5de1
2511;162;67;1;18/09/2026;2;1;4;2;2;2,9;2,6;Baja;Punto fuerte: experiencia. Cubre Resolución de problemas. Punto débil: habilidades pedidas: le falta Prevención de riesgos, Mecanizado CNC.;Acreditar Prevención de riesgos: la vacante lo pide y no figura en el CV.;f9238315c503426a5187792f7e358491
2512;73;135;1;18/09/2026;2;2;4;3;2;2,9;3,2;Baja;Punto fuerte: experiencia. Cubre Autonomía. Punto débil: encaje con el rol.;Acreditar Prevención de riesgos: la vacante lo pide y no figura en el CV.;c7572b0b01ded11bb39dd474f5304968
2513;115;163;1;18/09/2026;3;1;5;1;2;2,7;2,8;Baja;Punto fuerte: experiencia. Cubre Creatividad. Punto débil: habilidades pedidas: le falta Google Analytics, HubSpot.;Acreditar Google Analytics: la vacante lo pide y no figura en el CV.;aa65de7ed7107b5037472dc734fcc40a
2514;174;77;1;18/09/2026;2;1;3;1;1;2,4;2,5;Baja;Punto fuerte: experiencia. No acredita a buen nivel ninguna de las habilidades pedidas. Punto débil: habilidades pedidas: le falta HubSpot, Google Analytics.;Acreditar HubSpot: la vacante lo pide y no figura en el CV.;64b84413e08ce6c68dd560ab2f1d283e
2515;138;22;1;18/09/2026;2;1;3;3;1;1,8;1,9;Baja;Punto fuerte: experiencia. No acredita a buen nivel ninguna de las habilidades pedidas. Punto débil: habilidades pedidas: le falta Soldadura, Autonomía.;Acreditar Soldadura: la vacante lo pide y no figura en el CV.;bd300803255de7021b51593a83a286fc
2516;176;37;1;18/09/2026;5;2;1;5;3;4,0;4,1;Alta;Punto fuerte: encaje con el rol. Cubre Python. Punto débil: experiencia.;Acreditar Git: la vacante lo pide y no figura en el CV.;1ced482c4510b4b52ad5c2f4003630db
2517;187;87;1;18/09/2026;2;1;1;3;2;2,3;1,9;Baja;Punto fuerte: retribución. No acredita a buen nivel ninguna de las habilidades pedidas. Punto débil: habilidades pedidas: le falta Figma, Creatividad.;Acreditar Figma: la vacante lo pide y no figura en el CV.;9ab3df22a8e663cc4b1cbe2dceb6ddef
2518;124;65;1;18/09/2026;4;1;5;3;3;3,9;3,6;Media;Punto fuerte: experiencia. No acredita a buen nivel ninguna de las habilidades pedidas. Punto débil: habilidades pedidas: le falta Autonomía, Prevención de riesgos.;Acreditar Autonomía: la vacante lo pide y no figura en el CV.;88f59b2261aa4bf4c7aee145ba6dfe21
2519;189;54;1;18/09/2026;5;3;4;1;3;4,4;4,4;Alta;Punto fuerte: encaje con el rol. Cubre Google Analytics, HubSpot, Creatividad. Punto débil: retribución.;Acreditar WordPress: la vacante lo pide y no figura en el CV.;03e11387ad59534c9318c38a033203c9
2520;182;245;1;18/09/2026;5;4;3;3;3;4,6;5,0;Alta;Punto fuerte: encaje con el rol. Cubre Gestión de proyectos, Excel avanzado. Punto débil: experiencia.;Acreditar Resolución de problemas: la vacante lo pide y no figura en el CV.;5ec1d20b33af576293bdd88cff5b704e
2521;175;73;1;18/09/2026;2;1;3;5;1;2,6;2,8;Baja;Punto fuerte: retribución. No acredita a buen nivel ninguna de las habilidades pedidas. Punto débil: habilidades pedidas: le falta Atención al cliente, Odoo.;Acreditar Atención al cliente: la vacante lo pide y no figura en el CV.;743e2a567ed80dee9d1d0fa7f9675c02
2522;113;89;1;18/09/2026;1;1;3;1;2;2,3;2,3;Baja;Punto fuerte: experiencia. No acredita a buen nivel ninguna de las habilidades pedidas. Punto débil: encaje con el rol.;Acreditar Gestión de proyectos: la vacante lo pide y no figura en el CV.;7eecc91afd3f91f116de12ffa2ece811
2523;100;73;1;18/09/2026;5;2;4;1;3;3,9;3,8;Media;Punto fuerte: encaje con el rol. Cubre Odoo. Punto débil: retribución.;Acreditar Atención al cliente: la vacante lo pide y no figura en el CV.;a55050736976ba738c4e5e8a86c34ed9
2524;173;93;1;18/09/2026;1;2;4;2;2;2,8;2,5;Baja;Punto fuerte: experiencia. Cubre Euskera. Punto débil: encaje con el rol.;Acreditar Atención al cliente: la vacante lo pide y no figura en el CV.;cef10ca99a3e1958919242477f4ccca8
2525;189;151;1;18/09/2026;5;3;4;3;4;4,4;4,3;Alta;Punto fuerte: encaje con el rol. Cubre Creatividad, Empatía. Punto débil: habilidades pedidas: le falta Photoshop, Figma.;Acreditar Photoshop: la vacante lo pide y no figura en el CV.;03e11387ad59534c9318c38a033203c9
2526;8;89;1;18/09/2026;5;2;5;1;4;4,2;3,9;Alta;Punto fuerte: encaje con el rol. No acredita a buen nivel ninguna de las habilidades pedidas. Punto débil: retribución.;Acreditar Gestión de proyectos: la vacante lo pide y no figura en el CV.;9091e8fb9fb54d7ae3978b0e9dfdfd4e
2527;155;136;1;18/09/2026;2;1;3;3;2;2,5;2,6;Baja;Punto fuerte: experiencia. No acredita a buen nivel ninguna de las habilidades pedidas. Punto débil: habilidades pedidas: le falta Figma, Photoshop.;Acreditar Figma: la vacante lo pide y no figura en el CV.;3daea981a217068fe0d70fc6d50ff35f
2528;65;150;1;18/09/2026;2;1;4;5;1;2,5;2,4;Baja;Punto fuerte: retribución. No acredita a buen nivel ninguna de las habilidades pedidas. Punto débil: habilidades pedidas: le falta Empatía, Figma.;Acreditar Empatía: la vacante lo pide y no figura en el CV.;3cb0682fe51ea684660b1b35c056b93a
2529;168;82;1;18/09/2026;5;2;5;2;4;4,4;4,1;Alta;Punto fuerte: encaje con el rol. Cubre AutoCAD. Punto débil: habilidades pedidas: le falta Diseño gráfico, Atención al detalle.;Acreditar Diseño gráfico: la vacante lo pide y no figura en el CV.;6e99ec51b0558b6cbd3dcbafdad94b6c
2530;190;114;1;18/09/2026;5;3;4;3;4;4,4;4,3;Alta;Punto fuerte: encaje con el rol. Cubre Salesforce, Euskera. Punto débil: habilidades pedidas: le falta Orientación a resultados, Negociación.;Acreditar Orientación a resultados: la vacante lo pide y no figura en el CV.;b4c2c4fad2fd18c9700ca21dfa73cd65
2531;167;17;1;18/09/2026;5;2;1;3;3;3,6;3,5;Media;Punto fuerte: encaje con el rol. Cubre Inglés, Comunicación. Punto débil: experiencia.;Acreditar Pensamiento crítico: la vacante lo pide y no figura en el CV.;919baa73559e41873c94236e23ca3178
2532;152;73;1;18/09/2026;5;2;5;3;3;4,0;3,6;Alta;Punto fuerte: encaje con el rol. Cubre Atención al cliente, Euskera. Punto débil: habilidades pedidas: le falta Odoo, Organización.;Acreditar Odoo: la vacante lo pide y no figura en el CV.;8873fba43883f8395187bc4151dee2b7
2533;87;143;1;18/09/2026;5;2;5;5;4;4,1;3,8;Alta;Punto fuerte: encaje con el rol. Cubre AutoCAD, Diseño gráfico. Punto débil: habilidades pedidas: le falta Atención al detalle.;Acreditar Atención al detalle: la vacante lo pide y no figura en el CV.;89728c973c760f1cb456fcbc23c4b8e8
2534;186;164;1;18/09/2026;5;3;5;1;3;4,2;4,3;Alta;Punto fuerte: encaje con el rol. Cubre Prevención de riesgos, Autonomía. Punto débil: retribución.;Acreditar Resolución de problemas: la vacante lo pide y no figura en el CV.;35dd06e396c18de1a9dc3cfc544ae5ef
2535;19;5;1;18/09/2026;5;3;3;1;3;3,9;3,7;Media;Punto fuerte: encaje con el rol. Cubre Trabajo bajo presión, Empatía, Euskera. Punto débil: retribución.;Acreditar Atención al cliente: la vacante lo pide y no figura en el CV.;07de0c3b759cac6c75f836ee50a4ea34
2536;190;183;1;18/09/2026;5;2;4;2;3;3,6;3,6;Media;Punto fuerte: encaje con el rol. Cubre Salesforce. Punto débil: habilidades pedidas: le falta Negociación, Orientación a resultados.;Acreditar Negociación: la vacante lo pide y no figura en el CV.;b4c2c4fad2fd18c9700ca21dfa73cd65
2537;45;43;1;18/09/2026;5;3;3;3;4;4,1;4,3;Alta;Punto fuerte: encaje con el rol. Cubre Redes, Docker. Punto débil: habilidades pedidas.;Subir Ciberseguridad de nivel 2 a 3.;79696bcf14d19d8cc255fccfe9b7752e
2538;155;19;1;18/09/2026;5;2;1;5;2;3,4;3,2;Media;Punto fuerte: encaje con el rol. Cubre SQL. Punto débil: experiencia.;Acreditar Git: la vacante lo pide y no figura en el CV.;3daea981a217068fe0d70fc6d50ff35f
2539;68;133;3;18/09/2026;3;2;4;2;3;3,5;3,5;Media;Revisión manual. Punto fuerte: encaje con el rol.;Acreditar Organización: la vacante lo pide y no figura en el CV.;e74475b24a3a5e1c4424f7c7a57ca71c
2540;148;8;3;18/09/2026;2;2;5;4;2;3,4;3,4;Media;Revisión manual. Punto fuerte: experiencia.;Acreditar Empatía: la vacante lo pide y no figura en el CV.;a1fb51b5acf6fea67481767b1124826c
2541;64;65;4;18/09/2026;3;1;2;3;1;3,2;3,2;Media;Revisión manual. Punto fuerte: encaje con el rol.;Acreditar Autonomía: la vacante lo pide y no figura en el CV.;8fcae24fb6920086713d68c73ed9e705
2542;187;186;1;19/09/2026;3;3;2;3;3;3,3;3,2;Media;Punto fuerte: encaje con el rol. Cubre Excel avanzado, Análisis estadístico. Punto débil: experiencia.;Acreditar Power BI: la vacante lo pide y no figura en el CV.;9ab3df22a8e663cc4b1cbe2dceb6ddef
2543;193;242;1;19/09/2026;2;1;5;3;3;3,7;3,8;Media;Punto fuerte: experiencia. Cubre Inglés. Punto débil: habilidades pedidas: le falta Pensamiento crítico, Comunicación.;Acreditar Pensamiento crítico: la vacante lo pide y no figura en el CV.;b414c0d0e0bd046b669b1f02cfca3ad1
2544;189;91;1;19/09/2026;5;1;5;3;3;3,5;3,6;Media;Punto fuerte: encaje con el rol. No acredita a buen nivel ninguna de las habilidades pedidas. Punto débil: habilidades pedidas: le falta Atención al cliente, Orientación a resultados.;Acreditar Atención al cliente: la vacante lo pide y no figura en el CV.;03e11387ad59534c9318c38a033203c9
2545;178;56;1;19/09/2026;2;1;5;1;1;2,8;2,2;Baja;Punto fuerte: experiencia. No acredita a buen nivel ninguna de las habilidades pedidas. Punto débil: habilidades pedidas: le falta Java, SQL.;Acreditar Java: la vacante lo pide y no figura en el CV.;8dfeba13f28d7b423b7f03c196224393
2546;31;197;1;19/09/2026;5;1;4;4;3;3,6;3,6;Media;Punto fuerte: encaje con el rol. Cubre Mecanizado CNC. Punto débil: habilidades pedidas: le falta Autonomía, Prevención de riesgos.;Acreditar Autonomía: la vacante lo pide y no figura en el CV.;f5bdd3f0eb3dad01d633b74b369c9125
2547;83;89;1;19/09/2026;5;3;5;3;3;4,8;4,5;Alta;Punto fuerte: encaje con el rol. Cubre Gestión de proyectos, SAP. Punto débil: habilidades pedidas: le falta AutoCAD.;Acreditar AutoCAD: la vacante lo pide y no figura en el CV.;0da3bf552eaaf1b9ddbdb332ac2cb1a9
2548;137;165;1;19/09/2026;3;1;5;1;2;2,9;3,4;Baja;Punto fuerte: experiencia. Cubre Resolución de problemas. Punto débil: habilidades pedidas: le falta Autonomía, Prevención de riesgos.;Acreditar Autonomía: la vacante lo pide y no figura en el CV.;5b76544032609f36e5ba5e6a0363dd74
2549;165;191;1;19/09/2026;1;2;3;5;2;3,1;3,6;Media;Punto fuerte: retribución. No acredita a buen nivel ninguna de las habilidades pedidas. Punto débil: encaje con el rol.;Acreditar Excel avanzado: la vacante lo pide y no figura en el CV.;657e6bbddbb928be76c4e18d6fedc4eb
2550;175;34;1;19/09/2026;2;2;3;3;3;3,1;3,0;Media;Punto fuerte: experiencia. Cubre Creatividad. Punto débil: encaje con el rol.;Acreditar Trabajo bajo presión: la vacante lo pide y no figura en el CV.;743e2a567ed80dee9d1d0fa7f9675c02
2551;182;197;1;19/09/2026;3;1;5;2;2;3,0;2,8;Media;Punto fuerte: experiencia. No acredita a buen nivel ninguna de las habilidades pedidas. Punto débil: habilidades pedidas: le falta Autonomía, Prevención de riesgos.;Acreditar Autonomía: la vacante lo pide y no figura en el CV.;5ec1d20b33af576293bdd88cff5b704e
2552;183;187;1;19/09/2026;4;2;3;5;3;4,0;4,0;Alta;Punto fuerte: retribución. Cubre Negociación, Euskera. Punto débil: habilidades pedidas: le falta Salesforce, Atención al cliente.;Acreditar Salesforce: la vacante lo pide y no figura en el CV.;1529570f1af7d39ec2014f7a35dc5de1
2553;182;229;1;19/09/2026;2;3;5;3;3;3,6;3,8;Media;Punto fuerte: experiencia. Cubre Excel avanzado, Power BI. Punto débil: encaje con el rol.;Acreditar Contabilidad: la vacante lo pide y no figura en el CV.;5ec1d20b33af576293bdd88cff5b704e
2554;98;73;1;19/09/2026;4;1;2;2;2;3,1;2,9;Media;Punto fuerte: encaje con el rol. No acredita a buen nivel ninguna de las habilidades pedidas. Punto débil: habilidades pedidas: le falta Atención al cliente, Odoo.;Acreditar Atención al cliente: la vacante lo pide y no figura en el CV.;c5c761f89bb823c2eba5d9fb3bd0a14d
2555;165;11;1;19/09/2026;1;1;2;4;2;1,9;1,5;Baja;Punto fuerte: retribución. Cubre Organización. Punto débil: encaje con el rol.;Acreditar Contabilidad: la vacante lo pide y no figura en el CV.;657e6bbddbb928be76c4e18d6fedc4eb
2556;70;143;1;19/09/2026;2;1;2;3;2;3,1;3,0;Media;Punto fuerte: retribución. No acredita a buen nivel ninguna de las habilidades pedidas. Punto débil: habilidades pedidas: le falta AutoCAD, Diseño gráfico.;Acreditar AutoCAD: la vacante lo pide y no figura en el CV.;f5afac3bc9ed839fa51c0f7d16a6b1f0
2557;109;206;1;19/09/2026;4;4;5;3;4;4,5;4,2;Alta;Punto fuerte: experiencia. Cubre Atención al cliente, Organización, Odoo. Punto débil: retribución.;Acreditar Microsoft Office: la vacante lo pide y no figura en el CV.;8c05856918be966f9ef0b4acf5cb8f27
2558;139;163;1;19/09/2026;1;1;4;3;2;2,7;2,5;Baja;Punto fuerte: experiencia. Cubre Euskera. Punto débil: encaje con el rol.;Acreditar Google Analytics: la vacante lo pide y no figura en el CV.;b9761c2b467377880cd97108334940d7
2559;175;110;1;19/09/2026;2;1;4;3;2;2,5;2,3;Baja;Punto fuerte: experiencia. No acredita a buen nivel ninguna de las habilidades pedidas. Punto débil: habilidades pedidas: le falta Microsoft Office, Francés.;Acreditar Microsoft Office: la vacante lo pide y no figura en el CV.;743e2a567ed80dee9d1d0fa7f9675c02
2560;109;73;1;19/09/2026;5;4;5;1;3;4,4;4,2;Alta;Punto fuerte: encaje con el rol. Cubre Atención al cliente, Odoo, Organización. Punto débil: retribución.;Acreditar Microsoft Office: la vacante lo pide y no figura en el CV.;8c05856918be966f9ef0b4acf5cb8f27
2561;163;97;1;19/09/2026;5;3;3;3;4;4,5;4,4;Alta;Punto fuerte: encaje con el rol. Cubre SAP, Pensamiento crítico. Punto débil: habilidades pedidas: le falta Atención al detalle.;Acreditar Atención al detalle: la vacante lo pide y no figura en el CV.;c4e4a07f0c05c8aa7e69aa67336b168e
2562;171;104;1;19/09/2026;2;2;1;3;2;3,1;3,3;Media;Punto fuerte: retribución. No acredita a buen nivel ninguna de las habilidades pedidas. Punto débil: experiencia.;Acreditar Excel avanzado: la vacante lo pide y no figura en el CV.;9944a1fc8676ca274be2969bba08f94b
2563;161;55;1;19/09/2026;5;3;2;5;3;4,2;3,9;Alta;Punto fuerte: encaje con el rol. Cubre Negociación. Punto débil: experiencia.;Acreditar Pensamiento crítico: la vacante lo pide y no figura en el CV.;0d8b6979fcb2a36e43ca75f4a7bb1976
2564;90;56;1;19/09/2026;2;1;5;1;3;3,1;3,5;Media;Punto fuerte: experiencia. No acredita a buen nivel ninguna de las habilidades pedidas. Punto débil: habilidades pedidas: le falta Java, SQL.;Acreditar Java: la vacante lo pide y no figura en el CV.;76f8de286439e9508b10f9e90bf2fedc
2565;174;125;1;19/09/2026;3;1;2;3;2;3,1;3,2;Media;Punto fuerte: encaje con el rol. No acredita a buen nivel ninguna de las habilidades pedidas. Punto débil: habilidades pedidas: le falta Gestión de proyectos, Comunicación.;Acreditar Gestión de proyectos: la vacante lo pide y no figura en el CV.;64b84413e08ce6c68dd560ab2f1d283e
2566;193;240;1;19/09/2026;5;1;3;2;2;3,2;3,0;Media;Punto fuerte: encaje con el rol. No acredita a buen nivel ninguna de las habilidades pedidas. Punto débil: habilidades pedidas: le falta Atención al cliente, Salesforce.;Acreditar Atención al cliente: la vacante lo pide y no figura en el CV.;b414c0d0e0bd046b669b1f02cfca3ad1
2567;169;87;1;19/09/2026;2;2;1;5;1;2,7;2,8;Baja;Punto fuerte: retribución. No acredita a buen nivel ninguna de las habilidades pedidas. Punto débil: experiencia.;Acreditar Figma: la vacante lo pide y no figura en el CV.;094f54740365c9e0df07077c26e0c5bc
2568;191;247;1;19/09/2026;5;3;4;2;4;4,6;4,4;Alta;Punto fuerte: encaje con el rol. Cubre Negociación, Atención al cliente. Punto débil: retribución.;Acreditar Salesforce: la vacante lo pide y no figura en el CV.;f532035cc6b29987cac3fa21883f1e99
2569;57;17;1;19/09/2026;1;1;2;5;1;2,3;2,4;Baja;Punto fuerte: retribución. No acredita a buen nivel ninguna de las habilidades pedidas. Punto débil: encaje con el rol.;Acreditar Inglés: la vacante lo pide y no figura en el CV.;32e0331dbc878ffbd95b2b90ac4d72f2
2570;130;49;1;19/09/2026;5;3;3;3;3;4,5;4,2;Alta;Punto fuerte: encaje con el rol. Cubre Python, Power BI, Euskera. Punto débil: habilidades pedidas: le falta SQL, Excel avanzado.;Acreditar SQL: la vacante lo pide y no figura en el CV.;f418584dce751abda6c0d2aa093088b4
2571;87;26;1;19/09/2026;5;3;5;5;4;5,0;4,9;Alta;Punto fuerte: encaje con el rol. Cubre SAP, Excel avanzado. Punto débil: habilidades pedidas: le falta Logística, Euskera.;Acreditar Logística: la vacante lo pide y no figura en el CV.;89728c973c760f1cb456fcbc23c4b8e8
2572;178;135;1;19/09/2026;4;2;5;1;5;4,2;4,1;Alta;Punto fuerte: experiencia. No acredita a buen nivel ninguna de las habilidades pedidas. Punto débil: retribución.;Acreditar Soldadura: la vacante lo pide y no figura en el CV.;8dfeba13f28d7b423b7f03c196224393
2573;24;8;1;19/09/2026;5;3;5;3;4;4,8;4,8;Alta;Punto fuerte: encaje con el rol. Cubre Creatividad. Punto débil: habilidades pedidas: le falta Empatía.;Acreditar Empatía: la vacante lo pide y no figura en el CV.;1aeb058baac2bcc159a5b57e54fefa31
2574;159;89;1;19/09/2026;2;1;4;1;2;2,3;2,1;Baja;Punto fuerte: experiencia. No acredita a buen nivel ninguna de las habilidades pedidas. Punto débil: habilidades pedidas: le falta Gestión de proyectos, SAP.;Acreditar Gestión de proyectos: la vacante lo pide y no figura en el CV.;b1bdb644996d3212d5a36bf6de031257
2575;6;204;1;19/09/2026;2;2;5;2;3;3,6;3,9;Media;Punto fuerte: experiencia. Cubre Organización. Punto débil: encaje con el rol.;Acreditar Excel avanzado: la vacante lo pide y no figura en el CV.;20957a05960764518bb49811dc16a350
2576;185;176;1;19/09/2026;2;3;3;3;2;3,6;3,4;Media;Punto fuerte: habilidades pedidas (Euskera, Inglés). Cubre Euskera, Inglés. Punto débil: encaje con el rol.;Acreditar Atención al cliente: la vacante lo pide y no figura en el CV.;fc06f86e721baba3dd9325dd3d7b7855
2577;191;87;1;19/09/2026;5;1;4;2;3;3,7;3,3;Media;Punto fuerte: encaje con el rol. No acredita a buen nivel ninguna de las habilidades pedidas. Punto débil: habilidades pedidas: le falta Figma, Creatividad.;Acreditar Figma: la vacante lo pide y no figura en el CV.;f532035cc6b29987cac3fa21883f1e99
2578;131;73;1;19/09/2026;2;2;1;5;3;3,0;3,0;Media;Punto fuerte: retribución. Cubre Euskera. Punto débil: experiencia.;Acreditar Odoo: la vacante lo pide y no figura en el CV.;45588a90c274767764b39d2e889d2b68
2579;171;9;1;19/09/2026;1;1;3;3;2;2,4;2,2;Baja;Punto fuerte: experiencia. No acredita a buen nivel ninguna de las habilidades pedidas. Punto débil: encaje con el rol.;Acreditar Atención al cliente: la vacante lo pide y no figura en el CV.;9944a1fc8676ca274be2969bba08f94b
2580;181;91;1;19/09/2026;5;3;5;3;4;4,5;4,6;Alta;Punto fuerte: encaje con el rol. Cubre Atención al cliente, Orientación a resultados, Negociación. Punto débil: habilidades pedidas: le falta Salesforce.;Acreditar Salesforce: la vacante lo pide y no figura en el CV.;225c263afcaf1a47fd96d6c55f4da457
2581;7;43;1;19/09/2026;2;1;3;5;2;2,3;2,3;Baja;Punto fuerte: retribución. No acredita a buen nivel ninguna de las habilidades pedidas. Punto débil: habilidades pedidas: le falta Redes, Docker.;Acreditar Redes: la vacante lo pide y no figura en el CV.;383eaa5c29506016b589f75b32306891
2582;151;19;1;19/09/2026;5;2;1;4;3;2,9;3,1;Baja;Punto fuerte: encaje con el rol. Cubre Git. Punto débil: experiencia.;Acreditar Docker: la vacante lo pide y no figura en el CV.;860fef57e449c16290ec480422622568
2583;107;155;1;19/09/2026;2;1;5;1;2;2,8;2,7;Baja;Punto fuerte: experiencia. No acredita a buen nivel ninguna de las habilidades pedidas. Punto débil: habilidades pedidas: le falta Soldadura, Prevención de riesgos.;Acreditar Soldadura: la vacante lo pide y no figura en el CV.;018a507c8bc3280d933488b584add926
2584;188;170;1;19/09/2026;2;2;2;5;2;3,2;3,3;Media;Punto fuerte: retribución. Cubre Creatividad. Punto débil: encaje con el rol.;Acreditar Figma: la vacante lo pide y no figura en el CV.;5109213b8d6556e08e4482d4439bedd3
2585;187;43;1;19/09/2026;4;1;2;3;2;2,7;2,6;Baja;Punto fuerte: encaje con el rol. No acredita a buen nivel ninguna de las habilidades pedidas. Punto débil: habilidades pedidas: le falta Redes, Docker.;Acreditar Redes: la vacante lo pide y no figura en el CV.;9ab3df22a8e663cc4b1cbe2dceb6ddef
2586;189;98;1;19/09/2026;2;2;5;1;3;3,2;2,8;Media;Punto fuerte: experiencia. Cubre Empatía. Punto débil: retribución.;Acreditar Trabajo bajo presión: la vacante lo pide y no figura en el CV.;03e11387ad59534c9318c38a033203c9
2587;182;82;1;19/09/2026;2;3;5;3;4;3,8;4,1;Media;Punto fuerte: experiencia. Cubre Atención al detalle. Punto débil: encaje con el rol.;Acreditar Diseño gráfico: la vacante lo pide y no figura en el CV.;5ec1d20b33af576293bdd88cff5b704e
2588;39;164;1;19/09/2026;5;3;3;1;3;4,1;4,6;Alta;Punto fuerte: encaje con el rol. Cubre Prevención de riesgos, Autonomía. Punto débil: retribución.;Acreditar Resolución de problemas: la vacante lo pide y no figura en el CV.;d866939a94fc049e27104c52373baea1
2589;170;124;1;19/09/2026;5;2;2;4;3;4,1;3,9;Alta;Punto fuerte: encaje con el rol. No acredita a buen nivel ninguna de las habilidades pedidas. Punto débil: habilidades pedidas: le falta SAP, Excel avanzado.;Acreditar SAP: la vacante lo pide y no figura en el CV.;668e7254b884924a92f136283168eace
2590;142;164;1;19/09/2026;3;1;3;2;2;2,8;2,4;Baja;Punto fuerte: encaje con el rol. No acredita a buen nivel ninguna de las habilidades pedidas. Punto débil: habilidades pedidas: le falta Resolución de problemas, Prevención de riesgos.;Acreditar Resolución de problemas: la vacante lo pide y no figura en el CV.;e1fbe01088205acf3b93e7e64d89d141
2591;84;56;1;19/09/2026;5;3;4;3;5;4,6;4,4;Alta;Punto fuerte: encaje con el rol. Cubre Java, Git. Punto débil: habilidades pedidas.;Subir SQL de nivel 2 a 3.;0831ec1ffe1f6dbf748301b6844105b2
2592;194;89;1;19/09/2026;3;2;5;3;3;4,0;3,7;Alta;Punto fuerte: experiencia. Cubre SAP. Punto débil: habilidades pedidas: le falta Gestión de proyectos, AutoCAD.;Acreditar Gestión de proyectos: la vacante lo pide y no figura en el CV.;f870823cf1318b3f89ac9661fa080e2b
2593;112;73;1;19/09/2026;5;1;3;3;3;3,8;3,3;Media;Punto fuerte: encaje con el rol. Cubre Microsoft Office, Euskera. Punto débil: habilidades pedidas: le falta Atención al cliente, Odoo.;Acreditar Atención al cliente: la vacante lo pide y no figura en el CV.;386e85cee8443f469279f9dcd8990713
2594;184;194;1;19/09/2026;3;1;4;5;1;2,6;2,9;Baja;Punto fuerte: retribución. No acredita a buen nivel ninguna de las habilidades pedidas. Punto débil: habilidades pedidas: le falta Mecanizado CNC, Prevención de riesgos.;Acreditar Mecanizado CNC: la vacante lo pide y no figura en el CV.;93509b2332e6bca0da30657de730cbf8
2595;167;170;1;19/09/2026;2;2;1;3;2;2,8;3,1;Baja;Punto fuerte: retribución. Cubre Empatía. Punto débil: experiencia.;Acreditar Figma: la vacante lo pide y no figura en el CV.;919baa73559e41873c94236e23ca3178
2596;122;163;1;19/09/2026;2;2;3;3;2;3,2;3,5;Media;Punto fuerte: experiencia. No acredita a buen nivel ninguna de las habilidades pedidas. Punto débil: encaje con el rol.;Acreditar Google Analytics: la vacante lo pide y no figura en el CV.;0f47f08a3ff2736019f0343b79efd27a
2597;193;91;1;19/09/2026;5;1;4;3;3;3,5;3,5;Media;Punto fuerte: encaje con el rol. No acredita a buen nivel ninguna de las habilidades pedidas. Punto débil: habilidades pedidas: le falta Atención al cliente, Orientación a resultados.;Acreditar Atención al cliente: la vacante lo pide y no figura en el CV.;b414c0d0e0bd046b669b1f02cfca3ad1
2598;114;159;1;19/09/2026;5;3;4;2;3;4,1;4,0;Alta;Punto fuerte: encaje con el rol. Cubre Power BI. Punto débil: retribución.;Acreditar Excel avanzado: la vacante lo pide y no figura en el CV.;ecbcbaa2cd87e3d89bdbf4bee1928766
2599;53;125;1;19/09/2026;2;1;3;5;2;2,9;3,0;Baja;Punto fuerte: retribución. No acredita a buen nivel ninguna de las habilidades pedidas. Punto débil: habilidades pedidas: le falta Gestión de proyectos, Comunicación.;Acreditar Gestión de proyectos: la vacante lo pide y no figura en el CV.;d7dc5213f05e3731c1548793a9af61e6
2600;125;82;1;19/09/2026;2;1;2;2;2;2,6;3,0;Baja;Sin puntos fuertes claros para este puesto. No acredita a buen nivel ninguna de las habilidades pedidas. Punto débil: habilidades pedidas: le falta Diseño gráfico, AutoCAD.;Acreditar Diseño gráfico: la vacante lo pide y no figura en el CV.;53a01c275e45eeaf2f82fc44b80aed50
2601;188;91;1;19/09/2026;2;1;4;2;2;2,9;3,3;Baja;Punto fuerte: experiencia. No acredita a buen nivel ninguna de las habilidades pedidas. Punto débil: habilidades pedidas: le falta Atención al cliente, Orientación a resultados.;Acreditar Atención al cliente: la vacante lo pide y no figura en el CV.;5109213b8d6556e08e4482d4439bedd3
2602;159;32;1;19/09/2026;4;3;3;3;4;4,1;3,8;Alta;Punto fuerte: encaje con el rol. Cubre Trabajo bajo presión, Inglés. Punto débil: habilidades pedidas: le falta Euskera.;Acreditar Euskera: la vacante lo pide y no figura en el CV.;b1bdb644996d3212d5a36bf6de031257
2603;41;179;1;19/09/2026;2;2;3;3;2;2,9;2,8;Baja;Punto fuerte: experiencia. Cubre Negociación. Punto débil: encaje con el rol.;Acreditar Orientación a resultados: la vacante lo pide y no figura en el CV.;cf600c52e19afdd30ba63b45cec43695
2604;135;82;1;19/09/2026;5;2;1;1;2;3,6;3,6;Media;Punto fuerte: encaje con el rol. Cubre Atención al detalle. Punto débil: experiencia.;Acreditar AutoCAD: la vacante lo pide y no figura en el CV.;b9bc17dfc73171df3d3d1b8ba6e3f3d7
2605;193;238;1;19/09/2026;2;1;2;1;1;2,0;1,7;Baja;Sin puntos fuertes claros para este puesto. No acredita a buen nivel ninguna de las habilidades pedidas. Punto débil: habilidades pedidas: le falta Atención al cliente, Trabajo en equipo.;Acreditar Atención al cliente: la vacante lo pide y no figura en el CV.;b414c0d0e0bd046b669b1f02cfca3ad1
2606;172;56;1;19/09/2026;5;1;3;1;2;3,2;2,9;Media;Punto fuerte: encaje con el rol. No acredita a buen nivel ninguna de las habilidades pedidas. Punto débil: habilidades pedidas: le falta Java, SQL.;Acreditar Java: la vacante lo pide y no figura en el CV.;10804d48ed0564e525d98af0405d3845
2607;118;164;1;19/09/2026;3;1;3;3;2;2,7;2,7;Baja;Punto fuerte: encaje con el rol. No acredita a buen nivel ninguna de las habilidades pedidas. Punto débil: habilidades pedidas: le falta Resolución de problemas, Prevención de riesgos.;Acreditar Resolución de problemas: la vacante lo pide y no figura en el CV.;7cd441c45246fdcf3b7ed7b74b726039
2608;161;39;1;19/09/2026;2;1;2;5;1;2,0;2,2;Baja;Punto fuerte: retribución. No acredita a buen nivel ninguna de las habilidades pedidas. Punto débil: habilidades pedidas: le falta Redes, Docker.;Acreditar Redes: la vacante lo pide y no figura en el CV.;0d8b6979fcb2a36e43ca75f4a7bb1976
2609;194;63;1;19/09/2026;2;2;5;4;3;2,9;3,1;Baja;Punto fuerte: experiencia. Cubre Euskera. Punto débil: encaje con el rol.;Acreditar Atención al cliente: la vacante lo pide y no figura en el CV.;f870823cf1318b3f89ac9661fa080e2b
2610;99;108;1;19/09/2026;5;1;5;1;3;3,6;3,6;Media;Punto fuerte: encaje con el rol. No acredita a buen nivel ninguna de las habilidades pedidas. Punto débil: habilidades pedidas: le falta Autonomía, Prevención de riesgos.;Acreditar Autonomía: la vacante lo pide y no figura en el CV.;46dcc44cf0c4cc192a18786d8bbcbefc
2611;184;82;1;19/09/2026;3;1;5;4;2;3,0;3,1;Media;Punto fuerte: experiencia. No acredita a buen nivel ninguna de las habilidades pedidas. Punto débil: habilidades pedidas: le falta Diseño gráfico, AutoCAD.;Acreditar Diseño gráfico: la vacante lo pide y no figura en el CV.;93509b2332e6bca0da30657de730cbf8
2612;64;171;1;19/09/2026;5;1;1;5;1;3,5;3,3;Media;Punto fuerte: encaje con el rol. Cubre Creatividad. Punto débil: habilidades pedidas: le falta Figma, Empatía.;Acreditar Figma: la vacante lo pide y no figura en el CV.;8fcae24fb6920086713d68c73ed9e705
2613;186;167;1;19/09/2026;5;1;5;3;3;3,8;3,6;Media;Punto fuerte: encaje con el rol. No acredita a buen nivel ninguna de las habilidades pedidas. Punto débil: habilidades pedidas: le falta Organización, Trabajo bajo presión.;Acreditar Organización: la vacante lo pide y no figura en el CV.;35dd06e396c18de1a9dc3cfc544ae5ef
2614;86;120;1;19/09/2026;1;2;2;5;2;2,3;2,5;Baja;Punto fuerte: retribución. Cubre Atención al detalle. Punto débil: encaje con el rol.;Acreditar Pensamiento crítico: la vacante lo pide y no figura en el CV.;82e41edab78b099f53a87437726ed822
2615;189;54;3;19/09/2026;5;3;4;2;4;4,9;4,9;Alta;Revisión manual. Punto fuerte: encaje con el rol.;Acreditar WordPress: la vacante lo pide y no figura en el CV.;03e11387ad59534c9318c38a033203c9
2616;122;150;3;19/09/2026;2;1;2;3;1;2,7;2,7;Baja;Revisión manual. Punto fuerte: encaje con el rol.;Acreditar Empatía: la vacante lo pide y no figura en el CV.;0f47f08a3ff2736019f0343b79efd27a
2617;170;16;4;19/09/2026;2;3;1;3;2;2,6;2,6;Baja;Revisión manual. Punto fuerte: habilidades pedidas (SQL).;Acreditar Docker: la vacante lo pide y no figura en el CV.;668e7254b884924a92f136283168eace
2618;116;115;1;20/09/2026;3;1;3;3;2;3,0;3,3;Media;Punto fuerte: encaje con el rol. No acredita a buen nivel ninguna de las habilidades pedidas. Punto débil: habilidades pedidas: le falta Empatía, Comunicación.;Acreditar Empatía: la vacante lo pide y no figura en el CV.;1d8ddb07bbd95a6cd14f8e409279f715
2619;21;145;1;20/09/2026;4;2;1;3;2;2,9;2,9;Baja;Punto fuerte: encaje con el rol. Cubre Prevención de riesgos. Punto débil: experiencia.;Acreditar Soldadura: la vacante lo pide y no figura en el CV.;e474a22c958190bad25d49ed5c04aaf3
2620;57;89;1;20/09/2026;5;2;4;1;3;3,7;3,5;Media;Punto fuerte: encaje con el rol. Cubre Gestión de proyectos. Punto débil: retribución.;Acreditar SAP: la vacante lo pide y no figura en el CV.;32e0331dbc878ffbd95b2b90ac4d72f2
2621;183;60;1;20/09/2026;1;2;3;4;3;3,2;3,7;Media;Punto fuerte: retribución. Cubre Euskera. Punto débil: encaje con el rol.;Acreditar Prevención de riesgos: la vacante lo pide y no figura en el CV.;1529570f1af7d39ec2014f7a35dc5de1
2622;194;7;1;20/09/2026;5;3;3;3;3;4,3;4,4;Alta;Punto fuerte: encaje con el rol. Cubre Atención al detalle, Inglés. Punto débil: habilidades pedidas: le falta Análisis estadístico.;Acreditar Análisis estadístico: la vacante lo pide y no figura en el CV.;f870823cf1318b3f89ac9661fa080e2b
2623;76;43;1;20/09/2026;2;1;1;3;1;2,0;2,0;Baja;Punto fuerte: retribución. No acredita a buen nivel ninguna de las habilidades pedidas. Punto débil: habilidades pedidas: le falta Redes, Docker.;Acreditar Redes: la vacante lo pide y no figura en el CV.;4cfd825587a78dd0bc54d9398a050a4f
2624;179;117;1;20/09/2026;2;1;5;4;2;3,3;3,2;Media;Punto fuerte: experiencia. No acredita a buen nivel ninguna de las habilidades pedidas. Punto débil: habilidades pedidas: le falta Negociación, Salesforce.;Acreditar Negociación: la vacante lo pide y no figura en el CV.;56ac0de771a0f0e6e71b1c649fc69677
2625;182;91;1;20/09/2026;2;1;5;3;2;2,8;3,0;Baja;Punto fuerte: experiencia. No acredita a buen nivel ninguna de las habilidades pedidas. Punto débil: habilidades pedidas: le falta Atención al cliente, Orientación a resultados.;Acreditar Atención al cliente: la vacante lo pide y no figura en el CV.;5ec1d20b33af576293bdd88cff5b704e
2626;156;224;1;20/09/2026;2;1;3;3;2;2,8;3,0;Baja;Punto fuerte: experiencia. No acredita a buen nivel ninguna de las habilidades pedidas. Punto débil: habilidades pedidas: le falta Java, JavaScript.;Acreditar Java: la vacante lo pide y no figura en el CV.;a566a04df4a6ac6960076b84a0fa9402
2627;44;56;1;20/09/2026;2;2;3;1;2;2,9;2,8;Baja;Punto fuerte: experiencia. No acredita a buen nivel ninguna de las habilidades pedidas. Punto débil: retribución.;Acreditar Java: la vacante lo pide y no figura en el CV.;2fd67b166cd5705953353f5169d02f1f
2628;13;170;1;20/09/2026;5;2;1;3;3;3,4;3,1;Media;Punto fuerte: encaje con el rol. Cubre Creatividad. Punto débil: experiencia.;Acreditar Figma: la vacante lo pide y no figura en el CV.;378db114d70b4e32b39eb03832f54cb8
2629;64;179;1;20/09/2026;1;1;3;3;2;2,6;2,5;Baja;Punto fuerte: experiencia. No acredita a buen nivel ninguna de las habilidades pedidas. Punto débil: encaje con el rol.;Acreditar Negociación: la vacante lo pide y no figura en el CV.;8fcae24fb6920086713d68c73ed9e705
2630;182;2;1;20/09/2026;2;1;4;3;3;2,9;3,2;Baja;Punto fuerte: experiencia. No acredita a buen nivel ninguna de las habilidades pedidas. Punto débil: habilidades pedidas: le falta Soldadura, Autonomía.;Acreditar Soldadura: la vacante lo pide y no figura en el CV.;5ec1d20b33af576293bdd88cff5b704e
2631;160;163;1;20/09/2026;5;1;3;2;3;3,3;3,4;Media;Punto fuerte: encaje con el rol. Cubre WordPress. Punto débil: habilidades pedidas: le falta Google Analytics, HubSpot.;Acreditar Google Analytics: la vacante lo pide y no figura en el CV.;f9fae36eb913d8400aef78c996db9518
2632;180;129;1;20/09/2026;2;1;4;1;2;2,4;2,7;Baja;Punto fuerte: experiencia. No acredita a buen nivel ninguna de las habilidades pedidas. Punto débil: habilidades pedidas: le falta Salesforce, Negociación.;Acreditar Salesforce: la vacante lo pide y no figura en el CV.;c4df8a0ce8a53a0d50c86652899e74ad
2633;178;187;1;20/09/2026;4;1;3;4;2;2,7;2,4;Baja;Punto fuerte: encaje con el rol. Cubre Salesforce, Atención al cliente. Punto débil: habilidades pedidas: le falta Negociación, Euskera.;Acreditar Negociación: la vacante lo pide y no figura en el CV.;8dfeba13f28d7b423b7f03c196224393
2634;182;216;1;20/09/2026;2;1;5;3;2;2,4;2,7;Baja;Punto fuerte: experiencia. No acredita a buen nivel ninguna de las habilidades pedidas. Punto débil: habilidades pedidas: le falta Organización, Odoo.;Acreditar Organización: la vacante lo pide y no figura en el CV.;5ec1d20b33af576293bdd88cff5b704e
2635;191;108;1;20/09/2026;2;2;4;1;3;2,8;2,4;Baja;Punto fuerte: experiencia. No acredita a buen nivel ninguna de las habilidades pedidas. Punto débil: retribución.;Acreditar Autonomía: la vacante lo pide y no figura en el CV.;f532035cc6b29987cac3fa21883f1e99
2636;72;56;1;20/09/2026;3;1;5;1;3;2,9;2,8;Baja;Punto fuerte: experiencia. No acredita a buen nivel ninguna de las habilidades pedidas. Punto débil: habilidades pedidas: le falta Java, SQL.;Acreditar Java: la vacante lo pide y no figura en el CV.;00c6ea09b3c021f3b117297451d698eb
2637;184;245;1;20/09/2026;2;1;4;5;2;2,6;2,8;Baja;Punto fuerte: retribución. No acredita a buen nivel ninguna de las habilidades pedidas. Punto débil: habilidades pedidas: le falta Resolución de problemas, Gestión de proyectos.;Acreditar Resolución de problemas: la vacante lo pide y no figura en el CV.;93509b2332e6bca0da30657de730cbf8
2638;178;190;1;20/09/2026;4;2;4;3;3;3,9;3,9;Media;Punto fuerte: encaje con el rol. Cubre Atención al cliente. Punto débil: habilidades pedidas: le falta Odoo, Organización.;Acreditar Odoo: la vacante lo pide y no figura en el CV.;8dfeba13f28d7b423b7f03c196224393
2639;155;39;1;20/09/2026;4;1;1;5;2;2,7;2,4;Baja;Punto fuerte: retribución. Cubre Ciberseguridad. Punto débil: habilidades pedidas: le falta Redes, Docker.;Acreditar Redes: la vacante lo pide y no figura en el CV.;3daea981a217068fe0d70fc6d50ff35f
2640;170;126;1;20/09/2026;2;2;1;3;2;2,8;2,7;Baja;Punto fuerte: retribución. Cubre Euskera. Punto débil: experiencia.;Acreditar Orientación a resultados: la vacante lo pide y no figura en el CV.;668e7254b884924a92f136283168eace
2641;187;83;1;20/09/2026;5;5;3;3;5;5,0;4,8;Alta;Punto fuerte: encaje con el rol. Cubre Pensamiento crítico, Atención al detalle, SAP. Punto débil: experiencia.;Pocas mejoras posibles: preparar la entrevista.;9ab3df22a8e663cc4b1cbe2dceb6ddef
2642;191;91;1;20/09/2026;4;1;5;3;3;3,1;2,7;Media;Punto fuerte: experiencia. Cubre Atención al cliente, Negociación. Punto débil: habilidades pedidas: le falta Orientación a resultados, Salesforce.;Acreditar Orientación a resultados: la vacante lo pide y no figura en el CV.;f532035cc6b29987cac3fa21883f1e99
2643;156;146;1;20/09/2026;2;1;3;1;2;2,0;1,8;Baja;Punto fuerte: experiencia. No acredita a buen nivel ninguna de las habilidades pedidas. Punto débil: habilidades pedidas: le falta JavaScript, Git.;Acreditar JavaScript: la vacante lo pide y no figura en el CV.;a566a04df4a6ac6960076b84a0fa9402
2644;194;115;1;20/09/2026;2;2;4;3;3;3,4;3,4;Media;Punto fuerte: experiencia. Cubre Euskera. Punto débil: encaje con el rol.;Acreditar Empatía: la vacante lo pide y no figura en el CV.;f870823cf1318b3f89ac9661fa080e2b
2645;75;179;1;20/09/2026;3;1;4;3;3;2,5;2,6;Baja;Punto fuerte: experiencia. No acredita a buen nivel ninguna de las habilidades pedidas. Punto débil: habilidades pedidas: le falta Negociación, Orientación a resultados.;Acreditar Negociación: la vacante lo pide y no figura en el CV.;d30d03d751c3dd67c9e53c2c3fd99212
2646;92;82;1;20/09/2026;2;1;3;3;2;2,6;2,9;Baja;Punto fuerte: experiencia. No acredita a buen nivel ninguna de las habilidades pedidas. Punto débil: habilidades pedidas: le falta Diseño gráfico, AutoCAD.;Acreditar Diseño gráfico: la vacante lo pide y no figura en el CV.;507bc7580a51d87e07b5c014e3951fd6
2647;88;98;1;20/09/2026;1;1;3;3;2;2,3;2,5;Baja;Punto fuerte: experiencia. No acredita a buen nivel ninguna de las habilidades pedidas. Punto débil: encaje con el rol.;Acreditar Empatía: la vacante lo pide y no figura en el CV.;003d3d1722fa228dec7454b99b38765f
2648;163;199;1;20/09/2026;4;2;4;3;2;3,2;3,0;Media;Punto fuerte: encaje con el rol. Cubre Pensamiento crítico. Punto débil: habilidades pedidas: le falta Análisis estadístico, Inglés.;Acreditar Análisis estadístico: la vacante lo pide y no figura en el CV.;c4e4a07f0c05c8aa7e69aa67336b168e
2649;32;69;1;20/09/2026;2;2;4;3;3;3,2;3,4;Media;Punto fuerte: experiencia. No acredita a buen nivel ninguna de las habilidades pedidas. Punto débil: encaje con el rol.;Acreditar Odoo: la vacante lo pide y no figura en el CV.;75dca3528dcbd1edfbded4bb0601c459
2650;183;106;1;20/09/2026;4;1;4;2;3;2,9;2,3;Baja;Punto fuerte: encaje con el rol. No acredita a buen nivel ninguna de las habilidades pedidas. Punto débil: habilidades pedidas: le falta Soldadura, Prevención de riesgos.;Acreditar Soldadura: la vacante lo pide y no figura en el CV.;1529570f1af7d39ec2014f7a35dc5de1
2651;147;135;1;20/09/2026;2;1;3;2;2;2,7;2,7;Baja;Punto fuerte: experiencia. No acredita a buen nivel ninguna de las habilidades pedidas. Punto débil: habilidades pedidas: le falta Prevención de riesgos, Soldadura.;Acreditar Prevención de riesgos: la vacante lo pide y no figura en el CV.;fdf97188824a0f4524b81923476f2e93
2652;140;163;1;20/09/2026;3;1;5;1;2;2,6;2,5;Baja;Punto fuerte: experiencia. Cubre Euskera. Punto débil: habilidades pedidas: le falta Google Analytics, HubSpot.;Acreditar Google Analytics: la vacante lo pide y no figura en el CV.;15e568d91eb2fc6aae516c36f36f1a4d
2653;191;116;1;20/09/2026;2;2;4;1;3;3,1;3,1;Media;Punto fuerte: experiencia. Cubre Organización, Atención al cliente. Punto débil: retribución.;Acreditar Odoo: la vacante lo pide y no figura en el CV.;f532035cc6b29987cac3fa21883f1e99
2654;196;8;1;20/09/2026;5;4;2;2;4;4,6;4,5;Alta;Punto fuerte: encaje con el rol. Cubre Empatía, Euskera, Comunicación. Punto débil: experiencia.;La retribución queda por debajo de su mínimo: solo compensa si prioriza la experiencia.;2da03ddbeae874c5ecb67ba539526cc3
2655;21;179;1;20/09/2026;4;2;1;4;3;3,4;2,9;Media;Punto fuerte: encaje con el rol. No acredita a buen nivel ninguna de las habilidades pedidas. Punto débil: experiencia.;Acreditar Negociación: la vacante lo pide y no figura en el CV.;e474a22c958190bad25d49ed5c04aaf3
2656;122;171;1;20/09/2026;2;2;1;3;2;3,1;3,4;Media;Punto fuerte: retribución. No acredita a buen nivel ninguna de las habilidades pedidas. Punto débil: experiencia.;Acreditar Figma: la vacante lo pide y no figura en el CV.;0f47f08a3ff2736019f0343b79efd27a
2657;114;26;1;20/09/2026;4;1;3;1;3;2,8;3,0;Baja;Punto fuerte: encaje con el rol. No acredita a buen nivel ninguna de las habilidades pedidas. Punto débil: habilidades pedidas: le falta Logística, SAP.;Acreditar Logística: la vacante lo pide y no figura en el CV.;ecbcbaa2cd87e3d89bdbf4bee1928766
2658;181;151;1;20/09/2026;5;2;3;4;3;4,1;4,1;Alta;Punto fuerte: encaje con el rol. Cubre Photoshop. Punto débil: habilidades pedidas: le falta Creatividad, Empatía.;Acreditar Creatividad: la vacante lo pide y no figura en el CV.;225c263afcaf1a47fd96d6c55f4da457
2659;190;164;1;20/09/2026;2;2;5;1;4;3,5;3,3;Media;Punto fuerte: experiencia. No acredita a buen nivel ninguna de las habilidades pedidas. Punto débil: retribución.;Acreditar Resolución de problemas: la vacante lo pide y no figura en el CV.;b4c2c4fad2fd18c9700ca21dfa73cd65
2660;171;204;1;20/09/2026;2;1;2;3;2;2,7;3,0;Baja;Punto fuerte: retribución. No acredita a buen nivel ninguna de las habilidades pedidas. Punto débil: habilidades pedidas: le falta Excel avanzado, Organización.;Acreditar Excel avanzado: la vacante lo pide y no figura en el CV.;9944a1fc8676ca274be2969bba08f94b
2661;90;179;1;20/09/2026;5;3;5;4;4;4,6;4,7;Alta;Punto fuerte: encaje con el rol. Cubre Negociación, Atención al cliente. Punto débil: habilidades pedidas: le falta Orientación a resultados, Salesforce.;Acreditar Orientación a resultados: la vacante lo pide y no figura en el CV.;76f8de286439e9508b10f9e90bf2fedc
2662;196;89;1;20/09/2026;3;1;3;1;2;2,6;2,9;Baja;Punto fuerte: encaje con el rol. No acredita a buen nivel ninguna de las habilidades pedidas. Punto débil: habilidades pedidas: le falta Gestión de proyectos, SAP.;Acreditar Gestión de proyectos: la vacante lo pide y no figura en el CV.;2da03ddbeae874c5ecb67ba539526cc3
2663;7;18;1;20/09/2026;2;3;5;4;3;3,9;3,5;Media;Punto fuerte: experiencia. Cubre Empatía. Punto débil: encaje con el rol.;Acreditar Trabajo bajo presión: la vacante lo pide y no figura en el CV.;383eaa5c29506016b589f75b32306891
2664;159;73;1;20/09/2026;2;1;3;4;2;2,6;2,3;Baja;Punto fuerte: retribución. No acredita a buen nivel ninguna de las habilidades pedidas. Punto débil: habilidades pedidas: le falta Odoo, Organización.;Acreditar Odoo: la vacante lo pide y no figura en el CV.;b1bdb644996d3212d5a36bf6de031257
2665;183;2;1;20/09/2026;4;1;2;5;2;3,2;3,6;Media;Punto fuerte: retribución. No acredita a buen nivel ninguna de las habilidades pedidas. Punto débil: habilidades pedidas: le falta Soldadura, Autonomía.;Acreditar Soldadura: la vacante lo pide y no figura en el CV.;1529570f1af7d39ec2014f7a35dc5de1
2666;99;98;1;20/09/2026;5;2;4;3;4;4,0;3,9;Alta;Punto fuerte: encaje con el rol. No acredita a buen nivel ninguna de las habilidades pedidas. Punto débil: habilidades pedidas: le falta Empatía.;Acreditar Empatía: la vacante lo pide y no figura en el CV.;46dcc44cf0c4cc192a18786d8bbcbefc
2667;183;125;1;20/09/2026;1;1;1;5;1;1,8;2,1;Baja;Punto fuerte: retribución. Cubre Inglés. Punto débil: encaje con el rol.;Acreditar Gestión de proyectos: la vacante lo pide y no figura en el CV.;1529570f1af7d39ec2014f7a35dc5de1
2668;192;132;1;20/09/2026;1;3;5;3;3;3,5;3,5;Media;Punto fuerte: experiencia. Cubre Atención al cliente, Organización. Punto débil: encaje con el rol.;Acreditar Microsoft Office: la vacante lo pide y no figura en el CV.;1a56096de0eea9213605f27f44d68f73
2669;194;153;1;20/09/2026;2;1;2;2;1;1,8;1,8;Baja;Sin puntos fuertes claros para este puesto. No acredita a buen nivel ninguna de las habilidades pedidas. Punto débil: habilidades pedidas: le falta WordPress, Creatividad.;Acreditar WordPress: la vacante lo pide y no figura en el CV.;f870823cf1318b3f89ac9661fa080e2b
2670;88;18;1;20/09/2026;3;1;3;3;2;3,0;3,1;Media;Punto fuerte: encaje con el rol. No acredita a buen nivel ninguna de las habilidades pedidas. Punto débil: habilidades pedidas: le falta Empatía, Trabajo bajo presión.;Acreditar Empatía: la vacante lo pide y no figura en el CV.;003d3d1722fa228dec7454b99b38765f
2671;51;231;1;20/09/2026;1;2;4;3;1;2,9;2,7;Baja;Punto fuerte: experiencia. No acredita a buen nivel ninguna de las habilidades pedidas. Punto débil: encaje con el rol.;Acreditar SAP: la vacante lo pide y no figura en el CV.;09d8964fac3b34e828c77f23f93ac102
2672;177;49;1;20/09/2026;5;1;2;5;2;3,4;3,6;Media;Punto fuerte: encaje con el rol. Cubre Power BI, Euskera. Punto débil: habilidades pedidas: le falta Python, SQL.;Acreditar Python: la vacante lo pide y no figura en el CV.;9d1640cabbe0740641702ecf5805ea48
2673;191;43;1;20/09/2026;2;1;3;3;2;2,4;3,0;Baja;Punto fuerte: experiencia. No acredita a buen nivel ninguna de las habilidades pedidas. Punto débil: habilidades pedidas: le falta Redes, Docker.;Acreditar Redes: la vacante lo pide y no figura en el CV.;f532035cc6b29987cac3fa21883f1e99
2674;161;44;1;20/09/2026;2;1;3;4;2;2,7;2,5;Baja;Punto fuerte: retribución. No acredita a buen nivel ninguna de las habilidades pedidas. Punto débil: habilidades pedidas: le falta Google Analytics, Creatividad.;Acreditar Google Analytics: la vacante lo pide y no figura en el CV.;0d8b6979fcb2a36e43ca75f4a7bb1976
2675;48;145;1;20/09/2026;3;1;2;5;2;2,9;2,8;Baja;Punto fuerte: retribución. No acredita a buen nivel ninguna de las habilidades pedidas. Punto débil: habilidades pedidas: le falta Prevención de riesgos, Soldadura.;Acreditar Prevención de riesgos: la vacante lo pide y no figura en el CV.;6be6b4c03c998ee742d555c2c8441002
2676;136;145;1;20/09/2026;2;2;1;5;2;3,2;3,2;Media;Punto fuerte: retribución. Cubre Prevención de riesgos. Punto débil: experiencia.;Acreditar Soldadura: la vacante lo pide y no figura en el CV.;93b8c696e0f7935fa8ed76fd3fea1bd4
2677;83;135;1;20/09/2026;1;1;5;3;2;2,7;3,1;Baja;Punto fuerte: experiencia. No acredita a buen nivel ninguna de las habilidades pedidas. Punto débil: encaje con el rol.;Acreditar Prevención de riesgos: la vacante lo pide y no figura en el CV.;0da3bf552eaaf1b9ddbdb332ac2cb1a9
2678;179;234;1;20/09/2026;4;2;3;5;2;3,5;3,4;Media;Punto fuerte: retribución. Cubre Autonomía. Punto débil: habilidades pedidas: le falta Mecanizado CNC, Prevención de riesgos.;Acreditar Mecanizado CNC: la vacante lo pide y no figura en el CV.;56ac0de771a0f0e6e71b1c649fc69677
2679;5;170;1;20/09/2026;1;1;5;3;3;2,9;3,2;Baja;Punto fuerte: experiencia. No acredita a buen nivel ninguna de las habilidades pedidas. Punto débil: encaje con el rol.;Acreditar Figma: la vacante lo pide y no figura en el CV.;f894e1db4345616d702c24ded0c3174b
2680;189;137;1;20/09/2026;2;2;4;1;3;3,1;3,4;Media;Punto fuerte: experiencia. Cubre Resolución de problemas. Punto débil: retribución.;Acreditar Mecanizado CNC: la vacante lo pide y no figura en el CV.;03e11387ad59534c9318c38a033203c9
2681;174;95;1;20/09/2026;2;2;3;3;3;2,8;2,6;Baja;Punto fuerte: experiencia. Cubre Orientación a resultados. Punto débil: encaje con el rol.;Acreditar Atención al cliente: la vacante lo pide y no figura en el CV.;64b84413e08ce6c68dd560ab2f1d283e
2682;53;105;1;20/09/2026;2;1;5;3;2;2,5;2,6;Baja;Punto fuerte: experiencia. No acredita a buen nivel ninguna de las habilidades pedidas. Punto débil: habilidades pedidas: le falta Microsoft Office, Inglés.;Acreditar Microsoft Office: la vacante lo pide y no figura en el CV.;d7dc5213f05e3731c1548793a9af61e6
2683;185;146;1;20/09/2026;5;2;5;2;3;3,9;3,6;Media;Punto fuerte: encaje con el rol. Cubre JavaScript. Punto débil: habilidades pedidas: le falta Git, SQL.;Acreditar Git: la vacante lo pide y no figura en el CV.;fc06f86e721baba3dd9325dd3d7b7855
2684;33;8;1;20/09/2026;2;1;5;4;2;3,1;3,3;Media;Punto fuerte: experiencia. No acredita a buen nivel ninguna de las habilidades pedidas. Punto débil: habilidades pedidas: le falta Empatía, Comunicación.;Acreditar Empatía: la vacante lo pide y no figura en el CV.;f56a53d6d06a56c7dbc5480afd08848d
2685;46;202;1;20/09/2026;5;3;3;3;4;4,6;4,4;Alta;Punto fuerte: encaje con el rol. Cubre SAP, Pensamiento crítico. Punto débil: habilidades pedidas.;Subir Excel avanzado de nivel 2 a 3.;bd22d806c7aa9abe89853a933bae69c6
2686;159;22;1;20/09/2026;5;2;3;3;2;3,5;3,5;Media;Punto fuerte: encaje con el rol. Cubre Autonomía. Punto débil: habilidades pedidas: le falta Soldadura, Prevención de riesgos.;Acreditar Soldadura: la vacante lo pide y no figura en el CV.;b1bdb644996d3212d5a36bf6de031257
2687;159;42;1;20/09/2026;5;2;3;3;4;3,8;3,7;Media;Punto fuerte: encaje con el rol. Cubre Trabajo bajo presión. Punto débil: habilidades pedidas: le falta Organización, Creatividad.;Acreditar Organización: la vacante lo pide y no figura en el CV.;b1bdb644996d3212d5a36bf6de031257
2688;2;22;1;20/09/2026;4;2;4;3;3;3,5;3,3;Media;Punto fuerte: encaje con el rol. No acredita a buen nivel ninguna de las habilidades pedidas. Punto débil: habilidades pedidas: le falta Autonomía, Prevención de riesgos.;Acreditar Autonomía: la vacante lo pide y no figura en el CV.;ff6a94069d1ee9118029d75b03c2d938
2689;185;90;1;20/09/2026;5;3;4;3;4;4,8;4,7;Alta;Punto fuerte: encaje con el rol. Cubre JavaScript, Java, Euskera. Punto débil: habilidades pedidas: le falta SQL, Git.;Acreditar SQL: la vacante lo pide y no figura en el CV.;fc06f86e721baba3dd9325dd3d7b7855
2690;47;120;1;20/09/2026;3;1;3;3;2;2,7;2,8;Baja;Punto fuerte: encaje con el rol. Cubre Euskera. Punto débil: habilidades pedidas: le falta Pensamiento crítico, Análisis estadístico.;Acreditar Pensamiento crítico: la vacante lo pide y no figura en el CV.;632cb7af436fcdef206636840f9bd3e9
2691;185;8;1;20/09/2026;2;2;4;3;2;2,7;2,7;Baja;Punto fuerte: experiencia. Cubre Euskera, Creatividad. Punto débil: encaje con el rol.;Acreditar Empatía: la vacante lo pide y no figura en el CV.;fc06f86e721baba3dd9325dd3d7b7855
2692;190;250;1;20/09/2026;2;2;3;1;2;2,6;2,2;Baja;Punto fuerte: experiencia. Cubre Euskera. Punto débil: retribución.;Acreditar Inglés: la vacante lo pide y no figura en el CV.;b4c2c4fad2fd18c9700ca21dfa73cd65
2693;167;125;1;20/09/2026;5;3;1;3;4;4,4;4,0;Alta;Punto fuerte: encaje con el rol. Cubre Comunicación, Inglés. Punto débil: experiencia.;Acreditar Gestión de proyectos: la vacante lo pide y no figura en el CV.;919baa73559e41873c94236e23ca3178
2694;154;9;4;20/09/2026;5;2;3;4;3;3,3;3,3;Media;Revisión manual. Punto fuerte: encaje con el rol.;Acreditar Atención al cliente: la vacante lo pide y no figura en el CV.;40d5713c4e493091a4de62d1b6f17725
2695;134;2;3;20/09/2026;5;2;1;3;2;3,4;3,4;Media;Revisión manual. Punto fuerte: encaje con el rol.;Acreditar Autonomía: la vacante lo pide y no figura en el CV.;c29ac152f61bae4151b5cd27508b247c
2696;198;77;1;21/09/2026;4;1;5;3;3;3,2;3,0;Media;Punto fuerte: experiencia. No acredita a buen nivel ninguna de las habilidades pedidas. Punto débil: habilidades pedidas: le falta HubSpot, Google Analytics.;Acreditar HubSpot: la vacante lo pide y no figura en el CV.;e47c78d1ed201a03d8f1b1585d0213e8
2697;189;170;1;21/09/2026;5;2;5;2;3;3,8;3,9;Media;Punto fuerte: encaje con el rol. Cubre Empatía, Creatividad. Punto débil: habilidades pedidas: le falta Figma, Photoshop.;Acreditar Figma: la vacante lo pide y no figura en el CV.;03e11387ad59534c9318c38a033203c9
2698;175;127;1;21/09/2026;2;1;2;5;2;2,8;2,6;Baja;Punto fuerte: retribución. No acredita a buen nivel ninguna de las habilidades pedidas. Punto débil: habilidades pedidas: le falta QuickBooks, Organización.;Acreditar QuickBooks: la vacante lo pide y no figura en el CV.;743e2a567ed80dee9d1d0fa7f9675c02
2699;184;211;1;21/09/2026;2;1;3;5;2;2,2;2,3;Baja;Punto fuerte: retribución. No acredita a buen nivel ninguna de las habilidades pedidas. Punto débil: habilidades pedidas: le falta Diseño gráfico, Atención al detalle.;Acreditar Diseño gráfico: la vacante lo pide y no figura en el CV.;93509b2332e6bca0da30657de730cbf8
2700;161;23;1;21/09/2026;1;1;5;1;1;2,4;2,3;Baja;Punto fuerte: experiencia. No acredita a buen nivel ninguna de las habilidades pedidas. Punto débil: encaje con el rol.;Acreditar Inglés: la vacante lo pide y no figura en el CV.;0d8b6979fcb2a36e43ca75f4a7bb1976
2701;178;63;1;21/09/2026;3;2;5;2;4;3,3;3,1;Media;Punto fuerte: experiencia. Cubre Atención al cliente. Punto débil: habilidades pedidas: le falta Odoo, Organización.;Acreditar Odoo: la vacante lo pide y no figura en el CV.;8dfeba13f28d7b423b7f03c196224393
2702;195;221;1;21/09/2026;2;4;5;1;4;4,2;4,2;Alta;Punto fuerte: experiencia. Cubre Gestión de proyectos, Negociación, Euskera. Punto débil: retribución.;Acreditar AutoCAD: la vacante lo pide y no figura en el CV.;1968db4e149cf0647c1a71573456b344
2703;99;17;1;21/09/2026;3;3;1;5;2;3,3;2,8;Media;Punto fuerte: retribución. Cubre Inglés. Punto débil: experiencia.;Acreditar Pensamiento crítico: la vacante lo pide y no figura en el CV.;46dcc44cf0c4cc192a18786d8bbcbefc
2704;33;120;1;21/09/2026;5;4;4;4;4;5,0;4,7;Alta;Punto fuerte: encaje con el rol. Cubre Atención al detalle. Sin puntos débiles relevantes.;Subir Pensamiento crítico de nivel 2 a 3.;f56a53d6d06a56c7dbc5480afd08848d
2705;182;19;1;21/09/2026;3;2;5;3;3;3,6;3,5;Media;Punto fuerte: experiencia. Cubre SQL. Punto débil: habilidades pedidas: le falta Git, Docker.;Acreditar Git: la vacante lo pide y no figura en el CV.;5ec1d20b33af576293bdd88cff5b704e
2706;187;137;1;21/09/2026;2;1;2;3;2;2,4;2,2;Baja;Punto fuerte: retribución. No acredita a buen nivel ninguna de las habilidades pedidas. Punto débil: habilidades pedidas: le falta Mecanizado CNC, Autonomía.;Acreditar Mecanizado CNC: la vacante lo pide y no figura en el CV.;9ab3df22a8e663cc4b1cbe2dceb6ddef
2707;117;105;1;21/09/2026;4;2;4;3;3;3,1;2,9;Media;Punto fuerte: encaje con el rol. Cubre Inglés. Punto débil: habilidades pedidas: le falta Microsoft Office, Francés.;Acreditar Microsoft Office: la vacante lo pide y no figura en el CV.;35b6487636b234fe1f4efe057b30b1e2
2708;98;108;1;21/09/2026;3;1;4;1;3;3,2;3,0;Media;Punto fuerte: experiencia. No acredita a buen nivel ninguna de las habilidades pedidas. Punto débil: habilidades pedidas: le falta Autonomía, Prevención de riesgos.;Acreditar Autonomía: la vacante lo pide y no figura en el CV.;c5c761f89bb823c2eba5d9fb3bd0a14d
2709;24;115;1;21/09/2026;5;2;5;3;3;4,1;4,1;Alta;Punto fuerte: encaje con el rol. No acredita a buen nivel ninguna de las habilidades pedidas. Punto débil: habilidades pedidas: le falta Empatía.;Acreditar Empatía: la vacante lo pide y no figura en el CV.;1aeb058baac2bcc159a5b57e54fefa31
2710;186;83;1;21/09/2026;5;1;5;3;3;3,8;3,8;Media;Punto fuerte: encaje con el rol. Cubre Atención al detalle. Punto débil: habilidades pedidas: le falta Pensamiento crítico, SAP.;Acreditar Pensamiento crítico: la vacante lo pide y no figura en el CV.;35dd06e396c18de1a9dc3cfc544ae5ef
2711;196;44;1;21/09/2026;2;3;1;3;2;3,2;3,0;Media;Punto fuerte: habilidades pedidas (Creatividad, Euskera). Cubre Creatividad, Euskera. Punto débil: experiencia.;Acreditar Google Analytics: la vacante lo pide y no figura en el CV.;2da03ddbeae874c5ecb67ba539526cc3
2712;72;89;1;21/09/2026;4;3;5;1;4;3,9;3,5;Media;Punto fuerte: experiencia. Cubre Gestión de proyectos, AutoCAD. Punto débil: retribución.;Acreditar SAP: la vacante lo pide y no figura en el CV.;00c6ea09b3c021f3b117297451d698eb
2713;53;179;1;21/09/2026;5;2;4;3;3;4,1;3,8;Alta;Punto fuerte: encaje con el rol. Cubre Negociación. Punto débil: habilidades pedidas: le falta Orientación a resultados, Salesforce.;Acreditar Orientación a resultados: la vacante lo pide y no figura en el CV.;d7dc5213f05e3731c1548793a9af61e6
2714;94;145;1;21/09/2026;2;1;4;3;2;3,2;3,2;Media;Punto fuerte: experiencia. No acredita a buen nivel ninguna de las habilidades pedidas. Punto débil: habilidades pedidas: le falta Prevención de riesgos, Soldadura.;Acreditar Prevención de riesgos: la vacante lo pide y no figura en el CV.;425d41c7203a2767e3c70d2be9eb4c5e
2715;198;95;1;21/09/2026;4;2;5;3;3;4,0;3,7;Alta;Punto fuerte: experiencia. Cubre Orientación a resultados. Punto débil: habilidades pedidas: le falta Atención al cliente, Negociación.;Acreditar Atención al cliente: la vacante lo pide y no figura en el CV.;e47c78d1ed201a03d8f1b1585d0213e8
2716;198;234;1;21/09/2026;3;2;5;4;3;3,6;3,3;Media;Punto fuerte: experiencia. No acredita a buen nivel ninguna de las habilidades pedidas. Punto débil: habilidades pedidas: le falta Mecanizado CNC, Autonomía.;Acreditar Mecanizado CNC: la vacante lo pide y no figura en el CV.;e47c78d1ed201a03d8f1b1585d0213e8
2717;60;207;1;21/09/2026;5;3;2;5;4;4,5;4,2;Alta;Punto fuerte: encaje con el rol. Cubre Negociación, Comunicación. Punto débil: experiencia.;Acreditar Microsoft Office: la vacante lo pide y no figura en el CV.;7fb8cfa04fabdd00e9a549148bd60e44
2718;134;22;1;21/09/2026;4;2;3;3;2;3,2;2,8;Media;Punto fuerte: encaje con el rol. Cubre Soldadura. Punto débil: habilidades pedidas: le falta Autonomía, Prevención de riesgos.;Acreditar Autonomía: la vacante lo pide y no figura en el CV.;c29ac152f61bae4151b5cd27508b247c
2719;182;9;1;21/09/2026;2;1;4;3;2;2,8;2,9;Baja;Punto fuerte: experiencia. No acredita a buen nivel ninguna de las habilidades pedidas. Punto débil: habilidades pedidas: le falta Atención al cliente, Odoo.;Acreditar Atención al cliente: la vacante lo pide y no figura en el CV.;5ec1d20b33af576293bdd88cff5b704e
2720;173;27;1;21/09/2026;1;1;2;4;1;1,7;2,0;Baja;Punto fuerte: retribución. No acredita a buen nivel ninguna de las habilidades pedidas. Punto débil: encaje con el rol.;Acreditar Gestión de proyectos: la vacante lo pide y no figura en el CV.;cef10ca99a3e1958919242477f4ccca8
2721;159;103;1;21/09/2026;5;1;3;3;2;3,5;3,4;Media;Punto fuerte: encaje con el rol. Cubre Logística. Punto débil: habilidades pedidas: le falta Trabajo en equipo, SAP.;Acreditar Trabajo en equipo: la vacante lo pide y no figura en el CV.;b1bdb644996d3212d5a36bf6de031257
2722;157;162;1;21/09/2026;2;3;4;3;3;3,9;3,9;Media;Punto fuerte: experiencia. Cubre Euskera, Inglés. Punto débil: encaje con el rol.;Acreditar Atención al cliente: la vacante lo pide y no figura en el CV.;fa8572211f1f46e71c75a0cb5c0d2862
2723;194;11;1;21/09/2026;3;1;3;3;2;2,4;1,9;Baja;Punto fuerte: encaje con el rol. Cubre Excel avanzado. Punto débil: habilidades pedidas: le falta Contabilidad, Organización.;Acreditar Contabilidad: la vacante lo pide y no figura en el CV.;f870823cf1318b3f89ac9661fa080e2b
2724;2;26;1;21/09/2026;2;1;4;3;2;2,5;2,7;Baja;Punto fuerte: experiencia. No acredita a buen nivel ninguna de las habilidades pedidas. Punto débil: habilidades pedidas: le falta Logística, SAP.;Acreditar Logística: la vacante lo pide y no figura en el CV.;ff6a94069d1ee9118029d75b03c2d938
2725;19;145;1;21/09/2026;5;3;2;2;4;4,4;4,0;Alta;Punto fuerte: encaje con el rol. Cubre Autonomía. Punto débil: experiencia.;Acreditar Soldadura: la vacante lo pide y no figura en el CV.;07de0c3b759cac6c75f836ee50a4ea34
2726;163;14;1;21/09/2026;5;2;5;3;3;3,6;3,5;Media;Punto fuerte: encaje con el rol. Cubre Pensamiento crítico. Punto débil: habilidades pedidas: le falta Inglés, Atención al detalle.;Acreditar Inglés: la vacante lo pide y no figura en el CV.;c4e4a07f0c05c8aa7e69aa67336b168e
2727;171;158;1;21/09/2026;2;1;2;3;1;2,6;2,4;Baja;Punto fuerte: retribución. No acredita a buen nivel ninguna de las habilidades pedidas. Punto débil: habilidades pedidas: le falta Microsoft Office, Atención al cliente.;Acreditar Microsoft Office: la vacante lo pide y no figura en el CV.;9944a1fc8676ca274be2969bba08f94b
2728;197;19;1;21/09/2026;2;1;2;4;1;2,3;2,4;Baja;Punto fuerte: retribución. No acredita a buen nivel ninguna de las habilidades pedidas. Punto débil: habilidades pedidas: le falta Git, Docker.;Acreditar Git: la vacante lo pide y no figura en el CV.;194204f287aa8bd51667b5c2ecbcb0f4
2729;132;170;1;21/09/2026;1;2;2;3;2;2,7;3,0;Baja;Punto fuerte: retribución. Cubre Empatía, Creatividad. Punto débil: encaje con el rol.;Acreditar Figma: la vacante lo pide y no figura en el CV.;2ecb9edf8ba799d8e907738b02e00593
2730;193;216;1;21/09/2026;4;1;4;1;2;2,9;3,0;Baja;Punto fuerte: encaje con el rol. Cubre Organización. Punto débil: habilidades pedidas: le falta Odoo, Microsoft Office.;Acreditar Odoo: la vacante lo pide y no figura en el CV.;b414c0d0e0bd046b669b1f02cfca3ad1
2731;188;120;1;21/09/2026;4;1;3;2;2;2,9;2,9;Baja;Punto fuerte: encaje con el rol. No acredita a buen nivel ninguna de las habilidades pedidas. Punto débil: habilidades pedidas: le falta Pensamiento crítico, Análisis estadístico.;Acreditar Pensamiento crítico: la vacante lo pide y no figura en el CV.;5109213b8d6556e08e4482d4439bedd3
2732;196;154;1;21/09/2026;2;1;1;1;1;1,8;1,7;Baja;Sin puntos fuertes claros para este puesto. No acredita a buen nivel ninguna de las habilidades pedidas. Punto débil: habilidades pedidas: le falta Microsoft Office, Odoo.;Acreditar Microsoft Office: la vacante lo pide y no figura en el CV.;2da03ddbeae874c5ecb67ba539526cc3
2733;37;89;1;21/09/2026;2;2;4;1;2;2,6;2,3;Baja;Punto fuerte: experiencia. Cubre Gestión de proyectos. Punto débil: retribución.;Acreditar SAP: la vacante lo pide y no figura en el CV.;31b3d37b09ab14302024065358c62f20
2734;176;4;1;21/09/2026;2;2;1;5;2;3,5;3,6;Media;Punto fuerte: retribución. Cubre Euskera. Punto débil: experiencia.;Acreditar Contabilidad: la vacante lo pide y no figura en el CV.;1ced482c4510b4b52ad5c2f4003630db
2735;166;163;1;21/09/2026;5;3;5;2;3;4,6;4,4;Alta;Punto fuerte: encaje con el rol. Cubre WordPress, Creatividad. Punto débil: retribución.;Acreditar Google Analytics: la vacante lo pide y no figura en el CV.;1fe052efc10e7c3413db16ca4b5c83b4
2736;158;176;1;21/09/2026;2;1;5;4;2;3,1;3,5;Media;Punto fuerte: experiencia. No acredita a buen nivel ninguna de las habilidades pedidas. Punto débil: habilidades pedidas: le falta Euskera, Atención al cliente.;Acreditar Euskera: la vacante lo pide y no figura en el CV.;5d29dbd8e3bb9f77158ff25fac3b8b98
2737;86;207;1;21/09/2026;5;1;3;5;2;3,4;3,4;Media;Punto fuerte: encaje con el rol. Cubre Microsoft Office. Punto débil: habilidades pedidas: le falta Negociación, Comunicación.;Acreditar Negociación: la vacante lo pide y no figura en el CV.;82e41edab78b099f53a87437726ed822
2738;194;97;1;21/09/2026;5;4;3;3;5;5,0;5,0;Alta;Punto fuerte: encaje con el rol. Cubre SAP, Atención al detalle, Pensamiento crítico. Punto débil: experiencia.;Pocas mejoras posibles: preparar la entrevista.;f870823cf1318b3f89ac9661fa080e2b
2739;99;2;1;21/09/2026;5;1;1;4;2;3,7;3,3;Media;Punto fuerte: encaje con el rol. No acredita a buen nivel ninguna de las habilidades pedidas. Punto débil: habilidades pedidas: le falta Soldadura, Autonomía.;Acreditar Soldadura: la vacante lo pide y no figura en el CV.;46dcc44cf0c4cc192a18786d8bbcbefc
2740;122;56;1;21/09/2026;5;3;3;3;4;4,5;4,4;Alta;Punto fuerte: encaje con el rol. Cubre Java, Git. Punto débil: habilidades pedidas: le falta SQL.;Acreditar SQL: la vacante lo pide y no figura en el CV.;0f47f08a3ff2736019f0343b79efd27a
2741;194;103;1;21/09/2026;2;2;4;3;2;2,9;3,1;Baja;Punto fuerte: experiencia. Cubre SAP. Punto débil: encaje con el rol.;Acreditar Trabajo en equipo: la vacante lo pide y no figura en el CV.;f870823cf1318b3f89ac9661fa080e2b
2742;198;21;1;21/09/2026;2;1;5;3;2;2,8;2,6;Baja;Punto fuerte: experiencia. No acredita a buen nivel ninguna de las habilidades pedidas. Punto débil: habilidades pedidas: le falta Odoo, Microsoft Office.;Acreditar Odoo: la vacante lo pide y no figura en el CV.;e47c78d1ed201a03d8f1b1585d0213e8
2743;170;22;1;21/09/2026;2;1;3;3;2;2,8;2,5;Baja;Punto fuerte: experiencia. No acredita a buen nivel ninguna de las habilidades pedidas. Punto débil: habilidades pedidas: le falta Soldadura, Autonomía.;Acreditar Soldadura: la vacante lo pide y no figura en el CV.;668e7254b884924a92f136283168eace
2744;66;135;1;21/09/2026;5;1;5;2;3;3,1;2,8;Media;Punto fuerte: encaje con el rol. No acredita a buen nivel ninguna de las habilidades pedidas. Punto débil: habilidades pedidas: le falta Prevención de riesgos, Soldadura.;Acreditar Prevención de riesgos: la vacante lo pide y no figura en el CV.;b2853efa8162d2f61ec7179884b4a842
2745;183;127;1;21/09/2026;1;1;1;5;1;2,1;2,2;Baja;Punto fuerte: retribución. No acredita a buen nivel ninguna de las habilidades pedidas. Punto débil: encaje con el rol.;Acreditar QuickBooks: la vacante lo pide y no figura en el CV.;1529570f1af7d39ec2014f7a35dc5de1
2746;168;179;1;21/09/2026;2;2;5;3;3;3,4;3,5;Media;Punto fuerte: experiencia. Cubre Negociación. Punto débil: encaje con el rol.;Acreditar Orientación a resultados: la vacante lo pide y no figura en el CV.;6e99ec51b0558b6cbd3dcbafdad94b6c
2747;105;8;1;21/09/2026;5;3;3;3;4;4,1;4,0;Alta;Punto fuerte: encaje con el rol. Cubre Empatía, Comunicación. Punto débil: habilidades pedidas: le falta Creatividad.;Acreditar Creatividad: la vacante lo pide y no figura en el CV.;b6452daf8fd3171fbc538805a9f31fb3
2748;193;154;1;21/09/2026;5;2;5;1;3;3,9;3,8;Media;Punto fuerte: encaje con el rol. Cubre Organización. Punto débil: retribución.;Acreditar Microsoft Office: la vacante lo pide y no figura en el CV.;b414c0d0e0bd046b669b1f02cfca3ad1
2749;166;6;1;21/09/2026;4;2;3;4;4;3,4;3,2;Media;Punto fuerte: encaje con el rol. Cubre Creatividad, Figma. Punto débil: habilidades pedidas: le falta Empatía, Photoshop.;Acreditar Empatía: la vacante lo pide y no figura en el CV.;1fe052efc10e7c3413db16ca4b5c83b4
2750;196;14;1;21/09/2026;2;1;1;3;1;2,3;2,8;Baja;Punto fuerte: retribución. No acredita a buen nivel ninguna de las habilidades pedidas. Punto débil: habilidades pedidas: le falta Inglés, Pensamiento crítico.;Acreditar Inglés: la vacante lo pide y no figura en el CV.;2da03ddbeae874c5ecb67ba539526cc3
2751;16;82;1;21/09/2026;3;2;3;1;3;3,4;3,5;Media;Punto fuerte: encaje con el rol. Cubre Atención al detalle. Punto débil: retribución.;Acreditar Diseño gráfico: la vacante lo pide y no figura en el CV.;9530d96f3cc7bbb0bbb2b41a3b822435
2752;171;44;1;21/09/2026;5;2;1;3;2;3,6;3,4;Media;Punto fuerte: encaje con el rol. No acredita a buen nivel ninguna de las habilidades pedidas. Punto débil: experiencia.;Acreditar Google Analytics: la vacante lo pide y no figura en el CV.;9944a1fc8676ca274be2969bba08f94b
2753;163;238;1;21/09/2026;3;2;5;3;3;3,7;3,9;Media;Punto fuerte: experiencia. Cubre Trabajo en equipo. Punto débil: habilidades pedidas: le falta Atención al cliente, Vocación de servicio.;Acreditar Atención al cliente: la vacante lo pide y no figura en el CV.;c4e4a07f0c05c8aa7e69aa67336b168e
2754;195;135;1;21/09/2026;2;1;5;1;2;2,0;2,2;Baja;Punto fuerte: experiencia. No acredita a buen nivel ninguna de las habilidades pedidas. Punto débil: habilidades pedidas: le falta Prevención de riesgos, Soldadura.;Acreditar Prevención de riesgos: la vacante lo pide y no figura en el CV.;1968db4e149cf0647c1a71573456b344
2755;196;211;1;21/09/2026;2;1;1;3;2;2,4;2,9;Baja;Punto fuerte: retribución. No acredita a buen nivel ninguna de las habilidades pedidas. Punto débil: habilidades pedidas: le falta Diseño gráfico, Atención al detalle.;Acreditar Diseño gráfico: la vacante lo pide y no figura en el CV.;2da03ddbeae874c5ecb67ba539526cc3
2756;164;167;1;21/09/2026;5;1;5;3;3;4,2;4,0;Alta;Punto fuerte: encaje con el rol. Cubre Trabajo bajo presión. Punto débil: habilidades pedidas: le falta Organización, Creatividad.;Acreditar Organización: la vacante lo pide y no figura en el CV.;38e8e7a51bf6f3308187ee8de56882e0
2757;131;231;1;21/09/2026;2;1;2;3;2;2,8;2,7;Baja;Punto fuerte: retribución. No acredita a buen nivel ninguna de las habilidades pedidas. Punto débil: habilidades pedidas: le falta SAP, Gestión de proyectos.;Acreditar SAP: la vacante lo pide y no figura en el CV.;45588a90c274767764b39d2e889d2b68
2758;17;49;1;21/09/2026;4;2;4;5;3;3,8;3,9;Media;Punto fuerte: retribución. Cubre Python, Euskera. Punto débil: habilidades pedidas: le falta SQL, Excel avanzado.;Acreditar SQL: la vacante lo pide y no figura en el CV.;f3e4a5aecc6a5f944e9ac15302f98862
2759;192;167;1;21/09/2026;1;2;5;3;2;2,7;2,7;Baja;Punto fuerte: experiencia. Cubre Organización. Punto débil: encaje con el rol.;Acreditar Creatividad: la vacante lo pide y no figura en el CV.;1a56096de0eea9213605f27f44d68f73
2760;168;65;1;21/09/2026;3;2;5;3;3;3,4;3,3;Media;Punto fuerte: experiencia. Cubre Prevención de riesgos. Punto débil: habilidades pedidas: le falta Autonomía, Resolución de problemas.;Acreditar Autonomía: la vacante lo pide y no figura en el CV.;6e99ec51b0558b6cbd3dcbafdad94b6c
2761;191;150;1;21/09/2026;5;1;3;3;2;3,2;2,9;Media;Punto fuerte: encaje con el rol. No acredita a buen nivel ninguna de las habilidades pedidas. Punto débil: habilidades pedidas: le falta Empatía, Figma.;Acreditar Empatía: la vacante lo pide y no figura en el CV.;f532035cc6b29987cac3fa21883f1e99
2762;164;53;1;21/09/2026;2;1;4;3;2;2,6;2,7;Baja;Punto fuerte: experiencia. No acredita a buen nivel ninguna de las habilidades pedidas. Punto débil: habilidades pedidas: le falta Atención al cliente, Odoo.;Acreditar Atención al cliente: la vacante lo pide y no figura en el CV.;38e8e7a51bf6f3308187ee8de56882e0
2763;111;17;1;21/09/2026;2;2;5;5;2;3,1;3,3;Media;Punto fuerte: experiencia. Cubre Inglés, Comunicación. Punto débil: encaje con el rol.;Acreditar Pensamiento crítico: la vacante lo pide y no figura en el CV.;c45621a527924aa068064fc20c28d2b9
2764;155;43;1;21/09/2026;4;2;2;5;3;4,1;4,1;Alta;Punto fuerte: retribución. Cubre Ciberseguridad. Punto débil: habilidades pedidas: le falta Redes, Docker.;Acreditar Redes: la vacante lo pide y no figura en el CV.;3daea981a217068fe0d70fc6d50ff35f
2765;43;26;1;21/09/2026;5;2;4;5;3;4,2;4,7;Alta;Punto fuerte: encaje con el rol. Cubre Euskera. Punto débil: habilidades pedidas: le falta Logística, SAP.;Acreditar Logística: la vacante lo pide y no figura en el CV.;9defc6717147945ac3ef5433653b5bd3
2766;194;175;1;21/09/2026;4;2;5;3;3;3,5;3,8;Media;Punto fuerte: experiencia. Cubre Excel avanzado. Punto débil: habilidades pedidas: le falta Análisis estadístico, SQL.;Acreditar Análisis estadístico: la vacante lo pide y no figura en el CV.;f870823cf1318b3f89ac9661fa080e2b
2767;196;86;1;21/09/2026;3;2;2;2;3;3,3;3,8;Media;Punto fuerte: encaje con el rol. Cubre Empatía, Euskera. Punto débil: habilidades pedidas: le falta Trabajo bajo presión, Atención al cliente.;Acreditar Trabajo bajo presión: la vacante lo pide y no figura en el CV.;2da03ddbeae874c5ecb67ba539526cc3
2768;163;71;1;21/09/2026;5;3;4;3;4;4,9;5,0;Alta;Punto fuerte: encaje con el rol. Cubre Pensamiento crítico, SAP. Punto débil: habilidades pedidas: le falta Atención al detalle.;Acreditar Atención al detalle: la vacante lo pide y no figura en el CV.;c4e4a07f0c05c8aa7e69aa67336b168e
2769;175;174;1;21/09/2026;1;1;3;5;1;2,1;2,0;Baja;Punto fuerte: retribución. No acredita a buen nivel ninguna de las habilidades pedidas. Punto débil: encaje con el rol.;Acreditar Empatía: la vacante lo pide y no figura en el CV.;743e2a567ed80dee9d1d0fa7f9675c02
2770;65;164;1;21/09/2026;5;2;5;1;3;4,0;4,0;Alta;Punto fuerte: encaje con el rol. Cubre Autonomía. Punto débil: retribución.;Acreditar Resolución de problemas: la vacante lo pide y no figura en el CV.;3cb0682fe51ea684660b1b35c056b93a
2771;197;56;1;21/09/2026;2;2;5;2;3;3,0;3,0;Media;Punto fuerte: experiencia. No acredita a buen nivel ninguna de las habilidades pedidas. Punto débil: encaje con el rol.;Acreditar Java: la vacante lo pide y no figura en el CV.;194204f287aa8bd51667b5c2ecbcb0f4
2772;114;125;1;21/09/2026;5;2;2;3;4;4,1;4,0;Alta;Punto fuerte: encaje con el rol. Cubre Inglés. Punto débil: habilidades pedidas: le falta Gestión de proyectos, Comunicación.;Acreditar Gestión de proyectos: la vacante lo pide y no figura en el CV.;ecbcbaa2cd87e3d89bdbf4bee1928766
2773;196;35;1;21/09/2026;2;2;1;2;2;2,4;2,3;Baja;Sin puntos fuertes claros para este puesto. Cubre Euskera. Punto débil: experiencia.;Acreditar Organización: la vacante lo pide y no figura en el CV.;2da03ddbeae874c5ecb67ba539526cc3
2774;181;211;1;21/09/2026;2;1;3;3;2;2,7;3,1;Baja;Punto fuerte: experiencia. Cubre Atención al detalle. Punto débil: habilidades pedidas: le falta Diseño gráfico, AutoCAD.;Acreditar Diseño gráfico: la vacante lo pide y no figura en el CV.;225c263afcaf1a47fd96d6c55f4da457
2775;119;115;1;21/09/2026;2;3;3;4;2;3,3;3,6;Media;Punto fuerte: retribución. Cubre Empatía, Euskera. Punto débil: encaje con el rol.;Acreditar Comunicación: la vacante lo pide y no figura en el CV.;bf4d833bd31cd6a9f8c9ebb76104ddf7
2776;195;159;1;21/09/2026;5;1;5;3;3;3,9;3,8;Media;Punto fuerte: encaje con el rol. No acredita a buen nivel ninguna de las habilidades pedidas. Punto débil: habilidades pedidas: le falta Pensamiento crítico, Power BI.;Acreditar Pensamiento crítico: la vacante lo pide y no figura en el CV.;1968db4e149cf0647c1a71573456b344
2777;39;65;1;21/09/2026;5;2;1;1;3;3,7;3,8;Media;Punto fuerte: encaje con el rol. Cubre Autonomía, Prevención de riesgos. Punto débil: experiencia.;Acreditar Resolución de problemas: la vacante lo pide y no figura en el CV.;d866939a94fc049e27104c52373baea1
2778;196;89;3;21/09/2026;3;1;3;1;3;3,2;3,2;Media;Revisión manual. Punto fuerte: encaje con el rol.;Acreditar Gestión de proyectos: la vacante lo pide y no figura en el CV.;2da03ddbeae874c5ecb67ba539526cc3
2779;173;113;3;21/09/2026;2;1;3;4;2;2,7;2,7;Baja;Revisión manual. Punto fuerte: retribución.;Acreditar Análisis estadístico: la vacante lo pide y no figura en el CV.;cef10ca99a3e1958919242477f4ccca8
2780;169;87;3;21/09/2026;2;1;1;5;2;2,7;2,7;Baja;Revisión manual. Punto fuerte: retribución.;Acreditar Figma: la vacante lo pide y no figura en el CV.;094f54740365c9e0df07077c26e0c5bc
2781;190;114;4;21/09/2026;4;3;4;3;4;4,1;4,1;Alta;Revisión manual. Punto fuerte: encaje con el rol.;Acreditar Orientación a resultados: la vacante lo pide y no figura en el CV.;b4c2c4fad2fd18c9700ca21dfa73cd65
2782;30;56;1;22/09/2026;3;2;3;1;3;3,2;3,1;Media;Punto fuerte: encaje con el rol. Cubre SQL. Punto débil: retribución.;Acreditar Java: la vacante lo pide y no figura en el CV.;fdb15b3bc12281881d7d7b584622407a
2783;198;129;1;22/09/2026;5;1;5;3;3;3,9;3,7;Media;Punto fuerte: encaje con el rol. Cubre Orientación a resultados. Punto débil: habilidades pedidas: le falta Salesforce, Negociación.;Acreditar Salesforce: la vacante lo pide y no figura en el CV.;e47c78d1ed201a03d8f1b1585d0213e8
2784;200;128;1;22/09/2026;5;1;5;4;3;3,5;3,7;Media;Punto fuerte: encaje con el rol. No acredita a buen nivel ninguna de las habilidades pedidas. Punto débil: habilidades pedidas: le falta Excel avanzado, Análisis estadístico.;Acreditar Excel avanzado: la vacante lo pide y no figura en el CV.;9349e5d3eea543c3dba4fc70654d25c0
2785;159;77;1;22/09/2026;2;1;3;5;1;2,6;2,7;Baja;Punto fuerte: retribución. No acredita a buen nivel ninguna de las habilidades pedidas. Punto débil: habilidades pedidas: le falta HubSpot, Google Analytics.;Acreditar HubSpot: la vacante lo pide y no figura en el CV.;b1bdb644996d3212d5a36bf6de031257
2786;191;88;1;22/09/2026;2;2;3;2;3;2,8;2,8;Baja;Punto fuerte: experiencia. No acredita a buen nivel ninguna de las habilidades pedidas. Punto débil: encaje con el rol.;Acreditar Diseño gráfico: la vacante lo pide y no figura en el CV.;f532035cc6b29987cac3fa21883f1e99
2787;19;98;1;22/09/2026;5;3;3;1;3;4,2;4,3;Alta;Punto fuerte: encaje con el rol. Cubre Empatía, Trabajo bajo presión. Punto débil: retribución.;Acreditar Atención al cliente: la vacante lo pide y no figura en el CV.;07de0c3b759cac6c75f836ee50a4ea34
2788;198;91;1;22/09/2026;5;1;5;3;3;4,1;4,0;Alta;Punto fuerte: encaje con el rol. Cubre Orientación a resultados. Punto débil: habilidades pedidas: le falta Atención al cliente, Negociación.;Acreditar Atención al cliente: la vacante lo pide y no figura en el CV.;e47c78d1ed201a03d8f1b1585d0213e8
2789;181;174;1;22/09/2026;3;1;2;3;1;2,2;2,2;Baja;Punto fuerte: encaje con el rol. Cubre Negociación. Punto débil: habilidades pedidas: le falta Empatía, Microsoft Office.;Acreditar Empatía: la vacante lo pide y no figura en el CV.;225c263afcaf1a47fd96d6c55f4da457
2790;185;140;1;22/09/2026;1;2;4;3;2;2,8;3,3;Baja;Punto fuerte: experiencia. Cubre Euskera. Punto débil: encaje con el rol.;Acreditar Vocación de servicio: la vacante lo pide y no figura en el CV.;fc06f86e721baba3dd9325dd3d7b7855
2791;171;228;1;22/09/2026;2;2;3;3;2;3,2;3,1;Media;Punto fuerte: experiencia. Cubre Empatía. Punto débil: encaje con el rol.;Acreditar Microsoft Office: la vacante lo pide y no figura en el CV.;9944a1fc8676ca274be2969bba08f94b
2792;190;57;1;22/09/2026;5;2;2;2;3;4,0;3,7;Alta;Punto fuerte: encaje con el rol. Cubre Salesforce, Euskera. Punto débil: habilidades pedidas: le falta Orientación a resultados, Atención al cliente.;Acreditar Orientación a resultados: la vacante lo pide y no figura en el CV.;b4c2c4fad2fd18c9700ca21dfa73cd65
2793;184;129;1;22/09/2026;3;1;3;5;2;3,3;3,4;Media;Punto fuerte: retribución. No acredita a buen nivel ninguna de las habilidades pedidas. Punto débil: habilidades pedidas: le falta Salesforce, Negociación.;Acreditar Salesforce: la vacante lo pide y no figura en el CV.;93509b2332e6bca0da30657de730cbf8
2794;180;207;1;22/09/2026;5;3;4;1;4;4,7;4,6;Alta;Punto fuerte: encaje con el rol. Cubre Comunicación, Microsoft Office. Punto débil: retribución.;Acreditar Negociación: la vacante lo pide y no figura en el CV.;c4df8a0ce8a53a0d50c86652899e74ad
2795;186;112;1;22/09/2026;1;1;5;2;2;2,4;2,0;Baja;Punto fuerte: experiencia. No acredita a buen nivel ninguna de las habilidades pedidas. Punto débil: encaje con el rol.;Acreditar Empatía: la vacante lo pide y no figura en el CV.;35dd06e396c18de1a9dc3cfc544ae5ef
2796;182;125;1;22/09/2026;5;4;3;3;4;5,0;4,9;Alta;Punto fuerte: encaje con el rol. Cubre Gestión de proyectos, Inglés. Punto débil: experiencia.;Acreditar Comunicación: la vacante lo pide y no figura en el CV.;5ec1d20b33af576293bdd88cff5b704e
2797;174;43;1;22/09/2026;5;1;1;3;2;3,0;3,1;Media;Punto fuerte: encaje con el rol. Cubre Redes. Punto débil: habilidades pedidas: le falta Docker, Ciberseguridad.;Acreditar Docker: la vacante lo pide y no figura en el CV.;64b84413e08ce6c68dd560ab2f1d283e
2798;165;194;1;22/09/2026;4;2;3;3;3;3,5;3,5;Media;Punto fuerte: encaje con el rol. Cubre Trabajo en equipo. Punto débil: habilidades pedidas: le falta Mecanizado CNC, Prevención de riesgos.;Acreditar Mecanizado CNC: la vacante lo pide y no figura en el CV.;657e6bbddbb928be76c4e18d6fedc4eb
2799;184;222;1;22/09/2026;1;2;3;5;3;3,6;4,1;Media;Punto fuerte: retribución. Cubre Autonomía. Punto débil: encaje con el rol.;Acreditar Prevención de riesgos: la vacante lo pide y no figura en el CV.;93509b2332e6bca0da30657de730cbf8
2800;38;164;1;22/09/2026;2;1;5;1;2;2,5;2,6;Baja;Punto fuerte: experiencia. No acredita a buen nivel ninguna de las habilidades pedidas. Punto débil: habilidades pedidas: le falta Resolución de problemas, Prevención de riesgos.;Acreditar Resolución de problemas: la vacante lo pide y no figura en el CV.;68f33e0ca8603c304a1b18b11dfd0464
2801;161;30;1;22/09/2026;5;1;4;1;3;3,4;3,2;Media;Punto fuerte: encaje con el rol. No acredita a buen nivel ninguna de las habilidades pedidas. Punto débil: habilidades pedidas: le falta Microsoft Office, Odoo.;Acreditar Microsoft Office: la vacante lo pide y no figura en el CV.;0d8b6979fcb2a36e43ca75f4a7bb1976
2802;176;187;1;22/09/2026;3;2;1;4;2;3,5;3,3;Media;Punto fuerte: retribución. Cubre Negociación, Euskera. Punto débil: experiencia.;Acreditar Salesforce: la vacante lo pide y no figura en el CV.;1ced482c4510b4b52ad5c2f4003630db
2803;198;44;1;22/09/2026;5;2;5;3;4;4,7;4,6;Alta;Punto fuerte: encaje con el rol. No acredita a buen nivel ninguna de las habilidades pedidas. Punto débil: habilidades pedidas: le falta Google Analytics, Creatividad.;Acreditar Google Analytics: la vacante lo pide y no figura en el CV.;e47c78d1ed201a03d8f1b1585d0213e8
2804;198;57;1;22/09/2026;4;2;5;2;4;4,0;3,6;Alta;Punto fuerte: experiencia. Cubre Orientación a resultados. Punto débil: habilidades pedidas: le falta Atención al cliente, Salesforce.;Acreditar Atención al cliente: la vacante lo pide y no figura en el CV.;e47c78d1ed201a03d8f1b1585d0213e8
2805;193;13;1;22/09/2026;1;2;2;2;1;2,6;2,4;Baja;Sin puntos fuertes claros para este puesto. Cubre Empatía. Punto débil: encaje con el rol.;Acreditar Euskera: la vacante lo pide y no figura en el CV.;b414c0d0e0bd046b669b1f02cfca3ad1
2806;61;22;1;22/09/2026;4;2;2;3;3;3,8;3,6;Media;Punto fuerte: encaje con el rol. Cubre Soldadura. Punto débil: habilidades pedidas: le falta Autonomía, Prevención de riesgos.;Acreditar Autonomía: la vacante lo pide y no figura en el CV.;d7a2a9311dd06523dd3279716cd6f7c7
2807;46;49;1;22/09/2026;3;2;2;5;2;2,9;3,1;Baja;Punto fuerte: retribución. Cubre Euskera. Punto débil: habilidades pedidas: le falta Python, SQL.;Acreditar Python: la vacante lo pide y no figura en el CV.;bd22d806c7aa9abe89853a933bae69c6
2808;115;143;1;22/09/2026;2;1;3;4;2;2,6;2,9;Baja;Punto fuerte: retribución. No acredita a buen nivel ninguna de las habilidades pedidas. Punto débil: habilidades pedidas: le falta AutoCAD, Diseño gráfico.;Acreditar AutoCAD: la vacante lo pide y no figura en el CV.;aa65de7ed7107b5037472dc734fcc40a
2809;115;89;1;22/09/2026;2;1;5;1;2;2,3;2,4;Baja;Punto fuerte: experiencia. No acredita a buen nivel ninguna de las habilidades pedidas. Punto débil: habilidades pedidas: le falta Gestión de proyectos, SAP.;Acreditar Gestión de proyectos: la vacante lo pide y no figura en el CV.;aa65de7ed7107b5037472dc734fcc40a
2810;180;222;1;22/09/2026;2;1;3;1;1;2,3;2,7;Baja;Punto fuerte: experiencia. No acredita a buen nivel ninguna de las habilidades pedidas. Punto débil: habilidades pedidas: le falta Prevención de riesgos, Soldadura.;Acreditar Prevención de riesgos: la vacante lo pide y no figura en el CV.;c4df8a0ce8a53a0d50c86652899e74ad
2811;199;9;1;22/09/2026;5;2;5;3;4;3,9;3,7;Media;Punto fuerte: encaje con el rol. Cubre Organización. Punto débil: habilidades pedidas: le falta Atención al cliente, Odoo.;Acreditar Atención al cliente: la vacante lo pide y no figura en el CV.;e9c8e60139c9cefab5fa4b719561bbdf
2812;33;207;1;22/09/2026;2;1;4;4;3;3,0;2,9;Media;Punto fuerte: experiencia. No acredita a buen nivel ninguna de las habilidades pedidas. Punto débil: habilidades pedidas: le falta Negociación, Comunicación.;Acreditar Negociación: la vacante lo pide y no figura en el CV.;f56a53d6d06a56c7dbc5480afd08848d
2813;159;164;1;22/09/2026;4;3;3;2;3;3,7;3,4;Media;Punto fuerte: encaje con el rol. Cubre Resolución de problemas, Autonomía. Punto débil: retribución.;Acreditar Prevención de riesgos: la vacante lo pide y no figura en el CV.;b1bdb644996d3212d5a36bf6de031257
2814;195;132;1;22/09/2026;5;2;5;3;4;4,6;4,7;Alta;Punto fuerte: encaje con el rol. Cubre Euskera. Punto débil: habilidades pedidas: le falta Atención al cliente, Microsoft Office.;Acreditar Atención al cliente: la vacante lo pide y no figura en el CV.;1968db4e149cf0647c1a71573456b344
2815;199;13;1;22/09/2026;1;1;5;3;3;2,8;3,0;Baja;Punto fuerte: experiencia. No acredita a buen nivel ninguna de las habilidades pedidas. Punto débil: encaje con el rol.;Acreditar Euskera: la vacante lo pide y no figura en el CV.;e9c8e60139c9cefab5fa4b719561bbdf
2816;165;53;1;22/09/2026;4;3;3;4;3;3,8;4,1;Media;Punto fuerte: encaje con el rol. Cubre Atención al cliente, Organización. Punto débil: habilidades pedidas: le falta Odoo.;Acreditar Odoo: la vacante lo pide y no figura en el CV.;657e6bbddbb928be76c4e18d6fedc4eb
2817;95;189;1;22/09/2026;3;1;3;3;2;2,9;3,0;Baja;Punto fuerte: encaje con el rol. No acredita a buen nivel ninguna de las habilidades pedidas. Punto débil: habilidades pedidas: le falta Trabajo en equipo, SAP.;Acreditar Trabajo en equipo: la vacante lo pide y no figura en el CV.;38ec8d05ee004f3d9735664e439808c9
2818;194;62;1;22/09/2026;3;1;5;3;2;3,3;3,5;Media;Punto fuerte: experiencia. No acredita a buen nivel ninguna de las habilidades pedidas. Punto débil: habilidades pedidas: le falta Odoo, Microsoft Office.;Acreditar Odoo: la vacante lo pide y no figura en el CV.;f870823cf1318b3f89ac9661fa080e2b
2819;186;40;1;22/09/2026;5;2;5;3;4;4,1;3,9;Alta;Punto fuerte: encaje con el rol. No acredita a buen nivel ninguna de las habilidades pedidas. Punto débil: habilidades pedidas: le falta Francés, Microsoft Office.;Acreditar Francés: la vacante lo pide y no figura en el CV.;35dd06e396c18de1a9dc3cfc544ae5ef
2820;169;238;1;22/09/2026;2;1;2;3;2;1,9;2,1;Baja;Punto fuerte: retribución. No acredita a buen nivel ninguna de las habilidades pedidas. Punto débil: habilidades pedidas: le falta Atención al cliente, Trabajo en equipo.;Acreditar Atención al cliente: la vacante lo pide y no figura en el CV.;094f54740365c9e0df07077c26e0c5bc
2821;63;49;1;22/09/2026;5;3;3;5;3;4,1;3,8;Alta;Punto fuerte: encaje con el rol. Cubre SQL, Euskera. Punto débil: habilidades pedidas: le falta Python, Excel avanzado.;Acreditar Python: la vacante lo pide y no figura en el CV.;a76d2d2fdfe4ab06c79ecacf09618e66
2822;10;5;1;22/09/2026;2;1;5;1;2;2,3;2,8;Baja;Punto fuerte: experiencia. No acredita a buen nivel ninguna de las habilidades pedidas. Punto débil: habilidades pedidas: le falta Trabajo bajo presión, Atención al cliente.;Acreditar Trabajo bajo presión: la vacante lo pide y no figura en el CV.;5dc3326fef2f12734c32694a65dda3fb
2823;12;8;1;22/09/2026;5;4;3;3;3;4,7;4,7;Alta;Punto fuerte: encaje con el rol. Cubre Empatía, Creatividad. Punto débil: experiencia.;Subir Euskera de nivel 2 a 3.;71000804a77686a1db7205c014abe342
2824;30;202;1;22/09/2026;3;2;1;2;2;2,9;2,7;Baja;Punto fuerte: encaje con el rol. Cubre Excel avanzado, Pensamiento crítico. Punto débil: experiencia.;Acreditar Atención al detalle: la vacante lo pide y no figura en el CV.;fdb15b3bc12281881d7d7b584622407a
2825;132;56;1;22/09/2026;2;1;4;3;2;3,2;3,7;Media;Punto fuerte: experiencia. No acredita a buen nivel ninguna de las habilidades pedidas. Punto débil: habilidades pedidas: le falta Java, SQL.;Acreditar Java: la vacante lo pide y no figura en el CV.;2ecb9edf8ba799d8e907738b02e00593
2826;176;213;1;22/09/2026;2;2;2;4;2;3,2;3,3;Media;Punto fuerte: retribución. Cubre Euskera. Punto débil: encaje con el rol.;Acreditar Trabajo bajo presión: la vacante lo pide y no figura en el CV.;1ced482c4510b4b52ad5c2f4003630db
2827;155;150;1;22/09/2026;2;1;1;5;1;2,9;2,7;Baja;Punto fuerte: retribución. No acredita a buen nivel ninguna de las habilidades pedidas. Punto débil: habilidades pedidas: le falta Empatía, Figma.;Acreditar Empatía: la vacante lo pide y no figura en el CV.;3daea981a217068fe0d70fc6d50ff35f
2828;192;178;1;22/09/2026;5;3;5;3;3;4,9;4,6;Alta;Punto fuerte: encaje con el rol. Cubre Negociación, Atención al cliente. Punto débil: habilidades pedidas: le falta Salesforce.;Acreditar Salesforce: la vacante lo pide y no figura en el CV.;1a56096de0eea9213605f27f44d68f73
2829;82;207;1;22/09/2026;2;2;4;5;3;3,9;3,9;Media;Punto fuerte: retribución. Cubre Comunicación. Punto débil: encaje con el rol.;Acreditar Negociación: la vacante lo pide y no figura en el CV.;3ec0b79b25325c03b9a45736b8998523
2830;186;97;1;22/09/2026;5;2;4;5;3;4,0;4,0;Alta;Punto fuerte: encaje con el rol. Cubre Atención al detalle. Punto débil: habilidades pedidas: le falta SAP, Pensamiento crítico.;Acreditar SAP: la vacante lo pide y no figura en el CV.;35dd06e396c18de1a9dc3cfc544ae5ef
2831;12;207;1;22/09/2026;5;3;2;4;3;3,9;4,1;Media;Punto fuerte: encaje con el rol. Cubre Negociación. Punto débil: experiencia.;Acreditar Microsoft Office: la vacante lo pide y no figura en el CV.;71000804a77686a1db7205c014abe342
2832;130;2;1;22/09/2026;2;1;3;3;1;2,3;2,6;Baja;Punto fuerte: experiencia. No acredita a buen nivel ninguna de las habilidades pedidas. Punto débil: habilidades pedidas: le falta Soldadura, Autonomía.;Acreditar Soldadura: la vacante lo pide y no figura en el CV.;f418584dce751abda6c0d2aa093088b4
2833;111;43;1;22/09/2026;2;1;5;5;3;2,7;2,7;Baja;Punto fuerte: experiencia. No acredita a buen nivel ninguna de las habilidades pedidas. Punto débil: habilidades pedidas: le falta Redes, Docker.;Acreditar Redes: la vacante lo pide y no figura en el CV.;c45621a527924aa068064fc20c28d2b9
2834;200;54;1;22/09/2026;2;1;5;5;1;2,9;3,0;Baja;Punto fuerte: experiencia. No acredita a buen nivel ninguna de las habilidades pedidas. Punto débil: habilidades pedidas: le falta Google Analytics, HubSpot.;Acreditar Google Analytics: la vacante lo pide y no figura en el CV.;9349e5d3eea543c3dba4fc70654d25c0
2835;178;117;1;22/09/2026;4;3;5;4;3;4,3;4,0;Alta;Punto fuerte: experiencia. Cubre Salesforce, Atención al cliente. Punto débil: habilidades pedidas: le falta Negociación, Orientación a resultados.;Acreditar Negociación: la vacante lo pide y no figura en el CV.;8dfeba13f28d7b423b7f03c196224393
2836;77;125;1;22/09/2026;4;4;1;5;3;3,8;3,9;Media;Punto fuerte: retribución. Cubre Gestión de proyectos, Inglés. Punto débil: experiencia.;Acreditar Comunicación: la vacante lo pide y no figura en el CV.;6b2ecdff913c1a67b7a1efcffbace6d8
2837;130;89;1;22/09/2026;5;2;5;3;4;4,4;4,8;Alta;Punto fuerte: encaje con el rol. Cubre SAP. Punto débil: habilidades pedidas: le falta Gestión de proyectos.;Acreditar Gestión de proyectos: la vacante lo pide y no figura en el CV.;f418584dce751abda6c0d2aa093088b4
2838;199;85;1;22/09/2026;4;2;5;1;4;3,6;3,5;Media;Punto fuerte: experiencia. No acredita a buen nivel ninguna de las habilidades pedidas. Punto débil: retribución.;Acreditar Atención al cliente: la vacante lo pide y no figura en el CV.;e9c8e60139c9cefab5fa4b719561bbdf
2839;180;215;1;22/09/2026;5;2;4;1;2;3,6;3,8;Media;Punto fuerte: encaje con el rol. Cubre Organización, Microsoft Office. Punto débil: retribución.;Acreditar Atención al cliente: la vacante lo pide y no figura en el CV.;c4df8a0ce8a53a0d50c86652899e74ad
2840;199;110;1;22/09/2026;4;2;5;3;3;3,2;3,3;Media;Punto fuerte: experiencia. No acredita a buen nivel ninguna de las habilidades pedidas. Punto débil: habilidades pedidas: le falta Microsoft Office, Francés.;Acreditar Microsoft Office: la vacante lo pide y no figura en el CV.;e9c8e60139c9cefab5fa4b719561bbdf
2841;153;49;1;22/09/2026;3;1;2;5;1;3,0;3,2;Media;Punto fuerte: retribución. Cubre Euskera. Punto débil: habilidades pedidas: le falta Python, SQL.;Acreditar Python: la vacante lo pide y no figura en el CV.;710b38a2942a0a29d089f09f45e0f558
2842;172;52;1;22/09/2026;5;1;3;1;2;3,3;2,9;Media;Punto fuerte: encaje con el rol. No acredita a buen nivel ninguna de las habilidades pedidas. Punto débil: habilidades pedidas: le falta Francés, Microsoft Office.;Acreditar Francés: la vacante lo pide y no figura en el CV.;10804d48ed0564e525d98af0405d3845
2843;181;216;1;22/09/2026;2;3;4;1;3;3,1;2,8;Media;Punto fuerte: experiencia. Cubre Atención al cliente. Punto débil: retribución.;Acreditar Organización: la vacante lo pide y no figura en el CV.;225c263afcaf1a47fd96d6c55f4da457
2844;177;83;1;22/09/2026;5;3;2;3;4;3,9;4,1;Media;Punto fuerte: encaje con el rol. Cubre Pensamiento crítico, Euskera. Punto débil: experiencia.;Acreditar Atención al detalle: la vacante lo pide y no figura en el CV.;9d1640cabbe0740641702ecf5805ea48
2845;19;65;1;22/09/2026;5;2;3;2;2;3,9;4,1;Media;Punto fuerte: encaje con el rol. Cubre Autonomía. Punto débil: habilidades pedidas: le falta Resolución de problemas, Mecanizado CNC.;Acreditar Resolución de problemas: la vacante lo pide y no figura en el CV.;07de0c3b759cac6c75f836ee50a4ea34
2846;76;159;1;22/09/2026;1;1;1;3;1;1,7;1,7;Baja;Punto fuerte: retribución. No acredita a buen nivel ninguna de las habilidades pedidas. Punto débil: encaje con el rol.;Acreditar Pensamiento crítico: la vacante lo pide y no figura en el CV.;4cfd825587a78dd0bc54d9398a050a4f
2847;75;89;1;22/09/2026;5;3;4;2;4;4,7;4,5;Alta;Punto fuerte: encaje con el rol. Cubre SAP, AutoCAD. Punto débil: retribución.;Acreditar Gestión de proyectos: la vacante lo pide y no figura en el CV.;d30d03d751c3dd67c9e53c2c3fd99212
2848;187;191;1;22/09/2026;5;4;1;3;3;4,6;4,5;Alta;Punto fuerte: encaje con el rol. Cubre Excel avanzado, Pensamiento crítico, Atención al detalle. Punto débil: experiencia.;Sumar experiencia práctica en el sector (prácticas o proyecto).;9ab3df22a8e663cc4b1cbe2dceb6ddef
2849;189;6;1;22/09/2026;5;2;5;2;4;4,4;4,2;Alta;Punto fuerte: encaje con el rol. Cubre Empatía, Creatividad. Punto débil: habilidades pedidas: le falta Photoshop, Figma.;Acreditar Photoshop: la vacante lo pide y no figura en el CV.;03e11387ad59534c9318c38a033203c9
2850;195;154;1;22/09/2026;4;1;3;1;2;2,6;2,3;Baja;Punto fuerte: encaje con el rol. No acredita a buen nivel ninguna de las habilidades pedidas. Punto débil: habilidades pedidas: le falta Microsoft Office, Odoo.;Acreditar Microsoft Office: la vacante lo pide y no figura en el CV.;1968db4e149cf0647c1a71573456b344
2851;196;213;1;22/09/2026;2;2;1;2;1;2,4;2,5;Baja;Sin puntos fuertes claros para este puesto. Cubre Creatividad, Euskera. Punto débil: experiencia.;Acreditar Trabajo bajo presión: la vacante lo pide y no figura en el CV.;2da03ddbeae874c5ecb67ba539526cc3
2852;198;247;1;22/09/2026;5;2;4;3;4;4,6;4,4;Alta;Punto fuerte: encaje con el rol. No acredita a buen nivel ninguna de las habilidades pedidas. Punto débil: habilidades pedidas: le falta Negociación, Atención al cliente.;Acreditar Negociación: la vacante lo pide y no figura en el CV.;e47c78d1ed201a03d8f1b1585d0213e8
2853;176;243;1;22/09/2026;4;1;1;5;2;2,7;2,6;Baja;Punto fuerte: retribución. Cubre Euskera. Punto débil: habilidades pedidas: le falta Excel avanzado, Power BI.;Acreditar Excel avanzado: la vacante lo pide y no figura en el CV.;1ced482c4510b4b52ad5c2f4003630db
2854;177;11;1;22/09/2026;2;1;4;3;3;2,7;3,0;Baja;Punto fuerte: experiencia. No acredita a buen nivel ninguna de las habilidades pedidas. Punto débil: habilidades pedidas: le falta Contabilidad, Organización.;Acreditar Contabilidad: la vacante lo pide y no figura en el CV.;9d1640cabbe0740641702ecf5805ea48
2855;189;8;1;22/09/2026;1;3;5;1;3;3,7;4,1;Media;Punto fuerte: experiencia. Cubre Empatía, Euskera, Creatividad. Punto débil: encaje con el rol.;Acreditar Comunicación: la vacante lo pide y no figura en el CV.;03e11387ad59534c9318c38a033203c9
2856;186;42;1;22/09/2026;5;1;5;3;4;4,0;3,9;Alta;Punto fuerte: encaje con el rol. No acredita a buen nivel ninguna de las habilidades pedidas. Punto débil: habilidades pedidas: le falta Organización, Trabajo bajo presión.;Acreditar Organización: la vacante lo pide y no figura en el CV.;35dd06e396c18de1a9dc3cfc544ae5ef
2857;165;183;1;22/09/2026;3;2;4;5;3;3,6;3,6;Media;Punto fuerte: retribución. Cubre Atención al cliente, Salesforce. Punto débil: habilidades pedidas: le falta Negociación, Orientación a resultados.;Acreditar Negociación: la vacante lo pide y no figura en el CV.;657e6bbddbb928be76c4e18d6fedc4eb
2858;36;202;1;22/09/2026;5;2;3;3;3;3,9;3,7;Media;Punto fuerte: encaje con el rol. Cubre SAP. Punto débil: habilidades pedidas: le falta Excel avanzado, Pensamiento crítico.;Acreditar Excel avanzado: la vacante lo pide y no figura en el CV.;a9c8adea270d72c098cdcfc98cec0a24
2859;103;120;1;22/09/2026;3;2;3;3;2;3,2;3,2;Media;Punto fuerte: encaje con el rol. Cubre Atención al detalle. Punto débil: habilidades pedidas: le falta Pensamiento crítico, Análisis estadístico.;Acreditar Pensamiento crítico: la vacante lo pide y no figura en el CV.;37af7efae85839558568edaf5c1584f8
2860;119;164;1;22/09/2026;5;1;3;2;3;3,6;3,3;Media;Punto fuerte: encaje con el rol. Cubre Autonomía. Punto débil: habilidades pedidas: le falta Resolución de problemas, Prevención de riesgos.;Acreditar Resolución de problemas: la vacante lo pide y no figura en el CV.;bf4d833bd31cd6a9f8c9ebb76104ddf7
2861;132;166;1;22/09/2026;2;1;3;3;1;2,3;2,1;Baja;Punto fuerte: experiencia. No acredita a buen nivel ninguna de las habilidades pedidas. Punto débil: habilidades pedidas: le falta Trabajo en equipo, Logística.;Acreditar Trabajo en equipo: la vacante lo pide y no figura en el CV.;2ecb9edf8ba799d8e907738b02e00593
2862;181;97;1;22/09/2026;2;2;4;3;3;3,4;3,6;Media;Punto fuerte: experiencia. Cubre Atención al detalle. Punto débil: encaje con el rol.;Acreditar SAP: la vacante lo pide y no figura en el CV.;225c263afcaf1a47fd96d6c55f4da457
2863;123;145;1;22/09/2026;5;1;3;3;3;3,8;3,6;Media;Punto fuerte: encaje con el rol. No acredita a buen nivel ninguna de las habilidades pedidas. Punto débil: habilidades pedidas: le falta Prevención de riesgos, Soldadura.;Acreditar Prevención de riesgos: la vacante lo pide y no figura en el CV.;6155f3343edca93166aeafc6c86a1068
2864;189;102;1;22/09/2026;2;1;3;3;2;2,6;2,8;Baja;Punto fuerte: experiencia. No acredita a buen nivel ninguna de las habilidades pedidas. Punto débil: habilidades pedidas: le falta Excel avanzado, Gestión de proyectos.;Acreditar Excel avanzado: la vacante lo pide y no figura en el CV.;03e11387ad59534c9318c38a033203c9
2865;71;231;1;22/09/2026;2;1;2;3;1;2,2;2,3;Baja;Punto fuerte: retribución. Cubre SAP. Punto débil: habilidades pedidas: le falta Gestión de proyectos, AutoCAD.;Acreditar Gestión de proyectos: la vacante lo pide y no figura en el CV.;6384f499504c9afb3e5b3fa9933e517e
2866;187;71;1;22/09/2026;4;4;1;3;3;3,6;3,6;Media;Punto fuerte: encaje con el rol. Cubre Pensamiento crítico, SAP, Atención al detalle. Punto débil: experiencia.;Sumar experiencia práctica en el sector (prácticas o proyecto).;9ab3df22a8e663cc4b1cbe2dceb6ddef
2867;43;56;1;22/09/2026;4;3;4;2;3;3,6;3,3;Media;Punto fuerte: encaje con el rol. Cubre SQL. Punto débil: retribución.;Acreditar Java: la vacante lo pide y no figura en el CV.;9defc6717147945ac3ef5433653b5bd3
2868;86;207;4;22/09/2026;5;1;3;5;3;3,2;3,2;Media;Revisión manual. Punto fuerte: encaje con el rol.;Acreditar Negociación: la vacante lo pide y no figura en el CV.;82e41edab78b099f53a87437726ed822
2869;173;27;3;22/09/2026;1;1;2;3;1;1,4;1,4;Baja;Revisión manual. Punto fuerte: retribución.;Acreditar Gestión de proyectos: la vacante lo pide y no figura en el CV.;cef10ca99a3e1958919242477f4ccca8
2870;189;114;3;22/09/2026;5;2;5;3;5;4,5;4,5;Alta;Revisión manual. Punto fuerte: encaje con el rol.;Acreditar Salesforce: la vacante lo pide y no figura en el CV.;03e11387ad59534c9318c38a033203c9
2871;155;190;4;22/09/2026;3;2;1;3;3;2,8;2,8;Baja;Revisión manual. Punto fuerte: encaje con el rol.;Acreditar Odoo: la vacante lo pide y no figura en el CV.;3daea981a217068fe0d70fc6d50ff35f
2872;183;187;3;22/09/2026;4;2;3;5;3;3,8;3,8;Media;Revisión manual. Punto fuerte: retribución.;Acreditar Salesforce: la vacante lo pide y no figura en el CV.;1529570f1af7d39ec2014f7a35dc5de1
2873;123;145;4;22/09/2026;4;1;2;4;3;4,4;4,4;Alta;Revisión manual. Punto fuerte: encaje con el rol.;Acreditar Prevención de riesgos: la vacante lo pide y no figura en el CV.;6155f3343edca93166aeafc6c86a1068
2874;139;163;3;22/09/2026;1;2;4;3;3;2,7;2,7;Baja;Revisión manual. Punto fuerte: experiencia.;Acreditar Google Analytics: la vacante lo pide y no figura en el CV.;b9761c2b467377880cd97108334940d7
2875;94;145;3;22/09/2026;2;1;4;3;2;2,7;2,7;Baja;Revisión manual. Punto fuerte: experiencia.;Acreditar Prevención de riesgos: la vacante lo pide y no figura en el CV.;425d41c7203a2767e3c70d2be9eb4c5e
2876;160;163;3;22/09/2026;5;1;4;2;4;3,0;3,0;Media;Revisión manual. Punto fuerte: encaje con el rol.;Acreditar Google Analytics: la vacante lo pide y no figura en el CV.;f9fae36eb913d8400aef78c996db9518
2877;61;2;1;23/09/2026;3;2;3;5;2;2,9;2,5;Baja;Punto fuerte: retribución. Cubre Soldadura. Punto débil: habilidades pedidas: le falta Autonomía, Prevención de riesgos.;Acreditar Autonomía: la vacante lo pide y no figura en el CV.;d7a2a9311dd06523dd3279716cd6f7c7
2878;184;114;1;23/09/2026;2;1;4;3;2;2,9;3,3;Baja;Punto fuerte: experiencia. No acredita a buen nivel ninguna de las habilidades pedidas. Punto débil: habilidades pedidas: le falta Salesforce, Orientación a resultados.;Acreditar Salesforce: la vacante lo pide y no figura en el CV.;93509b2332e6bca0da30657de730cbf8
2879;43;125;1;23/09/2026;1;3;2;5;3;3,2;3,1;Media;Punto fuerte: retribución. Cubre Inglés. Punto débil: encaje con el rol.;Acreditar Gestión de proyectos: la vacante lo pide y no figura en el CV.;9defc6717147945ac3ef5433653b5bd3
2880;171;53;1;23/09/2026;2;1;3;3;2;2,5;3,1;Baja;Punto fuerte: experiencia. No acredita a buen nivel ninguna de las habilidades pedidas. Punto débil: habilidades pedidas: le falta Atención al cliente, Odoo.;Acreditar Atención al cliente: la vacante lo pide y no figura en el CV.;9944a1fc8676ca274be2969bba08f94b
2881;37;207;1;23/09/2026;2;3;2;3;2;3,1;2,8;Media;Punto fuerte: habilidades pedidas (Negociación). Cubre Negociación. Punto débil: encaje con el rol.;Acreditar Comunicación: la vacante lo pide y no figura en el CV.;31b3d37b09ab14302024065358c62f20
2882;1;89;1;23/09/2026;2;1;3;1;2;2,2;2,6;Baja;Punto fuerte: experiencia. No acredita a buen nivel ninguna de las habilidades pedidas. Punto débil: habilidades pedidas: le falta Gestión de proyectos, SAP.;Acreditar Gestión de proyectos: la vacante lo pide y no figura en el CV.;a1bec3d7b0af64b7b136dfd2d05d6fb7
2883;122;231;1;23/09/2026;4;1;2;3;1;2,8;2,5;Baja;Punto fuerte: encaje con el rol. No acredita a buen nivel ninguna de las habilidades pedidas. Punto débil: habilidades pedidas: le falta SAP, Gestión de proyectos.;Acreditar SAP: la vacante lo pide y no figura en el CV.;0f47f08a3ff2736019f0343b79efd27a
2884;187;184;1;23/09/2026;2;2;1;3;1;2,7;2,7;Baja;Punto fuerte: retribución. Cubre SAP, Euskera. Punto débil: experiencia.;Acreditar AutoCAD: la vacante lo pide y no figura en el CV.;9ab3df22a8e663cc4b1cbe2dceb6ddef
2885;186;43;1;23/09/2026;5;1;3;5;3;4,4;4,4;Alta;Punto fuerte: encaje con el rol. No acredita a buen nivel ninguna de las habilidades pedidas. Punto débil: habilidades pedidas: le falta Redes, Docker.;Acreditar Redes: la vacante lo pide y no figura en el CV.;35dd06e396c18de1a9dc3cfc544ae5ef
2886;187;40;1;23/09/2026;2;2;2;3;2;2,9;3,0;Baja;Punto fuerte: retribución. Cubre Inglés. Punto débil: encaje con el rol.;Acreditar Francés: la vacante lo pide y no figura en el CV.;9ab3df22a8e663cc4b1cbe2dceb6ddef
2887;200;187;1;23/09/2026;3;2;5;5;3;4,2;3,8;Alta;Punto fuerte: experiencia. Cubre Euskera. Punto débil: habilidades pedidas: le falta Negociación, Salesforce.;Acreditar Negociación: la vacante lo pide y no figura en el CV.;9349e5d3eea543c3dba4fc70654d25c0
2888;89;19;1;23/09/2026;5;3;2;5;2;4,2;4,5;Alta;Punto fuerte: encaje con el rol. Cubre Git, Docker. Punto débil: experiencia.;Acreditar Python: la vacante lo pide y no figura en el CV.;e55d60a89641a3f36c331a954f73d14f
2889;194;70;1;23/09/2026;3;1;5;3;3;3,1;3,2;Media;Punto fuerte: experiencia. No acredita a buen nivel ninguna de las habilidades pedidas. Punto débil: habilidades pedidas: le falta WordPress, HubSpot.;Acreditar WordPress: la vacante lo pide y no figura en el CV.;f870823cf1318b3f89ac9661fa080e2b
2890;103;18;1;23/09/2026;3;1;2;3;1;2,4;2,5;Baja;Punto fuerte: encaje con el rol. No acredita a buen nivel ninguna de las habilidades pedidas. Punto débil: habilidades pedidas: le falta Empatía, Trabajo bajo presión.;Acreditar Empatía: la vacante lo pide y no figura en el CV.;37af7efae85839558568edaf5c1584f8
2891;180;60;1;23/09/2026;3;1;5;3;3;3,9;4,0;Media;Punto fuerte: experiencia. No acredita a buen nivel ninguna de las habilidades pedidas. Punto débil: habilidades pedidas: le falta Prevención de riesgos, Mecanizado CNC.;Acreditar Prevención de riesgos: la vacante lo pide y no figura en el CV.;c4df8a0ce8a53a0d50c86652899e74ad
2892;199;117;1;23/09/2026;4;1;5;2;2;3,2;3,1;Media;Punto fuerte: experiencia. Cubre Negociación. Punto débil: habilidades pedidas: le falta Salesforce, Atención al cliente.;Acreditar Salesforce: la vacante lo pide y no figura en el CV.;e9c8e60139c9cefab5fa4b719561bbdf
2893;190;22;1;23/09/2026;2;1;3;3;2;2,3;2,4;Baja;Punto fuerte: experiencia. No acredita a buen nivel ninguna de las habilidades pedidas. Punto débil: habilidades pedidas: le falta Soldadura, Prevención de riesgos.;Acreditar Soldadura: la vacante lo pide y no figura en el CV.;b4c2c4fad2fd18c9700ca21dfa73cd65
2894;175;159;1;23/09/2026;1;2;4;3;2;2,5;2,2;Baja;Punto fuerte: experiencia. No acredita a buen nivel ninguna de las habilidades pedidas. Punto débil: encaje con el rol.;Acreditar Power BI: la vacante lo pide y no figura en el CV.;743e2a567ed80dee9d1d0fa7f9675c02
2895;35;82;1;23/09/2026;1;2;2;1;2;2,8;2,6;Baja;Sin puntos fuertes claros para este puesto. No acredita a buen nivel ninguna de las habilidades pedidas. Punto débil: encaje con el rol.;Acreditar Diseño gráfico: la vacante lo pide y no figura en el CV.;2ec93fe739d638737d2fb11b7af497bb
2896;128;166;1;23/09/2026;4;2;4;1;3;3,3;3,4;Media;Punto fuerte: encaje con el rol. Cubre SAP. Punto débil: retribución.;Acreditar Trabajo en equipo: la vacante lo pide y no figura en el CV.;dc4a815cd975a1b7a4abe5c4611d9745
2897;194;18;1;23/09/2026;3;1;4;3;3;2,5;2,7;Baja;Punto fuerte: experiencia. No acredita a buen nivel ninguna de las habilidades pedidas. Punto débil: habilidades pedidas: le falta Empatía, Trabajo bajo presión.;Acreditar Empatía: la vacante lo pide y no figura en el CV.;f870823cf1318b3f89ac9661fa080e2b
2898;199;206;1;23/09/2026;5;1;5;3;2;3,4;3,0;Media;Punto fuerte: encaje con el rol. Cubre Organización. Punto débil: habilidades pedidas: le falta Atención al cliente, Microsoft Office.;Acreditar Atención al cliente: la vacante lo pide y no figura en el CV.;e9c8e60139c9cefab5fa4b719561bbdf
2899;82;18;1;23/09/2026;2;3;3;5;3;3,6;3,3;Media;Punto fuerte: retribución. Cubre Empatía. Punto débil: encaje con el rol.;Acreditar Trabajo bajo presión: la vacante lo pide y no figura en el CV.;3ec0b79b25325c03b9a45736b8998523
2900;102;207;1;23/09/2026;2;1;4;5;3;3,4;3,5;Media;Punto fuerte: retribución. No acredita a buen nivel ninguna de las habilidades pedidas. Punto débil: habilidades pedidas: le falta Negociación, Comunicación.;Acreditar Negociación: la vacante lo pide y no figura en el CV.;025b3b4f122944277d4e5de5758fb6c9
2901;200;77;1;23/09/2026;2;1;5;5;2;3,1;3,3;Media;Punto fuerte: experiencia. No acredita a buen nivel ninguna de las habilidades pedidas. Punto débil: habilidades pedidas: le falta HubSpot, Google Analytics.;Acreditar HubSpot: la vacante lo pide y no figura en el CV.;9349e5d3eea543c3dba4fc70654d25c0
2902;171;26;1;23/09/2026;1;1;2;3;1;1,6;1,9;Baja;Punto fuerte: retribución. No acredita a buen nivel ninguna de las habilidades pedidas. Punto débil: encaje con el rol.;Acreditar Logística: la vacante lo pide y no figura en el CV.;9944a1fc8676ca274be2969bba08f94b
2903;65;82;1;23/09/2026;4;2;5;2;3;3,3;3,2;Media;Punto fuerte: experiencia. Cubre Diseño gráfico. Punto débil: habilidades pedidas: le falta AutoCAD, Atención al detalle.;Acreditar AutoCAD: la vacante lo pide y no figura en el CV.;3cb0682fe51ea684660b1b35c056b93a
2904;124;135;1;23/09/2026;4;1;5;3;4;3,6;3,8;Media;Punto fuerte: experiencia. No acredita a buen nivel ninguna de las habilidades pedidas. Punto débil: habilidades pedidas: le falta Prevención de riesgos, Soldadura.;Acreditar Prevención de riesgos: la vacante lo pide y no figura en el CV.;88f59b2261aa4bf4c7aee145ba6dfe21
2905;161;117;1;23/09/2026;2;2;3;3;3;3,1;2,8;Media;Punto fuerte: experiencia. Cubre Negociación. Punto débil: encaje con el rol.;Acreditar Salesforce: la vacante lo pide y no figura en el CV.;0d8b6979fcb2a36e43ca75f4a7bb1976
2906;191;98;1;23/09/2026;3;2;3;2;3;3,5;3,5;Media;Punto fuerte: encaje con el rol. Cubre Atención al cliente. Punto débil: habilidades pedidas: le falta Empatía, Trabajo bajo presión.;Acreditar Empatía: la vacante lo pide y no figura en el CV.;f532035cc6b29987cac3fa21883f1e99
2907;196;23;1;23/09/2026;2;1;4;1;1;2,3;2,6;Baja;Punto fuerte: experiencia. No acredita a buen nivel ninguna de las habilidades pedidas. Punto débil: habilidades pedidas: le falta Inglés, Atención al cliente.;Acreditar Inglés: la vacante lo pide y no figura en el CV.;2da03ddbeae874c5ecb67ba539526cc3
2908;46;115;1;23/09/2026;2;2;5;2;3;3,4;3,4;Media;Punto fuerte: experiencia. Cubre Euskera. Punto débil: encaje con el rol.;Acreditar Empatía: la vacante lo pide y no figura en el CV.;bd22d806c7aa9abe89853a933bae69c6
2909;188;194;1;23/09/2026;2;1;3;2;1;1,8;1,9;Baja;Punto fuerte: experiencia. No acredita a buen nivel ninguna de las habilidades pedidas. Punto débil: habilidades pedidas: le falta Mecanizado CNC, Prevención de riesgos.;Acreditar Mecanizado CNC: la vacante lo pide y no figura en el CV.;5109213b8d6556e08e4482d4439bedd3
2910;12;43;1;23/09/2026;2;1;1;5;2;2,8;2,5;Baja;Punto fuerte: retribución. No acredita a buen nivel ninguna de las habilidades pedidas. Punto débil: habilidades pedidas: le falta Redes, Docker.;Acreditar Redes: la vacante lo pide y no figura en el CV.;71000804a77686a1db7205c014abe342
2911;152;231;1;23/09/2026;2;2;4;3;3;2,9;3,5;Baja;Punto fuerte: experiencia. Cubre Gestión de proyectos. Punto débil: encaje con el rol.;Acreditar SAP: la vacante lo pide y no figura en el CV.;8873fba43883f8395187bc4151dee2b7
2912;37;69;1;23/09/2026;2;1;3;1;1;1,8;1,5;Baja;Punto fuerte: experiencia. No acredita a buen nivel ninguna de las habilidades pedidas. Punto débil: habilidades pedidas: le falta Odoo, Microsoft Office.;Acreditar Odoo: la vacante lo pide y no figura en el CV.;31b3d37b09ab14302024065358c62f20
2913;24;207;1;23/09/2026;5;3;5;4;4;4,5;4,3;Alta;Punto fuerte: encaje con el rol. Cubre Negociación. Punto débil: habilidades pedidas: le falta Microsoft Office.;Acreditar Microsoft Office: la vacante lo pide y no figura en el CV.;1aeb058baac2bcc159a5b57e54fefa31
2914;11;125;1;23/09/2026;3;3;1;5;2;3,6;3,6;Media;Punto fuerte: retribución. Cubre Gestión de proyectos. Punto débil: experiencia.;Acreditar Comunicación: la vacante lo pide y no figura en el CV.;3b883509efc39b7f91f118ac94557999
2915;195;134;1;23/09/2026;1;1;5;3;2;2,2;2,3;Baja;Punto fuerte: experiencia. No acredita a buen nivel ninguna de las habilidades pedidas. Punto débil: encaje con el rol.;Acreditar Creatividad: la vacante lo pide y no figura en el CV.;1968db4e149cf0647c1a71573456b344
2916;190;35;1;23/09/2026;4;2;5;1;3;3,1;3,4;Media;Punto fuerte: experiencia. Cubre Euskera. Punto débil: retribución.;Acreditar Organización: la vacante lo pide y no figura en el CV.;b4c2c4fad2fd18c9700ca21dfa73cd65
2917;194;148;1;23/09/2026;2;2;4;3;3;2,7;3,1;Baja;Punto fuerte: experiencia. Cubre SAP. Punto débil: encaje con el rol.;Acreditar Logística: la vacante lo pide y no figura en el CV.;f870823cf1318b3f89ac9661fa080e2b
2918;159;2;1;23/09/2026;5;2;2;5;2;3,7;3,5;Media;Punto fuerte: encaje con el rol. Cubre Autonomía. Punto débil: habilidades pedidas: le falta Soldadura, Prevención de riesgos.;Acreditar Soldadura: la vacante lo pide y no figura en el CV.;b1bdb644996d3212d5a36bf6de031257
2919;38;125;1;23/09/2026;5;2;3;3;3;4,2;4,2;Alta;Punto fuerte: encaje con el rol. No acredita a buen nivel ninguna de las habilidades pedidas. Punto débil: habilidades pedidas: le falta Gestión de proyectos.;Acreditar Gestión de proyectos: la vacante lo pide y no figura en el CV.;68f33e0ca8603c304a1b18b11dfd0464
2920;199;122;1;23/09/2026;1;2;5;3;3;2,8;2,9;Baja;Punto fuerte: experiencia. Cubre Autonomía. Punto débil: encaje con el rol.;Acreditar Prevención de riesgos: la vacante lo pide y no figura en el CV.;e9c8e60139c9cefab5fa4b719561bbdf
2921;142;125;1;23/09/2026;5;2;1;5;3;3,8;3,8;Media;Punto fuerte: encaje con el rol. Cubre Comunicación. Punto débil: experiencia.;Acreditar Gestión de proyectos: la vacante lo pide y no figura en el CV.;e1fbe01088205acf3b93e7e64d89d141
2922;193;204;1;23/09/2026;5;3;5;1;4;4,4;4,3;Alta;Punto fuerte: encaje con el rol. Cubre Excel avanzado, Organización. Punto débil: retribución.;Acreditar Logística: la vacante lo pide y no figura en el CV.;b414c0d0e0bd046b669b1f02cfca3ad1
2923;47;125;1;23/09/2026;2;3;3;4;3;3,6;3,7;Media;Punto fuerte: retribución. Cubre Comunicación, Inglés. Punto débil: encaje con el rol.;Acreditar Gestión de proyectos: la vacante lo pide y no figura en el CV.;632cb7af436fcdef206636840f9bd3e9
2924;200;159;1;23/09/2026;3;1;5;3;3;3,6;3,9;Media;Punto fuerte: experiencia. No acredita a buen nivel ninguna de las habilidades pedidas. Punto débil: habilidades pedidas: le falta Pensamiento crítico, Power BI.;Acreditar Pensamiento crítico: la vacante lo pide y no figura en el CV.;9349e5d3eea543c3dba4fc70654d25c0
2925;183;69;1;23/09/2026;3;2;3;4;2;3,2;3,1;Media;Punto fuerte: retribución. Cubre Microsoft Office. Punto débil: habilidades pedidas: le falta Odoo, Atención al cliente.;Acreditar Odoo: la vacante lo pide y no figura en el CV.;1529570f1af7d39ec2014f7a35dc5de1
2926;195;55;1;23/09/2026;2;2;4;2;2;2,8;2,7;Baja;Punto fuerte: experiencia. Cubre Inglés, Negociación. Punto débil: encaje con el rol.;Acreditar Pensamiento crítico: la vacante lo pide y no figura en el CV.;1968db4e149cf0647c1a71573456b344
2927;107;135;1;23/09/2026;2;1;4;1;2;2,4;2,4;Baja;Punto fuerte: experiencia. No acredita a buen nivel ninguna de las habilidades pedidas. Punto débil: habilidades pedidas: le falta Prevención de riesgos, Soldadura.;Acreditar Prevención de riesgos: la vacante lo pide y no figura en el CV.;018a507c8bc3280d933488b584add926
2928;198;183;1;23/09/2026;5;1;5;3;3;3,6;3,5;Media;Punto fuerte: encaje con el rol. Cubre Orientación a resultados. Punto débil: habilidades pedidas: le falta Negociación, Atención al cliente.;Acreditar Negociación: la vacante lo pide y no figura en el CV.;e47c78d1ed201a03d8f1b1585d0213e8
2929;191;154;1;23/09/2026;2;1;4;1;2;2,2;2,4;Baja;Punto fuerte: experiencia. Cubre Organización, Atención al cliente. Punto débil: habilidades pedidas: le falta Microsoft Office, Odoo.;Acreditar Microsoft Office: la vacante lo pide y no figura en el CV.;f532035cc6b29987cac3fa21883f1e99
2930;167;207;1;23/09/2026;5;2;1;3;2;3,3;3,3;Media;Punto fuerte: encaje con el rol. Cubre Comunicación. Punto débil: experiencia.;Acreditar Negociación: la vacante lo pide y no figura en el CV.;919baa73559e41873c94236e23ca3178
2931;179;57;1;23/09/2026;3;2;4;5;3;3,6;3,7;Media;Punto fuerte: retribución. No acredita a buen nivel ninguna de las habilidades pedidas. Punto débil: habilidades pedidas: le falta Orientación a resultados, Atención al cliente.;Acreditar Orientación a resultados: la vacante lo pide y no figura en el CV.;56ac0de771a0f0e6e71b1c649fc69677
2932;194;217;1;23/09/2026;2;1;5;3;2;2,7;2,9;Baja;Punto fuerte: experiencia. No acredita a buen nivel ninguna de las habilidades pedidas. Punto débil: habilidades pedidas: le falta Atención al cliente, Organización.;Acreditar Atención al cliente: la vacante lo pide y no figura en el CV.;f870823cf1318b3f89ac9661fa080e2b
2933;79;179;1;23/09/2026;2;1;3;3;2;2,5;2,3;Baja;Punto fuerte: experiencia. No acredita a buen nivel ninguna de las habilidades pedidas. Punto débil: habilidades pedidas: le falta Negociación, Orientación a resultados.;Acreditar Negociación: la vacante lo pide y no figura en el CV.;dbc3ae586769d482cb1309411aec185f
2934;168;19;1;23/09/2026;2;1;4;5;2;3,1;3,1;Media;Punto fuerte: retribución. No acredita a buen nivel ninguna de las habilidades pedidas. Punto débil: habilidades pedidas: le falta Git, Docker.;Acreditar Git: la vacante lo pide y no figura en el CV.;6e99ec51b0558b6cbd3dcbafdad94b6c
2935;190;98;1;23/09/2026;2;1;4;1;2;2,6;2,5;Baja;Punto fuerte: experiencia. No acredita a buen nivel ninguna de las habilidades pedidas. Punto débil: habilidades pedidas: le falta Empatía, Trabajo bajo presión.;Acreditar Empatía: la vacante lo pide y no figura en el CV.;b4c2c4fad2fd18c9700ca21dfa73cd65
2936;199;141;1;23/09/2026;4;1;5;1;3;3,5;3,2;Media;Punto fuerte: experiencia. No acredita a buen nivel ninguna de las habilidades pedidas. Punto débil: habilidades pedidas: le falta Microsoft Office, Atención al cliente.;Acreditar Microsoft Office: la vacante lo pide y no figura en el CV.;e9c8e60139c9cefab5fa4b719561bbdf
2937;188;231;1;23/09/2026;2;1;3;3;1;2,5;2,6;Baja;Punto fuerte: experiencia. No acredita a buen nivel ninguna de las habilidades pedidas. Punto débil: habilidades pedidas: le falta SAP, Gestión de proyectos.;Acreditar SAP: la vacante lo pide y no figura en el CV.;5109213b8d6556e08e4482d4439bedd3
2938;98;166;1;23/09/2026;4;3;3;2;4;4,0;4,1;Alta;Punto fuerte: encaje con el rol. Cubre SAP. Punto débil: retribución.;Acreditar Trabajo en equipo: la vacante lo pide y no figura en el CV.;c5c761f89bb823c2eba5d9fb3bd0a14d
2939;187;211;1;23/09/2026;1;2;1;3;2;2,4;2,5;Baja;Punto fuerte: retribución. Cubre Atención al detalle. Punto débil: encaje con el rol.;Acreditar Diseño gráfico: la vacante lo pide y no figura en el CV.;9ab3df22a8e663cc4b1cbe2dceb6ddef
2940;196;117;1;23/09/2026;2;1;3;2;1;2,3;2,5;Baja;Punto fuerte: experiencia. No acredita a buen nivel ninguna de las habilidades pedidas. Punto débil: habilidades pedidas: le falta Negociación, Salesforce.;Acreditar Negociación: la vacante lo pide y no figura en el CV.;2da03ddbeae874c5ecb67ba539526cc3
2941;198;163;1;23/09/2026;5;1;5;4;3;3,3;3,2;Media;Punto fuerte: encaje con el rol. No acredita a buen nivel ninguna de las habilidades pedidas. Punto débil: habilidades pedidas: le falta Google Analytics, HubSpot.;Acreditar Google Analytics: la vacante lo pide y no figura en el CV.;e47c78d1ed201a03d8f1b1585d0213e8
2942;197;37;1;23/09/2026;1;2;2;5;2;2,6;2,5;Baja;Punto fuerte: retribución. No acredita a buen nivel ninguna de las habilidades pedidas. Punto débil: encaje con el rol.;Acreditar Git: la vacante lo pide y no figura en el CV.;194204f287aa8bd51667b5c2ecbcb0f4
2943;199;235;1;23/09/2026;3;1;5;1;2;2,7;2,4;Baja;Punto fuerte: experiencia. No acredita a buen nivel ninguna de las habilidades pedidas. Punto débil: habilidades pedidas: le falta Vocación de servicio, Trabajo en equipo.;Acreditar Vocación de servicio: la vacante lo pide y no figura en el CV.;e9c8e60139c9cefab5fa4b719561bbdf
2944;108;73;1;23/09/2026;4;3;4;2;4;3,9;3,8;Media;Punto fuerte: encaje con el rol. Cubre Atención al cliente. Punto débil: retribución.;Acreditar Odoo: la vacante lo pide y no figura en el CV.;d8dfe0f83e95120fd39310c95ef282a9
2945;187;142;1;23/09/2026;5;4;1;3;3;4,7;4,6;Alta;Punto fuerte: encaje con el rol. Cubre Excel avanzado, Pensamiento crítico, SAP. Punto débil: experiencia.;Sumar experiencia práctica en el sector (prácticas o proyecto).;9ab3df22a8e663cc4b1cbe2dceb6ddef
2946;186;235;1;23/09/2026;2;2;5;1;2;2,4;1,9;Baja;Punto fuerte: experiencia. No acredita a buen nivel ninguna de las habilidades pedidas. Punto débil: retribución.;Acreditar Vocación de servicio: la vacante lo pide y no figura en el CV.;35dd06e396c18de1a9dc3cfc544ae5ef
2947;197;228;1;23/09/2026;5;2;5;1;4;3,6;3,2;Media;Punto fuerte: encaje con el rol. Cubre Comunicación. Punto débil: retribución.;Acreditar Microsoft Office: la vacante lo pide y no figura en el CV.;194204f287aa8bd51667b5c2ecbcb0f4
2948;199;178;1;23/09/2026;4;2;5;3;3;3,7;3,4;Media;Punto fuerte: experiencia. Cubre Negociación. Punto débil: habilidades pedidas: le falta Salesforce, Atención al cliente.;Acreditar Salesforce: la vacante lo pide y no figura en el CV.;e9c8e60139c9cefab5fa4b719561bbdf
2949;191;173;1;23/09/2026;4;2;4;1;4;4,0;3,7;Alta;Punto fuerte: encaje con el rol. Cubre Negociación. Punto débil: retribución.;Acreditar Salesforce: la vacante lo pide y no figura en el CV.;f532035cc6b29987cac3fa21883f1e99
2950;193;125;1;23/09/2026;5;2;4;3;3;3,4;3,2;Media;Punto fuerte: encaje con el rol. Cubre Inglés. Punto débil: habilidades pedidas: le falta Gestión de proyectos, Comunicación.;Acreditar Gestión de proyectos: la vacante lo pide y no figura en el CV.;b414c0d0e0bd046b669b1f02cfca3ad1
2951;156;19;1;23/09/2026;2;1;2;5;1;2,2;2,1;Baja;Punto fuerte: retribución. No acredita a buen nivel ninguna de las habilidades pedidas. Punto débil: habilidades pedidas: le falta Git, Docker.;Acreditar Git: la vacante lo pide y no figura en el CV.;a566a04df4a6ac6960076b84a0fa9402
2952;91;22;1;23/09/2026;4;2;3;3;2;3,6;3,4;Media;Punto fuerte: encaje con el rol. Cubre Soldadura. Punto débil: habilidades pedidas: le falta Autonomía, Prevención de riesgos.;Acreditar Autonomía: la vacante lo pide y no figura en el CV.;be9bfff5f85dbd1ee4d9197b95ba39c9
2953;184;69;1;23/09/2026;3;1;4;4;2;2,5;2,1;Baja;Punto fuerte: experiencia. No acredita a buen nivel ninguna de las habilidades pedidas. Punto débil: habilidades pedidas: le falta Odoo, Microsoft Office.;Acreditar Odoo: la vacante lo pide y no figura en el CV.;93509b2332e6bca0da30657de730cbf8
2954;135;73;1;23/09/2026;3;2;3;1;2;2,6;2,6;Baja;Punto fuerte: encaje con el rol. Cubre Euskera. Punto débil: retribución.;Acreditar Atención al cliente: la vacante lo pide y no figura en el CV.;b9bc17dfc73171df3d3d1b8ba6e3f3d7
2955;200;18;1;23/09/2026;2;1;5;5;2;3,1;2,9;Media;Punto fuerte: experiencia. No acredita a buen nivel ninguna de las habilidades pedidas. Punto débil: habilidades pedidas: le falta Empatía, Trabajo bajo presión.;Acreditar Empatía: la vacante lo pide y no figura en el CV.;9349e5d3eea543c3dba4fc70654d25c0
2956;188;14;1;23/09/2026;3;2;2;3;3;3,7;3,6;Media;Punto fuerte: encaje con el rol. No acredita a buen nivel ninguna de las habilidades pedidas. Punto débil: habilidades pedidas: le falta Pensamiento crítico, Atención al detalle.;Acreditar Pensamiento crítico: la vacante lo pide y no figura en el CV.;5109213b8d6556e08e4482d4439bedd3
2957;185;134;1;23/09/2026;2;2;3;3;3;3,2;3,5;Media;Punto fuerte: experiencia. Cubre Creatividad. Punto débil: encaje con el rol.;Acreditar Google Analytics: la vacante lo pide y no figura en el CV.;fc06f86e721baba3dd9325dd3d7b7855
2958;195;230;1;23/09/2026;2;1;4;1;1;2,1;2,0;Baja;Punto fuerte: experiencia. No acredita a buen nivel ninguna de las habilidades pedidas. Punto débil: habilidades pedidas: le falta SAP, Logística.;Acreditar SAP: la vacante lo pide y no figura en el CV.;1968db4e149cf0647c1a71573456b344
2959;193;122;1;23/09/2026;2;2;4;2;3;2,9;2,9;Baja;Punto fuerte: experiencia. No acredita a buen nivel ninguna de las habilidades pedidas. Punto débil: encaje con el rol.;Acreditar Prevención de riesgos: la vacante lo pide y no figura en el CV.;b414c0d0e0bd046b669b1f02cfca3ad1
2960;44;58;1;23/09/2026;2;1;2;4;1;2,1;2,4;Baja;Punto fuerte: retribución. No acredita a buen nivel ninguna de las habilidades pedidas. Punto débil: habilidades pedidas: le falta Microsoft Office, Organización.;Acreditar Microsoft Office: la vacante lo pide y no figura en el CV.;2fd67b166cd5705953353f5169d02f1f
2961;187;20;1;23/09/2026;1;1;2;3;2;2,4;2,1;Baja;Punto fuerte: retribución. Cubre Euskera. Punto débil: encaje con el rol.;Acreditar Odoo: la vacante lo pide y no figura en el CV.;9ab3df22a8e663cc4b1cbe2dceb6ddef
2962;186;71;1;23/09/2026;5;3;4;4;4;4,7;5,0;Alta;Punto fuerte: encaje con el rol. Cubre Atención al detalle. Punto débil: habilidades pedidas: le falta Pensamiento crítico, SAP.;Acreditar Pensamiento crítico: la vacante lo pide y no figura en el CV.;35dd06e396c18de1a9dc3cfc544ae5ef
2963;198;2;1;23/09/2026;2;1;5;3;3;2,8;2,5;Baja;Punto fuerte: experiencia. No acredita a buen nivel ninguna de las habilidades pedidas. Punto débil: habilidades pedidas: le falta Soldadura, Autonomía.;Acreditar Soldadura: la vacante lo pide y no figura en el CV.;e47c78d1ed201a03d8f1b1585d0213e8
2964;46;207;1;23/09/2026;1;1;4;2;2;2,4;2,7;Baja;Punto fuerte: experiencia. No acredita a buen nivel ninguna de las habilidades pedidas. Punto débil: encaje con el rol.;Acreditar Negociación: la vacante lo pide y no figura en el CV.;bd22d806c7aa9abe89853a933bae69c6
2965;115;163;3;23/09/2026;2;2;5;1;1;2,8;2,8;Baja;Revisión manual. Punto fuerte: experiencia.;Acreditar Google Analytics: la vacante lo pide y no figura en el CV.;aa65de7ed7107b5037472dc734fcc40a
2966;179;234;3;23/09/2026;4;2;4;5;3;3,0;3,0;Media;Revisión manual. Punto fuerte: retribución.;Acreditar Mecanizado CNC: la vacante lo pide y no figura en el CV.;56ac0de771a0f0e6e71b1c649fc69677
2967;37;207;4;23/09/2026;2;2;2;3;1;2,6;2,6;Baja;Revisión manual. Punto fuerte: habilidades pedidas (Negociación).;Acreditar Comunicación: la vacante lo pide y no figura en el CV.;31b3d37b09ab14302024065358c62f20
2968;87;26;4;23/09/2026;5;4;5;5;4;5,0;5,0;Alta;Revisión manual. Punto fuerte: encaje con el rol.;Acreditar Logística: la vacante lo pide y no figura en el CV.;89728c973c760f1cb456fcbc23c4b8e8
2969;103;18;3;23/09/2026;3;1;3;2;1;2,4;2,4;Baja;Revisión manual. Punto fuerte: encaje con el rol.;Acreditar Empatía: la vacante lo pide y no figura en el CV.;37af7efae85839558568edaf5c1584f8
2970;65;82;4;23/09/2026;4;2;5;3;3;3,3;3,3;Media;Revisión manual. Punto fuerte: experiencia.;Acreditar AutoCAD: la vacante lo pide y no figura en el CV.;3cb0682fe51ea684660b1b35c056b93a
2971;142;164;3;23/09/2026;3;2;4;2;2;2,3;2,3;Baja;Revisión manual. Punto fuerte: encaje con el rol.;Acreditar Resolución de problemas: la vacante lo pide y no figura en el CV.;e1fbe01088205acf3b93e7e64d89d141
2972;44;58;4;23/09/2026;2;2;2;4;1;2,1;2,1;Baja;Revisión manual. Punto fuerte: retribución.;Acreditar Microsoft Office: la vacante lo pide y no figura en el CV.;2fd67b166cd5705953353f5169d02f1f
2973;136;120;1;24/09/2026;3;1;2;4;2;2,7;2,3;Baja;Punto fuerte: retribución. Cubre Euskera. Punto débil: habilidades pedidas: le falta Pensamiento crítico, Análisis estadístico.;Acreditar Pensamiento crítico: la vacante lo pide y no figura en el CV.;93b8c696e0f7935fa8ed76fd3fea1bd4
2974;54;68;1;24/09/2026;4;1;3;5;2;3,4;3,2;Media;Punto fuerte: retribución. No acredita a buen nivel ninguna de las habilidades pedidas. Punto débil: habilidades pedidas: le falta Diseño gráfico, Atención al detalle.;Acreditar Diseño gráfico: la vacante lo pide y no figura en el CV.;859984ad4520ebcdd0cd73c27c6bb5b8
2975;41;22;1;24/09/2026;2;2;3;3;3;3,5;3,8;Media;Punto fuerte: experiencia. No acredita a buen nivel ninguna de las habilidades pedidas. Punto débil: encaje con el rol.;Acreditar Soldadura: la vacante lo pide y no figura en el CV.;cf600c52e19afdd30ba63b45cec43695
2976;112;159;1;24/09/2026;5;1;1;3;2;3,0;2,8;Media;Punto fuerte: encaje con el rol. No acredita a buen nivel ninguna de las habilidades pedidas. Punto débil: habilidades pedidas: le falta Pensamiento crítico, Power BI.;Acreditar Pensamiento crítico: la vacante lo pide y no figura en el CV.;386e85cee8443f469279f9dcd8990713
2977;190;20;1;24/09/2026;5;2;4;1;3;3,6;3,4;Media;Punto fuerte: encaje con el rol. Cubre Euskera. Punto débil: retribución.;Acreditar Odoo: la vacante lo pide y no figura en el CV.;b4c2c4fad2fd18c9700ca21dfa73cd65
2978;45;214;1;24/09/2026;2;1;4;4;3;3,1;3,4;Media;Punto fuerte: experiencia. Cubre Euskera. Punto débil: habilidades pedidas: le falta Creatividad, Figma.;Acreditar Creatividad: la vacante lo pide y no figura en el CV.;79696bcf14d19d8cc255fccfe9b7752e
2979;196;245;1;24/09/2026;3;1;1;5;2;2,7;3,1;Baja;Punto fuerte: retribución. No acredita a buen nivel ninguna de las habilidades pedidas. Punto débil: habilidades pedidas: le falta Resolución de problemas, Gestión de proyectos.;Acreditar Resolución de problemas: la vacante lo pide y no figura en el CV.;2da03ddbeae874c5ecb67ba539526cc3
2980;195;47;1;24/09/2026;2;1;5;3;2;2,7;2,8;Baja;Punto fuerte: experiencia. Cubre Euskera. Punto débil: habilidades pedidas: le falta Figma, Creatividad.;Acreditar Figma: la vacante lo pide y no figura en el CV.;1968db4e149cf0647c1a71573456b344
2981;200;100;1;24/09/2026;3;1;5;5;2;2,6;2,3;Baja;Punto fuerte: experiencia. No acredita a buen nivel ninguna de las habilidades pedidas. Punto débil: habilidades pedidas: le falta Atención al cliente, Microsoft Office.;Acreditar Atención al cliente: la vacante lo pide y no figura en el CV.;9349e5d3eea543c3dba4fc70654d25c0
2982;196;82;1;24/09/2026;2;1;2;2;2;2,2;2,8;Baja;Sin puntos fuertes claros para este puesto. No acredita a buen nivel ninguna de las habilidades pedidas. Punto débil: habilidades pedidas: le falta Diseño gráfico, AutoCAD.;Acreditar Diseño gráfico: la vacante lo pide y no figura en el CV.;2da03ddbeae874c5ecb67ba539526cc3
2983;180;174;1;24/09/2026;5;3;3;1;3;4,0;3,8;Alta;Punto fuerte: encaje con el rol. Cubre Empatía, Microsoft Office. Punto débil: retribución.;Acreditar Negociación: la vacante lo pide y no figura en el CV.;c4df8a0ce8a53a0d50c86652899e74ad
2984;44;164;1;24/09/2026;2;1;3;1;1;2,1;2,3;Baja;Punto fuerte: experiencia. No acredita a buen nivel ninguna de las habilidades pedidas. Punto débil: habilidades pedidas: le falta Resolución de problemas, Prevención de riesgos.;Acreditar Resolución de problemas: la vacante lo pide y no figura en el CV.;2fd67b166cd5705953353f5169d02f1f
2985;194;77;1;24/09/2026;1;1;3;3;1;2,2;2,4;Baja;Punto fuerte: experiencia. No acredita a buen nivel ninguna de las habilidades pedidas. Punto débil: encaje con el rol.;Acreditar HubSpot: la vacante lo pide y no figura en el CV.;f870823cf1318b3f89ac9661fa080e2b
2986;187;129;1;24/09/2026;2;1;2;4;2;2,9;2,7;Baja;Punto fuerte: retribución. No acredita a buen nivel ninguna de las habilidades pedidas. Punto débil: habilidades pedidas: le falta Salesforce, Negociación.;Acreditar Salesforce: la vacante lo pide y no figura en el CV.;9ab3df22a8e663cc4b1cbe2dceb6ddef
2987;151;82;1;24/09/2026;2;1;2;2;1;2,2;2,6;Baja;Sin puntos fuertes claros para este puesto. No acredita a buen nivel ninguna de las habilidades pedidas. Punto débil: habilidades pedidas: le falta Diseño gráfico, AutoCAD.;Acreditar Diseño gráfico: la vacante lo pide y no figura en el CV.;860fef57e449c16290ec480422622568
2988;197;224;1;24/09/2026;3;1;4;4;2;2,8;2,6;Baja;Punto fuerte: experiencia. No acredita a buen nivel ninguna de las habilidades pedidas. Punto débil: habilidades pedidas: le falta Java, JavaScript.;Acreditar Java: la vacante lo pide y no figura en el CV.;194204f287aa8bd51667b5c2ecbcb0f4
2989;155;68;1;24/09/2026;1;1;1;5;1;1,4;1,5;Baja;Punto fuerte: retribución. No acredita a buen nivel ninguna de las habilidades pedidas. Punto débil: encaje con el rol.;Acreditar Diseño gráfico: la vacante lo pide y no figura en el CV.;3daea981a217068fe0d70fc6d50ff35f
2990;199;181;1;24/09/2026;4;2;5;3;4;3,9;3,5;Media;Punto fuerte: experiencia. Cubre Autonomía. Punto débil: habilidades pedidas: le falta Prevención de riesgos, Soldadura.;Acreditar Prevención de riesgos: la vacante lo pide y no figura en el CV.;e9c8e60139c9cefab5fa4b719561bbdf
2991;21;22;1;24/09/2026;4;3;1;3;3;3,8;3,8;Media;Punto fuerte: encaje con el rol. Cubre Prevención de riesgos. Punto débil: experiencia.;Acreditar Soldadura: la vacante lo pide y no figura en el CV.;e474a22c958190bad25d49ed5c04aaf3
2992;1;2;1;24/09/2026;2;2;3;5;3;3,2;3,4;Media;Punto fuerte: retribución. No acredita a buen nivel ninguna de las habilidades pedidas. Punto débil: encaje con el rol.;Acreditar Soldadura: la vacante lo pide y no figura en el CV.;a1bec3d7b0af64b7b136dfd2d05d6fb7
2993;89;43;1;24/09/2026;4;3;2;5;3;3,4;3,3;Media;Punto fuerte: retribución. Cubre Docker. Punto débil: experiencia.;Acreditar Redes: la vacante lo pide y no figura en el CV.;e55d60a89641a3f36c331a954f73d14f
2994;193;247;1;24/09/2026;5;1;2;2;3;3,3;3,3;Media;Punto fuerte: encaje con el rol. No acredita a buen nivel ninguna de las habilidades pedidas. Punto débil: habilidades pedidas: le falta Negociación, Atención al cliente.;Acreditar Negociación: la vacante lo pide y no figura en el CV.;b414c0d0e0bd046b669b1f02cfca3ad1
2995;175;21;1;24/09/2026;3;2;3;1;3;3,2;3,2;Media;Punto fuerte: encaje con el rol. No acredita a buen nivel ninguna de las habilidades pedidas. Punto débil: retribución.;Acreditar Odoo: la vacante lo pide y no figura en el CV.;743e2a567ed80dee9d1d0fa7f9675c02
2996;86;8;1;24/09/2026;4;3;2;5;3;4,1;4,4;Alta;Punto fuerte: retribución. Cubre Empatía, Creatividad. Punto débil: experiencia.;Acreditar Comunicación: la vacante lo pide y no figura en el CV.;82e41edab78b099f53a87437726ed822
2997;160;214;1;24/09/2026;4;1;4;3;3;3,3;3,0;Media;Punto fuerte: encaje con el rol. Cubre Figma. Punto débil: habilidades pedidas: le falta Creatividad, Empatía.;Acreditar Creatividad: la vacante lo pide y no figura en el CV.;f9fae36eb913d8400aef78c996db9518
2998;199;100;1;24/09/2026;3;1;5;1;2;2,9;2,8;Baja;Punto fuerte: experiencia. No acredita a buen nivel ninguna de las habilidades pedidas. Punto débil: habilidades pedidas: le falta Atención al cliente, Microsoft Office.;Acreditar Atención al cliente: la vacante lo pide y no figura en el CV.;e9c8e60139c9cefab5fa4b719561bbdf
2999;30;166;1;24/09/2026;1;1;2;1;2;2,2;2,1;Baja;Sin puntos fuertes claros para este puesto. No acredita a buen nivel ninguna de las habilidades pedidas. Punto débil: encaje con el rol.;Acreditar Trabajo en equipo: la vacante lo pide y no figura en el CV.;fdb15b3bc12281881d7d7b584622407a
3000;61;108;1;24/09/2026;4;1;3;1;2;2,7;2,5;Baja;Punto fuerte: encaje con el rol. Cubre Soldadura. Punto débil: habilidades pedidas: le falta Autonomía, Prevención de riesgos.;Acreditar Autonomía: la vacante lo pide y no figura en el CV.;d7a2a9311dd06523dd3279716cd6f7c7
3001;173;135;1;24/09/2026;2;2;5;1;3;2,7;2,8;Baja;Punto fuerte: experiencia. Cubre Autonomía. Punto débil: retribución.;Acreditar Prevención de riesgos: la vacante lo pide y no figura en el CV.;cef10ca99a3e1958919242477f4ccca8
3002;199;250;1;24/09/2026;4;1;5;1;3;3,2;3,0;Media;Punto fuerte: experiencia. No acredita a buen nivel ninguna de las habilidades pedidas. Punto débil: habilidades pedidas: le falta Atención al cliente, Euskera.;Acreditar Atención al cliente: la vacante lo pide y no figura en el CV.;e9c8e60139c9cefab5fa4b719561bbdf
3003;14;89;1;24/09/2026;5;3;5;2;4;4,6;4,7;Alta;Punto fuerte: encaje con el rol. Cubre AutoCAD. Punto débil: retribución.;Acreditar Gestión de proyectos: la vacante lo pide y no figura en el CV.;885480c884ed8190dc3fb64ffb791b29
3004;196;102;1;24/09/2026;2;1;1;5;2;2,5;2,8;Baja;Punto fuerte: retribución. No acredita a buen nivel ninguna de las habilidades pedidas. Punto débil: habilidades pedidas: le falta Excel avanzado, Gestión de proyectos.;Acreditar Excel avanzado: la vacante lo pide y no figura en el CV.;2da03ddbeae874c5ecb67ba539526cc3
3005;156;5;1;24/09/2026;3;2;3;2;2;3,4;3,4;Media;Punto fuerte: encaje con el rol. No acredita a buen nivel ninguna de las habilidades pedidas. Punto débil: habilidades pedidas: le falta Trabajo bajo presión, Atención al cliente.;Acreditar Trabajo bajo presión: la vacante lo pide y no figura en el CV.;a566a04df4a6ac6960076b84a0fa9402
3006;193;139;1;24/09/2026;1;2;5;3;2;2,7;2,8;Baja;Punto fuerte: experiencia. Cubre Inglés. Punto débil: encaje con el rol.;Acreditar Negociación: la vacante lo pide y no figura en el CV.;b414c0d0e0bd046b669b1f02cfca3ad1
3007;132;19;1;24/09/2026;3;1;2;3;3;2,9;3,3;Baja;Punto fuerte: encaje con el rol. No acredita a buen nivel ninguna de las habilidades pedidas. Punto débil: habilidades pedidas: le falta Git, Docker.;Acreditar Git: la vacante lo pide y no figura en el CV.;2ecb9edf8ba799d8e907738b02e00593
3008;32;120;1;24/09/2026;5;4;3;3;4;4,9;4,8;Alta;Punto fuerte: encaje con el rol. Cubre Pensamiento crítico, Análisis estadístico, Euskera. Punto débil: experiencia.;Subir Atención al detalle de nivel 2 a 3.;75dca3528dcbd1edfbded4bb0601c459
3009;88;58;1;24/09/2026;5;1;5;3;3;3,5;3,5;Media;Punto fuerte: encaje con el rol. Cubre Euskera. Punto débil: habilidades pedidas: le falta Organización, Odoo.;Acreditar Organización: la vacante lo pide y no figura en el CV.;003d3d1722fa228dec7454b99b38765f
3010;193;104;1;24/09/2026;3;2;3;3;3;3,6;3,7;Media;Punto fuerte: encaje con el rol. Cubre Excel avanzado. Punto débil: habilidades pedidas: le falta Análisis estadístico, Python.;Acreditar Análisis estadístico: la vacante lo pide y no figura en el CV.;b414c0d0e0bd046b669b1f02cfca3ad1
3011;189;135;1;24/09/2026;2;1;5;1;3;2,6;2,4;Baja;Punto fuerte: experiencia. No acredita a buen nivel ninguna de las habilidades pedidas. Punto débil: habilidades pedidas: le falta Prevención de riesgos, Soldadura.;Acreditar Prevención de riesgos: la vacante lo pide y no figura en el CV.;03e11387ad59534c9318c38a033203c9
3012;125;22;1;24/09/2026;2;1;3;3;2;2,5;2,3;Baja;Punto fuerte: experiencia. No acredita a buen nivel ninguna de las habilidades pedidas. Punto débil: habilidades pedidas: le falta Soldadura, Autonomía.;Acreditar Soldadura: la vacante lo pide y no figura en el CV.;53a01c275e45eeaf2f82fc44b80aed50
3013;107;22;1;24/09/2026;3;1;3;3;2;2,7;2,5;Baja;Punto fuerte: encaje con el rol. No acredita a buen nivel ninguna de las habilidades pedidas. Punto débil: habilidades pedidas: le falta Soldadura, Autonomía.;Acreditar Soldadura: la vacante lo pide y no figura en el CV.;018a507c8bc3280d933488b584add926
3014;59;68;1;24/09/2026;2;1;1;3;1;2,1;1,8;Baja;Punto fuerte: retribución. No acredita a buen nivel ninguna de las habilidades pedidas. Punto débil: habilidades pedidas: le falta Diseño gráfico, Atención al detalle.;Acreditar Diseño gráfico: la vacante lo pide y no figura en el CV.;76c5a1f362a8c28dc86ec1e008398a92
3015;192;54;1;24/09/2026;5;1;5;3;3;3,5;3,8;Media;Punto fuerte: encaje con el rol. Cubre HubSpot. Punto débil: habilidades pedidas: le falta Google Analytics, Creatividad.;Acreditar Google Analytics: la vacante lo pide y no figura en el CV.;1a56096de0eea9213605f27f44d68f73
3016;192;114;1;24/09/2026;5;2;5;3;3;4,3;4,0;Alta;Punto fuerte: encaje con el rol. Cubre Negociación, Atención al cliente. Punto débil: habilidades pedidas: le falta Salesforce, Orientación a resultados.;Acreditar Salesforce: la vacante lo pide y no figura en el CV.;1a56096de0eea9213605f27f44d68f73
3017;178;84;1;24/09/2026;1;2;5;1;2;2,4;2,7;Baja;Punto fuerte: experiencia. Cubre Comunicación, Inglés. Punto débil: encaje con el rol.;Acreditar Pensamiento crítico: la vacante lo pide y no figura en el CV.;8dfeba13f28d7b423b7f03c196224393
3018;180;216;1;24/09/2026;5;2;4;1;3;3,5;3,5;Media;Punto fuerte: encaje con el rol. Cubre Organización, Microsoft Office. Punto débil: retribución.;Acreditar Odoo: la vacante lo pide y no figura en el CV.;c4df8a0ce8a53a0d50c86652899e74ad
3019;26;43;1;24/09/2026;4;1;1;2;1;2,1;2,2;Baja;Punto fuerte: encaje con el rol. No acredita a buen nivel ninguna de las habilidades pedidas. Punto débil: habilidades pedidas: le falta Redes, Docker.;Acreditar Redes: la vacante lo pide y no figura en el CV.;e18d57d93e73503c7ab01f43e67c99b0
3020;43;68;1;24/09/2026;5;2;2;5;3;3,7;3,3;Media;Punto fuerte: encaje con el rol. Cubre Atención al detalle. Punto débil: habilidades pedidas: le falta Diseño gráfico, AutoCAD.;Acreditar Diseño gráfico: la vacante lo pide y no figura en el CV.;9defc6717147945ac3ef5433653b5bd3
3021;187;2;1;24/09/2026;2;1;1;3;1;2,4;2,6;Baja;Punto fuerte: retribución. No acredita a buen nivel ninguna de las habilidades pedidas. Punto débil: habilidades pedidas: le falta Soldadura, Autonomía.;Acreditar Soldadura: la vacante lo pide y no figura en el CV.;9ab3df22a8e663cc4b1cbe2dceb6ddef
3022;178;165;1;24/09/2026;1;2;5;1;2;2,8;2,5;Baja;Punto fuerte: experiencia. No acredita a buen nivel ninguna de las habilidades pedidas. Punto débil: encaje con el rol.;Acreditar Autonomía: la vacante lo pide y no figura en el CV.;8dfeba13f28d7b423b7f03c196224393
3023;199;22;1;24/09/2026;4;2;5;3;3;4,4;4,3;Alta;Punto fuerte: experiencia. Cubre Autonomía. Punto débil: habilidades pedidas: le falta Soldadura, Prevención de riesgos.;Acreditar Soldadura: la vacante lo pide y no figura en el CV.;e9c8e60139c9cefab5fa4b719561bbdf
3024;199;12;1;24/09/2026;1;2;4;3;2;2,4;2,2;Baja;Punto fuerte: experiencia. No acredita a buen nivel ninguna de las habilidades pedidas. Punto débil: encaje con el rol.;Acreditar Análisis estadístico: la vacante lo pide y no figura en el CV.;e9c8e60139c9cefab5fa4b719561bbdf
3025;87;120;1;24/09/2026;2;1;5;5;2;3,0;2,9;Media;Punto fuerte: experiencia. No acredita a buen nivel ninguna de las habilidades pedidas. Punto débil: habilidades pedidas: le falta Pensamiento crítico, Análisis estadístico.;Acreditar Pensamiento crítico: la vacante lo pide y no figura en el CV.;89728c973c760f1cb456fcbc23c4b8e8
3026;162;2;1;24/09/2026;1;1;1;5;1;2,1;1,7;Baja;Punto fuerte: retribución. No acredita a buen nivel ninguna de las habilidades pedidas. Punto débil: encaje con el rol.;Acreditar Soldadura: la vacante lo pide y no figura en el CV.;f9238315c503426a5187792f7e358491
3027;38;43;1;24/09/2026;1;1;3;4;1;2,0;2,0;Baja;Punto fuerte: retribución. No acredita a buen nivel ninguna de las habilidades pedidas. Punto débil: encaje con el rol.;Acreditar Redes: la vacante lo pide y no figura en el CV.;68f33e0ca8603c304a1b18b11dfd0464
3028;191;57;1;24/09/2026;4;1;3;2;2;2,6;2,5;Baja;Punto fuerte: encaje con el rol. Cubre Atención al cliente, Negociación. Punto débil: habilidades pedidas: le falta Orientación a resultados, Salesforce.;Acreditar Orientación a resultados: la vacante lo pide y no figura en el CV.;f532035cc6b29987cac3fa21883f1e99
3029;159;166;1;24/09/2026;5;1;4;4;2;3,6;3,6;Media;Punto fuerte: encaje con el rol. Cubre Logística. Punto débil: habilidades pedidas: le falta Trabajo en equipo, SAP.;Acreditar Trabajo en equipo: la vacante lo pide y no figura en el CV.;b1bdb644996d3212d5a36bf6de031257
3030;200;199;1;24/09/2026;4;1;5;5;3;3,4;3,0;Media;Punto fuerte: experiencia. Cubre Inglés. Punto débil: habilidades pedidas: le falta Análisis estadístico, Pensamiento crítico.;Acreditar Análisis estadístico: la vacante lo pide y no figura en el CV.;9349e5d3eea543c3dba4fc70654d25c0
3031;186;244;1;24/09/2026;5;3;5;4;4;4,4;4,5;Alta;Punto fuerte: encaje con el rol. Cubre AutoCAD, Atención al detalle. Punto débil: habilidades pedidas: le falta Diseño gráfico.;Acreditar Diseño gráfico: la vacante lo pide y no figura en el CV.;35dd06e396c18de1a9dc3cfc544ae5ef
3032;53;120;1;24/09/2026;2;1;5;5;2;2,8;3,2;Baja;Punto fuerte: experiencia. No acredita a buen nivel ninguna de las habilidades pedidas. Punto débil: habilidades pedidas: le falta Pensamiento crítico, Análisis estadístico.;Acreditar Pensamiento crítico: la vacante lo pide y no figura en el CV.;d7dc5213f05e3731c1548793a9af61e6
3033;3;207;1;24/09/2026;5;4;1;2;3;4,4;4,1;Alta;Punto fuerte: encaje con el rol. Cubre Negociación, Microsoft Office. Punto débil: experiencia.;Acreditar Comunicación: la vacante lo pide y no figura en el CV.;41639786d6f8a244b34cde0b836e6d9c
3034;65;108;1;24/09/2026;5;1;5;1;3;3,5;3,2;Media;Punto fuerte: encaje con el rol. Cubre Autonomía. Punto débil: habilidades pedidas: le falta Prevención de riesgos, Soldadura.;Acreditar Prevención de riesgos: la vacante lo pide y no figura en el CV.;3cb0682fe51ea684660b1b35c056b93a
3035;167;185;1;24/09/2026;5;2;1;3;3;3,6;3,3;Media;Punto fuerte: encaje con el rol. Cubre Organización. Punto débil: experiencia.;Acreditar Atención al cliente: la vacante lo pide y no figura en el CV.;919baa73559e41873c94236e23ca3178
3036;58;202;1;24/09/2026;2;1;2;5;2;2,6;2,3;Baja;Punto fuerte: retribución. Cubre Excel avanzado. Punto débil: habilidades pedidas: le falta Atención al detalle, SAP.;Acreditar Atención al detalle: la vacante lo pide y no figura en el CV.;f32dca8b4bbeaf7b99a5388a3ee25d05
3037;197;216;1;24/09/2026;2;1;4;4;3;3,0;3,0;Media;Punto fuerte: experiencia. No acredita a buen nivel ninguna de las habilidades pedidas. Punto débil: habilidades pedidas: le falta Organización, Odoo.;Acreditar Organización: la vacante lo pide y no figura en el CV.;194204f287aa8bd51667b5c2ecbcb0f4
3038;10;18;1;24/09/2026;2;2;5;3;3;3,4;3,9;Media;Punto fuerte: experiencia. No acredita a buen nivel ninguna de las habilidades pedidas. Punto débil: encaje con el rol.;Acreditar Empatía: la vacante lo pide y no figura en el CV.;5dc3326fef2f12734c32694a65dda3fb
3039;191;36;1;24/09/2026;2;1;3;2;2;2,2;2,2;Baja;Punto fuerte: experiencia. Cubre Organización. Punto débil: habilidades pedidas: le falta SAP, Logística.;Acreditar SAP: la vacante lo pide y no figura en el CV.;f532035cc6b29987cac3fa21883f1e99
3040;27;214;1;24/09/2026;4;1;4;3;2;3,2;3,1;Media;Punto fuerte: encaje con el rol. Cubre Euskera. Punto débil: habilidades pedidas: le falta Creatividad, Figma.;Acreditar Creatividad: la vacante lo pide y no figura en el CV.;a0489a87a3728bb0e3d150e106c9569a
3041;199;230;1;24/09/2026;4;1;5;1;2;3,1;2,7;Media;Punto fuerte: experiencia. No acredita a buen nivel ninguna de las habilidades pedidas. Punto débil: habilidades pedidas: le falta SAP, Logística.;Acreditar SAP: la vacante lo pide y no figura en el CV.;e9c8e60139c9cefab5fa4b719561bbdf
3042;105;166;1;24/09/2026;3;2;4;3;2;3,2;3,5;Media;Punto fuerte: experiencia. No acredita a buen nivel ninguna de las habilidades pedidas. Punto débil: habilidades pedidas: le falta Trabajo en equipo, Logística.;Acreditar Trabajo en equipo: la vacante lo pide y no figura en el CV.;b6452daf8fd3171fbc538805a9f31fb3
3043;182;10;1;24/09/2026;2;1;4;3;2;2,8;2,8;Baja;Punto fuerte: experiencia. No acredita a buen nivel ninguna de las habilidades pedidas. Punto débil: habilidades pedidas: le falta Resolución de problemas, Prevención de riesgos.;Acreditar Resolución de problemas: la vacante lo pide y no figura en el CV.;5ec1d20b33af576293bdd88cff5b704e
3044;18;8;1;24/09/2026;2;2;3;3;3;2,9;3,1;Baja;Punto fuerte: experiencia. Cubre Euskera. Punto débil: encaje con el rol.;Acreditar Empatía: la vacante lo pide y no figura en el CV.;f75337c1535cca7acdd8d464a5086ad5
3045;191;194;1;24/09/2026;2;1;5;1;2;2,5;2,1;Baja;Punto fuerte: experiencia. No acredita a buen nivel ninguna de las habilidades pedidas. Punto débil: habilidades pedidas: le falta Mecanizado CNC, Prevención de riesgos.;Acreditar Mecanizado CNC: la vacante lo pide y no figura en el CV.;f532035cc6b29987cac3fa21883f1e99
3046;192;170;1;24/09/2026;5;2;4;3;3;4,2;4,1;Alta;Punto fuerte: encaje con el rol. Cubre Empatía. Punto débil: habilidades pedidas: le falta Figma, Creatividad.;Acreditar Figma: la vacante lo pide y no figura en el CV.;1a56096de0eea9213605f27f44d68f73
3047;197;43;1;24/09/2026;2;1;3;5;2;2,7;2,6;Baja;Punto fuerte: retribución. No acredita a buen nivel ninguna de las habilidades pedidas. Punto débil: habilidades pedidas: le falta Redes, Docker.;Acreditar Redes: la vacante lo pide y no figura en el CV.;194204f287aa8bd51667b5c2ecbcb0f4
3048;156;68;1;24/09/2026;5;4;2;4;3;4,0;4,0;Alta;Punto fuerte: encaje con el rol. Cubre Diseño gráfico, AutoCAD. Punto débil: experiencia.;Acreditar Atención al detalle: la vacante lo pide y no figura en el CV.;a566a04df4a6ac6960076b84a0fa9402
3049;41;82;1;24/09/2026;5;3;4;3;4;4,3;4,0;Alta;Punto fuerte: encaje con el rol. Cubre AutoCAD, Atención al detalle. Punto débil: habilidades pedidas: le falta Diseño gráfico.;Acreditar Diseño gráfico: la vacante lo pide y no figura en el CV.;cf600c52e19afdd30ba63b45cec43695
3050;142;120;1;24/09/2026;4;2;2;5;3;3,5;3,1;Media;Punto fuerte: retribución. No acredita a buen nivel ninguna de las habilidades pedidas. Punto débil: habilidades pedidas: le falta Pensamiento crítico, Análisis estadístico.;Acreditar Pensamiento crítico: la vacante lo pide y no figura en el CV.;e1fbe01088205acf3b93e7e64d89d141
3051;188;224;1;24/09/2026;5;2;3;4;3;4,0;4,0;Alta;Punto fuerte: encaje con el rol. Cubre Java. Punto débil: habilidades pedidas: le falta JavaScript, Git.;Acreditar JavaScript: la vacante lo pide y no figura en el CV.;5109213b8d6556e08e4482d4439bedd3
3052;46;69;1;24/09/2026;2;1;4;1;1;2,3;2,2;Baja;Punto fuerte: experiencia. No acredita a buen nivel ninguna de las habilidades pedidas. Punto débil: habilidades pedidas: le falta Odoo, Microsoft Office.;Acreditar Odoo: la vacante lo pide y no figura en el CV.;bd22d806c7aa9abe89853a933bae69c6
3053;177;146;1;24/09/2026;3;1;4;1;2;2,1;2,1;Baja;Punto fuerte: experiencia. No acredita a buen nivel ninguna de las habilidades pedidas. Punto débil: habilidades pedidas: le falta JavaScript, Git.;Acreditar JavaScript: la vacante lo pide y no figura en el CV.;9d1640cabbe0740641702ecf5805ea48
3054;179;122;1;24/09/2026;5;2;4;5;4;4,5;4,2;Alta;Punto fuerte: encaje con el rol. Cubre Autonomía, Resolución de problemas. Punto débil: habilidades pedidas: le falta Prevención de riesgos, Mecanizado CNC.;Acreditar Prevención de riesgos: la vacante lo pide y no figura en el CV.;56ac0de771a0f0e6e71b1c649fc69677
3055;199;194;1;24/09/2026;4;2;5;2;4;3,7;3,7;Media;Punto fuerte: experiencia. No acredita a buen nivel ninguna de las habilidades pedidas. Punto débil: habilidades pedidas: le falta Prevención de riesgos, Trabajo en equipo.;Acreditar Prevención de riesgos: la vacante lo pide y no figura en el CV.;e9c8e60139c9cefab5fa4b719561bbdf
3056;182;222;1;24/09/2026;2;1;3;3;2;2,7;3,0;Baja;Punto fuerte: experiencia. No acredita a buen nivel ninguna de las habilidades pedidas. Punto débil: habilidades pedidas: le falta Prevención de riesgos, Soldadura.;Acreditar Prevención de riesgos: la vacante lo pide y no figura en el CV.;5ec1d20b33af576293bdd88cff5b704e
3057;173;44;1;24/09/2026;5;3;3;3;3;4,3;4,2;Alta;Punto fuerte: encaje con el rol. Cubre Creatividad, Euskera. Punto débil: habilidades pedidas: le falta Google Analytics.;Acreditar Google Analytics: la vacante lo pide y no figura en el CV.;cef10ca99a3e1958919242477f4ccca8
3058;177;69;1;24/09/2026;2;2;4;1;3;2,7;2,8;Baja;Punto fuerte: experiencia. No acredita a buen nivel ninguna de las habilidades pedidas. Punto débil: retribución.;Acreditar Odoo: la vacante lo pide y no figura en el CV.;9d1640cabbe0740641702ecf5805ea48
3059;38;207;1;24/09/2026;5;3;4;2;4;4,1;3,6;Alta;Punto fuerte: encaje con el rol. Cubre Negociación. Punto débil: retribución.;Acreditar Microsoft Office: la vacante lo pide y no figura en el CV.;68f33e0ca8603c304a1b18b11dfd0464
3060;97;89;1;24/09/2026;2;1;3;3;2;2,4;2,4;Baja;Punto fuerte: experiencia. No acredita a buen nivel ninguna de las habilidades pedidas. Punto débil: habilidades pedidas: le falta Gestión de proyectos, SAP.;Acreditar Gestión de proyectos: la vacante lo pide y no figura en el CV.;d508c96e4333f9d60045fde2eabe6d65
3061;200;228;1;24/09/2026;2;1;5;1;3;2,8;3,1;Baja;Punto fuerte: experiencia. No acredita a buen nivel ninguna de las habilidades pedidas. Punto débil: habilidades pedidas: le falta Microsoft Office, Comunicación.;Acreditar Microsoft Office: la vacante lo pide y no figura en el CV.;9349e5d3eea543c3dba4fc70654d25c0
3062;190;68;1;24/09/2026;2;1;3;2;1;2,4;2,5;Baja;Punto fuerte: experiencia. No acredita a buen nivel ninguna de las habilidades pedidas. Punto débil: habilidades pedidas: le falta Diseño gráfico, Atención al detalle.;Acreditar Diseño gráfico: la vacante lo pide y no figura en el CV.;b4c2c4fad2fd18c9700ca21dfa73cd65
3063;55;107;1;24/09/2026;4;2;1;4;2;3,0;2,9;Media;Punto fuerte: encaje con el rol. Cubre Prevención de riesgos. Punto débil: experiencia.;Acreditar Soldadura: la vacante lo pide y no figura en el CV.;bdc486f200cf51150a14741a79615248
3064;2;179;1;24/09/2026;2;2;3;2;4;3,0;3,6;Media;Punto fuerte: probabilidad de entrevista. No acredita a buen nivel ninguna de las habilidades pedidas. Punto débil: encaje con el rol.;Acreditar Negociación: la vacante lo pide y no figura en el CV.;ff6a94069d1ee9118029d75b03c2d938
3065;174;228;1;24/09/2026;2;1;5;1;2;2,2;2,5;Baja;Punto fuerte: experiencia. No acredita a buen nivel ninguna de las habilidades pedidas. Punto débil: habilidades pedidas: le falta Microsoft Office, Comunicación.;Acreditar Microsoft Office: la vacante lo pide y no figura en el CV.;64b84413e08ce6c68dd560ab2f1d283e
3066;127;68;1;24/09/2026;5;3;1;3;3;3,9;3,6;Media;Punto fuerte: encaje con el rol. Cubre Atención al detalle, AutoCAD. Punto débil: experiencia.;Acreditar Diseño gráfico: la vacante lo pide y no figura en el CV.;c84a1f2aca07835f87348ad25d5788ce
3067;18;18;1;24/09/2026;5;2;4;3;4;4,1;3,9;Alta;Punto fuerte: encaje con el rol. Cubre Atención al cliente. Punto débil: habilidades pedidas: le falta Empatía, Trabajo bajo presión.;Acreditar Empatía: la vacante lo pide y no figura en el CV.;f75337c1535cca7acdd8d464a5086ad5
3068;198;114;1;24/09/2026;5;2;5;3;4;4,2;3,8;Alta;Punto fuerte: encaje con el rol. Cubre Orientación a resultados. Punto débil: habilidades pedidas: le falta Salesforce, Negociación.;Acreditar Salesforce: la vacante lo pide y no figura en el CV.;e47c78d1ed201a03d8f1b1585d0213e8
3069;189;2;1;24/09/2026;2;1;3;1;2;2,2;2,2;Baja;Punto fuerte: experiencia. No acredita a buen nivel ninguna de las habilidades pedidas. Punto débil: habilidades pedidas: le falta Soldadura, Autonomía.;Acreditar Soldadura: la vacante lo pide y no figura en el CV.;03e11387ad59534c9318c38a033203c9
3070;198;60;1;24/09/2026;3;2;5;3;2;3,1;2,6;Media;Punto fuerte: experiencia. No acredita a buen nivel ninguna de las habilidades pedidas. Punto débil: habilidades pedidas: le falta Prevención de riesgos, Mecanizado CNC.;Acreditar Prevención de riesgos: la vacante lo pide y no figura en el CV.;e47c78d1ed201a03d8f1b1585d0213e8
3071;163;214;1;24/09/2026;2;1;4;3;2;2,8;2,9;Baja;Punto fuerte: experiencia. Cubre Euskera. Punto débil: habilidades pedidas: le falta Creatividad, Figma.;Acreditar Creatividad: la vacante lo pide y no figura en el CV.;c4e4a07f0c05c8aa7e69aa67336b168e
3072;29;214;1;24/09/2026;2;1;4;3;1;2,0;2,3;Baja;Punto fuerte: experiencia. No acredita a buen nivel ninguna de las habilidades pedidas. Punto débil: habilidades pedidas: le falta Creatividad, Figma.;Acreditar Creatividad: la vacante lo pide y no figura en el CV.;b613a75bd33c952658043c1eb97e8249
3073;175;59;1;24/09/2026;2;1;2;5;1;2,3;2,2;Baja;Punto fuerte: retribución. No acredita a buen nivel ninguna de las habilidades pedidas. Punto débil: habilidades pedidas: le falta Excel avanzado, Power BI.;Acreditar Excel avanzado: la vacante lo pide y no figura en el CV.;743e2a567ed80dee9d1d0fa7f9675c02
3074;182;222;4;24/09/2026;1;1;3;2;2;2,6;2,6;Baja;Revisión manual. Punto fuerte: experiencia.;Acreditar Prevención de riesgos: la vacante lo pide y no figura en el CV.;5ec1d20b33af576293bdd88cff5b704e
3075;197;43;4;24/09/2026;2;1;4;5;2;3,1;3,1;Media;Revisión manual. Punto fuerte: retribución.;Acreditar Redes: la vacante lo pide y no figura en el CV.;194204f287aa8bd51667b5c2ecbcb0f4
3076;136;120;3;24/09/2026;3;1;2;4;3;3,2;3,2;Media;Revisión manual. Punto fuerte: retribución.;Acreditar Pensamiento crítico: la vacante lo pide y no figura en el CV.;93b8c696e0f7935fa8ed76fd3fea1bd4
3077;134;22;4;24/09/2026;3;3;3;4;2;3,5;3,5;Media;Revisión manual. Punto fuerte: encaje con el rol.;Acreditar Autonomía: la vacante lo pide y no figura en el CV.;c29ac152f61bae4151b5cd27508b247c
3078;31;197;3;24/09/2026;5;1;4;4;2;2,9;2,9;Baja;Revisión manual. Punto fuerte: encaje con el rol.;Acreditar Autonomía: la vacante lo pide y no figura en el CV.;f5bdd3f0eb3dad01d633b74b369c9125
3079;86;120;4;24/09/2026;1;2;1;5;2;2,5;2,5;Baja;Revisión manual. Punto fuerte: retribución.;Acreditar Pensamiento crítico: la vacante lo pide y no figura en el CV.;82e41edab78b099f53a87437726ed822
3080;191;36;4;24/09/2026;3;1;2;1;2;2,2;2,2;Baja;Revisión manual. Punto fuerte: experiencia.;Acreditar SAP: la vacante lo pide y no figura en el CV.;f532035cc6b29987cac3fa21883f1e99
3081;173;44;3;24/09/2026;5;3;3;3;3;4,5;4,5;Alta;Revisión manual. Punto fuerte: encaje con el rol.;Acreditar Google Analytics: la vacante lo pide y no figura en el CV.;cef10ca99a3e1958919242477f4ccca8
3082;184;194;3;24/09/2026;2;1;3;5;1;2,7;2,7;Baja;Revisión manual. Punto fuerte: retribución.;Acreditar Mecanizado CNC: la vacante lo pide y no figura en el CV.;93509b2332e6bca0da30657de730cbf8
3083;179;89;1;25/09/2026;5;1;5;1;3;3,2;3,2;Media;Punto fuerte: encaje con el rol. Cubre AutoCAD. Punto débil: habilidades pedidas: le falta Gestión de proyectos, SAP.;Acreditar Gestión de proyectos: la vacante lo pide y no figura en el CV.;56ac0de771a0f0e6e71b1c649fc69677
3084;37;68;1;25/09/2026;4;4;3;3;4;4,8;4,7;Alta;Punto fuerte: encaje con el rol. Cubre Diseño gráfico, Atención al detalle. Punto débil: experiencia.;Acreditar AutoCAD: la vacante lo pide y no figura en el CV.;31b3d37b09ab14302024065358c62f20
3085;161;17;1;25/09/2026;5;2;2;5;4;4,3;4,2;Alta;Punto fuerte: encaje con el rol. Cubre Negociación. Punto débil: habilidades pedidas: le falta Inglés, Pensamiento crítico.;Acreditar Inglés: la vacante lo pide y no figura en el CV.;0d8b6979fcb2a36e43ca75f4a7bb1976
3086;173;125;1;25/09/2026;2;1;3;4;2;2,7;2,9;Baja;Punto fuerte: retribución. No acredita a buen nivel ninguna de las habilidades pedidas. Punto débil: habilidades pedidas: le falta Gestión de proyectos, Comunicación.;Acreditar Gestión de proyectos: la vacante lo pide y no figura en el CV.;cef10ca99a3e1958919242477f4ccca8
3087;65;163;1;25/09/2026;2;1;5;1;2;2,4;2,3;Baja;Punto fuerte: experiencia. No acredita a buen nivel ninguna de las habilidades pedidas. Punto débil: habilidades pedidas: le falta Google Analytics, HubSpot.;Acreditar Google Analytics: la vacante lo pide y no figura en el CV.;3cb0682fe51ea684660b1b35c056b93a
3088;194;98;1;25/09/2026;2;1;3;3;2;2,4;2,9;Baja;Punto fuerte: experiencia. No acredita a buen nivel ninguna de las habilidades pedidas. Punto débil: habilidades pedidas: le falta Empatía, Trabajo bajo presión.;Acreditar Empatía: la vacante lo pide y no figura en el CV.;f870823cf1318b3f89ac9661fa080e2b
3089;13;18;1;25/09/2026;1;2;2;3;2;2,5;2,7;Baja;Punto fuerte: retribución. Cubre Atención al cliente. Punto débil: encaje con el rol.;Acreditar Empatía: la vacante lo pide y no figura en el CV.;378db114d70b4e32b39eb03832f54cb8
3090;185;37;1;25/09/2026;5;1;4;3;2;3,4;3,3;Media;Punto fuerte: encaje con el rol. No acredita a buen nivel ninguna de las habilidades pedidas. Punto débil: habilidades pedidas: le falta Git, Python.;Acreditar Git: la vacante lo pide y no figura en el CV.;fc06f86e721baba3dd9325dd3d7b7855
3091;102;170;1;25/09/2026;4;2;3;5;2;3,5;3,4;Media;Punto fuerte: retribución. Cubre Empatía, Creatividad. Punto débil: habilidades pedidas: le falta Figma, Photoshop.;Acreditar Figma: la vacante lo pide y no figura en el CV.;025b3b4f122944277d4e5de5758fb6c9
3092;197;207;1;25/09/2026;5;3;3;5;4;4,8;4,8;Alta;Punto fuerte: encaje con el rol. Cubre Negociación, Comunicación. Punto débil: habilidades pedidas: le falta Microsoft Office.;Acreditar Microsoft Office: la vacante lo pide y no figura en el CV.;194204f287aa8bd51667b5c2ecbcb0f4
3093;32;73;1;25/09/2026;3;2;3;3;3;3,2;3,5;Media;Punto fuerte: encaje con el rol. Cubre Euskera. Punto débil: habilidades pedidas: le falta Atención al cliente, Odoo.;Acreditar Atención al cliente: la vacante lo pide y no figura en el CV.;75dca3528dcbd1edfbded4bb0601c459
3094;187;154;1;25/09/2026;2;1;1;3;2;2,5;2,8;Baja;Punto fuerte: retribución. No acredita a buen nivel ninguna de las habilidades pedidas. Punto débil: habilidades pedidas: le falta Microsoft Office, Odoo.;Acreditar Microsoft Office: la vacante lo pide y no figura en el CV.;9ab3df22a8e663cc4b1cbe2dceb6ddef
3095;192;183;1;25/09/2026;5;2;5;3;3;4,3;4,0;Alta;Punto fuerte: encaje con el rol. Cubre Negociación, Atención al cliente. Punto débil: habilidades pedidas: le falta Orientación a resultados, Salesforce.;Acreditar Orientación a resultados: la vacante lo pide y no figura en el CV.;1a56096de0eea9213605f27f44d68f73
3096;172;68;1;25/09/2026;5;1;1;2;2;3,1;3,4;Media;Punto fuerte: encaje con el rol. No acredita a buen nivel ninguna de las habilidades pedidas. Punto débil: habilidades pedidas: le falta Diseño gráfico, Atención al detalle.;Acreditar Diseño gráfico: la vacante lo pide y no figura en el CV.;10804d48ed0564e525d98af0405d3845
3097;31;2;1;25/09/2026;5;2;3;3;3;3,8;3,3;Media;Punto fuerte: encaje con el rol. Cubre Soldadura. Punto débil: habilidades pedidas: le falta Autonomía, Prevención de riesgos.;Acreditar Autonomía: la vacante lo pide y no figura en el CV.;f5bdd3f0eb3dad01d633b74b369c9125
3098;175;229;1;25/09/2026;2;1;5;1;2;2,4;2,2;Baja;Punto fuerte: experiencia. No acredita a buen nivel ninguna de las habilidades pedidas. Punto débil: habilidades pedidas: le falta Excel avanzado, Contabilidad.;Acreditar Excel avanzado: la vacante lo pide y no figura en el CV.;743e2a567ed80dee9d1d0fa7f9675c02
3099;193;77;1;25/09/2026;2;1;5;1;2;2,7;2,7;Baja;Punto fuerte: experiencia. No acredita a buen nivel ninguna de las habilidades pedidas. Punto débil: habilidades pedidas: le falta HubSpot, Google Analytics.;Acreditar HubSpot: la vacante lo pide y no figura en el CV.;b414c0d0e0bd046b669b1f02cfca3ad1
3100;187;97;1;25/09/2026;5;4;1;3;3;4,1;4,2;Alta;Punto fuerte: encaje con el rol. Cubre SAP, Atención al detalle, Pensamiento crítico. Punto débil: experiencia.;Sumar experiencia práctica en el sector (prácticas o proyecto).;9ab3df22a8e663cc4b1cbe2dceb6ddef
3101;54;164;1;25/09/2026;5;2;4;2;3;3,7;4,0;Media;Punto fuerte: encaje con el rol. Cubre Resolución de problemas. Punto débil: habilidades pedidas: le falta Prevención de riesgos, Autonomía.;Acreditar Prevención de riesgos: la vacante lo pide y no figura en el CV.;859984ad4520ebcdd0cd73c27c6bb5b8
3102;102;98;1;25/09/2026;2;2;3;4;2;2,7;3,0;Baja;Punto fuerte: retribución. Cubre Empatía. Punto débil: encaje con el rol.;Acreditar Trabajo bajo presión: la vacante lo pide y no figura en el CV.;025b3b4f122944277d4e5de5758fb6c9
3103;192;44;1;25/09/2026;5;1;5;3;3;3,9;3,9;Media;Punto fuerte: encaje con el rol. No acredita a buen nivel ninguna de las habilidades pedidas. Punto débil: habilidades pedidas: le falta Google Analytics, Creatividad.;Acreditar Google Analytics: la vacante lo pide y no figura en el CV.;1a56096de0eea9213605f27f44d68f73
3104;28;207;1;25/09/2026;2;1;4;3;2;2,9;3,0;Baja;Punto fuerte: experiencia. No acredita a buen nivel ninguna de las habilidades pedidas. Punto débil: habilidades pedidas: le falta Negociación, Comunicación.;Acreditar Negociación: la vacante lo pide y no figura en el CV.;3d4aa4595655d0cacd2dda308651f1ce
3105;197;214;1;25/09/2026;2;2;5;3;2;3,1;3,0;Media;Punto fuerte: experiencia. Cubre Creatividad. Punto débil: encaje con el rol.;Acreditar Figma: la vacante lo pide y no figura en el CV.;194204f287aa8bd51667b5c2ecbcb0f4
3106;176;10;1;25/09/2026;3;2;1;4;3;2,9;3,1;Baja;Punto fuerte: retribución. Cubre Resolución de problemas. Punto débil: experiencia.;Acreditar Prevención de riesgos: la vacante lo pide y no figura en el CV.;1ced482c4510b4b52ad5c2f4003630db
3107;180;58;1;25/09/2026;5;2;4;1;3;4,0;3,8;Alta;Punto fuerte: encaje con el rol. Cubre Microsoft Office, Organización. Punto débil: retribución.;Acreditar Odoo: la vacante lo pide y no figura en el CV.;c4df8a0ce8a53a0d50c86652899e74ad
3108;177;214;1;25/09/2026;3;3;4;3;3;4,3;4,5;Alta;Punto fuerte: experiencia. Cubre Empatía, Euskera. Punto débil: encaje con el rol.;Acreditar Creatividad: la vacante lo pide y no figura en el CV.;9d1640cabbe0740641702ecf5805ea48
3109;74;68;1;25/09/2026;2;1;1;2;1;2,2;2,0;Baja;Sin puntos fuertes claros para este puesto. No acredita a buen nivel ninguna de las habilidades pedidas. Punto débil: habilidades pedidas: le falta Diseño gráfico, Atención al detalle.;Acreditar Diseño gráfico: la vacante lo pide y no figura en el CV.;670d890f4ae2ab6b18accfa8c5a36fe3
3110;167;206;1;25/09/2026;5;3;3;3;4;4,4;4,0;Alta;Punto fuerte: encaje con el rol. Cubre Organización. Punto débil: habilidades pedidas: le falta Atención al cliente, Microsoft Office.;Acreditar Atención al cliente: la vacante lo pide y no figura en el CV.;919baa73559e41873c94236e23ca3178
3111;175;12;1;25/09/2026;5;2;1;5;2;3,7;3,7;Media;Punto fuerte: encaje con el rol. Cubre Análisis estadístico, Atención al detalle. Punto débil: experiencia.;Acreditar Inglés: la vacante lo pide y no figura en el CV.;743e2a567ed80dee9d1d0fa7f9675c02
3112;116;214;1;25/09/2026;1;2;4;3;3;3,3;3,2;Media;Punto fuerte: experiencia. No acredita a buen nivel ninguna de las habilidades pedidas. Punto débil: encaje con el rol.;Acreditar Creatividad: la vacante lo pide y no figura en el CV.;1d8ddb07bbd95a6cd14f8e409279f715
3113;123;214;1;25/09/2026;1;1;4;3;2;2,1;1,8;Baja;Punto fuerte: experiencia. No acredita a buen nivel ninguna de las habilidades pedidas. Punto débil: encaje con el rol.;Acreditar Creatividad: la vacante lo pide y no figura en el CV.;6155f3343edca93166aeafc6c86a1068
3114;95;207;1;25/09/2026;5;3;2;5;3;4,4;4,3;Alta;Punto fuerte: encaje con el rol. Cubre Negociación, Comunicación. Punto débil: experiencia.;Subir Microsoft Office de nivel 2 a 3.;38ec8d05ee004f3d9735664e439808c9
3115;181;125;1;25/09/2026;3;3;3;4;3;4,1;4,2;Alta;Punto fuerte: retribución. Cubre Comunicación, Inglés. Punto débil: encaje con el rol.;Acreditar Gestión de proyectos: la vacante lo pide y no figura en el CV.;225c263afcaf1a47fd96d6c55f4da457
3116;55;145;1;25/09/2026;4;2;2;5;3;3,7;3,7;Media;Punto fuerte: retribución. Cubre Prevención de riesgos. Punto débil: habilidades pedidas: le falta Soldadura, Autonomía.;Acreditar Soldadura: la vacante lo pide y no figura en el CV.;bdc486f200cf51150a14741a79615248
3117;47;107;1;25/09/2026;2;1;3;3;2;2,1;1,8;Baja;Punto fuerte: experiencia. No acredita a buen nivel ninguna de las habilidades pedidas. Punto débil: habilidades pedidas: le falta Soldadura, Autonomía.;Acreditar Soldadura: la vacante lo pide y no figura en el CV.;632cb7af436fcdef206636840f9bd3e9
3118;31;214;1;25/09/2026;2;1;4;2;3;2,6;2,5;Baja;Punto fuerte: experiencia. No acredita a buen nivel ninguna de las habilidades pedidas. Punto débil: habilidades pedidas: le falta Creatividad, Figma.;Acreditar Creatividad: la vacante lo pide y no figura en el CV.;f5bdd3f0eb3dad01d633b74b369c9125
3119;89;68;1;25/09/2026;3;2;1;5;2;3,0;2,9;Media;Punto fuerte: retribución. No acredita a buen nivel ninguna de las habilidades pedidas. Punto débil: experiencia.;Acreditar Diseño gráfico: la vacante lo pide y no figura en el CV.;e55d60a89641a3f36c331a954f73d14f
3120;184;87;1;25/09/2026;5;3;3;5;4;4,3;4,0;Alta;Punto fuerte: encaje con el rol. Cubre Creatividad. Punto débil: habilidades pedidas: le falta Photoshop.;Acreditar Photoshop: la vacante lo pide y no figura en el CV.;93509b2332e6bca0da30657de730cbf8
3121;121;17;1;25/09/2026;2;2;1;5;2;2,9;2,8;Baja;Punto fuerte: retribución. Cubre Inglés, Comunicación. Punto débil: experiencia.;Acreditar Pensamiento crítico: la vacante lo pide y no figura en el CV.;cb39e08210413c9765882bcc9841220f
3122;21;73;1;25/09/2026;3;2;1;1;2;2,8;2,6;Baja;Punto fuerte: encaje con el rol. Cubre Organización. Punto débil: experiencia.;Acreditar Odoo: la vacante lo pide y no figura en el CV.;e474a22c958190bad25d49ed5c04aaf3
3123;27;166;1;25/09/2026;1;1;2;1;1;2,2;2,2;Baja;Sin puntos fuertes claros para este puesto. No acredita a buen nivel ninguna de las habilidades pedidas. Punto débil: encaje con el rol.;Acreditar Trabajo en equipo: la vacante lo pide y no figura en el CV.;a0489a87a3728bb0e3d150e106c9569a
3124;171;181;1;25/09/2026;2;2;2;3;1;2,9;2,7;Baja;Punto fuerte: retribución. Cubre Autonomía. Punto débil: probabilidad de entrevista.;Acreditar Prevención de riesgos: la vacante lo pide y no figura en el CV.;9944a1fc8676ca274be2969bba08f94b
3125;183;189;1;25/09/2026;4;2;4;2;3;3,8;3,6;Media;Punto fuerte: encaje con el rol. Cubre Trabajo en equipo. Punto débil: habilidades pedidas: le falta SAP, Logística.;Acreditar SAP: la vacante lo pide y no figura en el CV.;1529570f1af7d39ec2014f7a35dc5de1
3126;189;71;1;25/09/2026;2;1;3;1;1;2,0;2,2;Baja;Punto fuerte: experiencia. No acredita a buen nivel ninguna de las habilidades pedidas. Punto débil: habilidades pedidas: le falta Pensamiento crítico, SAP.;Acreditar Pensamiento crítico: la vacante lo pide y no figura en el CV.;03e11387ad59534c9318c38a033203c9
3127;197;49;1;25/09/2026;2;2;3;5;3;3,5;3,7;Media;Punto fuerte: retribución. No acredita a buen nivel ninguna de las habilidades pedidas. Punto débil: encaje con el rol.;Acreditar Python: la vacante lo pide y no figura en el CV.;194204f287aa8bd51667b5c2ecbcb0f4
3128;21;108;1;25/09/2026;4;3;2;1;3;3,6;3,3;Media;Punto fuerte: encaje con el rol. Cubre Prevención de riesgos. Punto débil: retribución.;Acreditar Autonomía: la vacante lo pide y no figura en el CV.;e474a22c958190bad25d49ed5c04aaf3
3129;200;82;1;25/09/2026;2;1;5;5;3;2,9;2,7;Baja;Punto fuerte: experiencia. No acredita a buen nivel ninguna de las habilidades pedidas. Punto débil: habilidades pedidas: le falta Diseño gráfico, AutoCAD.;Acreditar Diseño gráfico: la vacante lo pide y no figura en el CV.;9349e5d3eea543c3dba4fc70654d25c0
3130;197;60;1;25/09/2026;2;1;4;3;2;2,4;2,3;Baja;Punto fuerte: experiencia. No acredita a buen nivel ninguna de las habilidades pedidas. Punto débil: habilidades pedidas: le falta Prevención de riesgos, Mecanizado CNC.;Acreditar Prevención de riesgos: la vacante lo pide y no figura en el CV.;194204f287aa8bd51667b5c2ecbcb0f4
3131;20;56;1;25/09/2026;3;1;5;1;2;2,8;2,6;Baja;Punto fuerte: experiencia. No acredita a buen nivel ninguna de las habilidades pedidas. Punto débil: habilidades pedidas: le falta Java, Git.;Acreditar Java: la vacante lo pide y no figura en el CV.;d63095188ac78085013df7e2e119a597
3132;154;19;1;25/09/2026;3;1;3;2;3;3,1;3,2;Media;Punto fuerte: encaje con el rol. No acredita a buen nivel ninguna de las habilidades pedidas. Punto débil: habilidades pedidas: le falta Git, Docker.;Acreditar Git: la vacante lo pide y no figura en el CV.;40d5713c4e493091a4de62d1b6f17725
3133;165;116;1;25/09/2026;3;3;3;3;3;3,9;3,8;Media;Punto fuerte: encaje con el rol. Cubre Organización, Atención al cliente. Punto débil: encaje con el rol.;Acreditar Odoo: la vacante lo pide y no figura en el CV.;657e6bbddbb928be76c4e18d6fedc4eb
3134;195;106;1;25/09/2026;2;1;5;1;3;2,8;2,7;Baja;Punto fuerte: experiencia. No acredita a buen nivel ninguna de las habilidades pedidas. Punto débil: habilidades pedidas: le falta Soldadura, Prevención de riesgos.;Acreditar Soldadura: la vacante lo pide y no figura en el CV.;1968db4e149cf0647c1a71573456b344
3135;191;204;1;25/09/2026;2;1;4;1;2;2,2;2,4;Baja;Punto fuerte: experiencia. Cubre Organización. Punto débil: habilidades pedidas: le falta Excel avanzado, Logística.;Acreditar Excel avanzado: la vacante lo pide y no figura en el CV.;f532035cc6b29987cac3fa21883f1e99
3136;190;26;1;25/09/2026;5;2;4;2;3;3,9;3,8;Media;Punto fuerte: encaje con el rol. Cubre Logística, Euskera. Punto débil: habilidades pedidas: le falta SAP, Excel avanzado.;Acreditar SAP: la vacante lo pide y no figura en el CV.;b4c2c4fad2fd18c9700ca21dfa73cd65
3137;135;8;1;25/09/2026;2;1;2;1;1;1,9;2,1;Baja;Sin puntos fuertes claros para este puesto. Cubre Euskera. Punto débil: habilidades pedidas: le falta Empatía, Comunicación.;Acreditar Empatía: la vacante lo pide y no figura en el CV.;b9bc17dfc73171df3d3d1b8ba6e3f3d7
3138;158;18;1;25/09/2026;3;2;4;5;3;3,6;3,8;Media;Punto fuerte: retribución. Cubre Empatía. Punto débil: habilidades pedidas: le falta Trabajo bajo presión, Atención al cliente.;Acreditar Trabajo bajo presión: la vacante lo pide y no figura en el CV.;5d29dbd8e3bb9f77158ff25fac3b8b98
3139;4;164;1;25/09/2026;5;2;5;1;3;3,6;3,4;Media;Punto fuerte: encaje con el rol. Cubre Resolución de problemas. Punto débil: retribución.;Acreditar Prevención de riesgos: la vacante lo pide y no figura en el CV.;c87557ecf671fcc862d8f4c7c86bcd1e
3140;14;2;1;25/09/2026;2;2;2;5;2;3,3;2,9;Media;Punto fuerte: retribución. Cubre Prevención de riesgos. Punto débil: encaje con el rol.;Acreditar Soldadura: la vacante lo pide y no figura en el CV.;885480c884ed8190dc3fb64ffb791b29
3141;48;68;1;25/09/2026;2;1;2;5;1;2,4;2,4;Baja;Punto fuerte: retribución. No acredita a buen nivel ninguna de las habilidades pedidas. Punto débil: habilidades pedidas: le falta Diseño gráfico, AutoCAD.;Acreditar Diseño gráfico: la vacante lo pide y no figura en el CV.;6be6b4c03c998ee742d555c2c8441002
3142;198;231;1;25/09/2026;2;1;5;3;3;3,3;3,4;Media;Punto fuerte: experiencia. No acredita a buen nivel ninguna de las habilidades pedidas. Punto débil: habilidades pedidas: le falta SAP, Gestión de proyectos.;Acreditar SAP: la vacante lo pide y no figura en el CV.;e47c78d1ed201a03d8f1b1585d0213e8
3143;83;125;1;25/09/2026;5;4;3;3;4;4,6;4,5;Alta;Punto fuerte: encaje con el rol. Cubre Gestión de proyectos, Comunicación, Inglés. Punto débil: experiencia.;Pocas mejoras posibles: preparar la entrevista.;0da3bf552eaaf1b9ddbdb332ac2cb1a9
3144;199;107;1;25/09/2026;3;2;5;3;3;3,4;3,2;Media;Punto fuerte: experiencia. Cubre Autonomía. Punto débil: habilidades pedidas: le falta Soldadura, Prevención de riesgos.;Acreditar Soldadura: la vacante lo pide y no figura en el CV.;e9c8e60139c9cefab5fa4b719561bbdf
3145;153;108;1;25/09/2026;2;1;3;1;2;2,5;2,5;Baja;Punto fuerte: experiencia. No acredita a buen nivel ninguna de las habilidades pedidas. Punto débil: habilidades pedidas: le falta Autonomía, Prevención de riesgos.;Acreditar Autonomía: la vacante lo pide y no figura en el CV.;710b38a2942a0a29d089f09f45e0f558
3146;48;166;1;25/09/2026;3;1;4;3;3;3,0;3,5;Media;Punto fuerte: experiencia. No acredita a buen nivel ninguna de las habilidades pedidas. Punto débil: habilidades pedidas: le falta Trabajo en equipo, Logística.;Acreditar Trabajo en equipo: la vacante lo pide y no figura en el CV.;6be6b4c03c998ee742d555c2c8441002
3147;111;159;1;25/09/2026;2;1;5;4;2;3,1;3,3;Media;Punto fuerte: experiencia. No acredita a buen nivel ninguna de las habilidades pedidas. Punto débil: habilidades pedidas: le falta Pensamiento crítico, Power BI.;Acreditar Pensamiento crítico: la vacante lo pide y no figura en el CV.;c45621a527924aa068064fc20c28d2b9
3148;185;166;1;25/09/2026;2;1;4;3;2;2,7;3,1;Baja;Punto fuerte: experiencia. No acredita a buen nivel ninguna de las habilidades pedidas. Punto débil: habilidades pedidas: le falta Trabajo en equipo, Logística.;Acreditar Trabajo en equipo: la vacante lo pide y no figura en el CV.;fc06f86e721baba3dd9325dd3d7b7855
3149;200;151;1;25/09/2026;3;1;5;5;3;3,4;3,3;Media;Punto fuerte: experiencia. No acredita a buen nivel ninguna de las habilidades pedidas. Punto débil: habilidades pedidas: le falta Creatividad, Photoshop.;Acreditar Creatividad: la vacante lo pide y no figura en el CV.;9349e5d3eea543c3dba4fc70654d25c0
3150;176;55;1;25/09/2026;2;3;1;4;2;3,5;3,8;Media;Punto fuerte: retribución. Cubre Comunicación, Inglés, Negociación. Punto débil: experiencia.;Acreditar Pensamiento crítico: la vacante lo pide y no figura en el CV.;1ced482c4510b4b52ad5c2f4003630db
3151;195;73;1;25/09/2026;5;2;5;1;3;3,7;3,6;Media;Punto fuerte: encaje con el rol. Cubre Euskera. Punto débil: retribución.;Acreditar Atención al cliente: la vacante lo pide y no figura en el CV.;1968db4e149cf0647c1a71573456b344
3152;26;231;1;25/09/2026;4;2;2;2;3;3,4;3,2;Media;Punto fuerte: encaje con el rol. Cubre SAP, Gestión de proyectos. Punto débil: habilidades pedidas: le falta AutoCAD.;Acreditar AutoCAD: la vacante lo pide y no figura en el CV.;e18d57d93e73503c7ab01f43e67c99b0
3153;191;211;1;25/09/2026;2;1;3;2;1;2,2;1,7;Baja;Punto fuerte: experiencia. No acredita a buen nivel ninguna de las habilidades pedidas. Punto débil: habilidades pedidas: le falta Diseño gráfico, Atención al detalle.;Acreditar Diseño gráfico: la vacante lo pide y no figura en el CV.;f532035cc6b29987cac3fa21883f1e99
3154;66;197;1;25/09/2026;5;1;4;5;3;3,8;3,6;Media;Punto fuerte: encaje con el rol. No acredita a buen nivel ninguna de las habilidades pedidas. Punto débil: habilidades pedidas: le falta Autonomía, Prevención de riesgos.;Acreditar Autonomía: la vacante lo pide y no figura en el CV.;b2853efa8162d2f61ec7179884b4a842
3155;192;77;1;25/09/2026;5;2;5;3;3;3,9;4,0;Media;Punto fuerte: encaje con el rol. Cubre HubSpot. Punto débil: habilidades pedidas: le falta Google Analytics, Creatividad.;Acreditar Google Analytics: la vacante lo pide y no figura en el CV.;1a56096de0eea9213605f27f44d68f73
3156;122;43;1;25/09/2026;5;3;1;3;2;4,1;3,7;Alta;Punto fuerte: encaje con el rol. Cubre Redes, Ciberseguridad. Punto débil: experiencia.;Acreditar Docker: la vacante lo pide y no figura en el CV.;0f47f08a3ff2736019f0343b79efd27a
3157;12;125;1;25/09/2026;1;3;2;5;3;3,4;3,4;Media;Punto fuerte: retribución. Cubre Inglés. Punto débil: encaje con el rol.;Acreditar Gestión de proyectos: la vacante lo pide y no figura en el CV.;71000804a77686a1db7205c014abe342
3158;194;60;1;25/09/2026;2;2;4;3;2;2,8;2,6;Baja;Punto fuerte: experiencia. Cubre Euskera. Punto débil: encaje con el rol.;Acreditar Prevención de riesgos: la vacante lo pide y no figura en el CV.;f870823cf1318b3f89ac9661fa080e2b
3159;199;184;1;25/09/2026;1;1;5;5;3;2,6;2,1;Baja;Punto fuerte: experiencia. No acredita a buen nivel ninguna de las habilidades pedidas. Punto débil: encaje con el rol.;Acreditar AutoCAD: la vacante lo pide y no figura en el CV.;e9c8e60139c9cefab5fa4b719561bbdf
3160;146;22;1;25/09/2026;2;1;1;3;1;2,5;2,4;Baja;Punto fuerte: retribución. No acredita a buen nivel ninguna de las habilidades pedidas. Punto débil: habilidades pedidas: le falta Soldadura, Autonomía.;Acreditar Soldadura: la vacante lo pide y no figura en el CV.;56850ee8ec9112d68fbd4ae58ed506d0
3161;3;164;1;25/09/2026;2;1;4;1;3;2,7;2,8;Baja;Punto fuerte: experiencia. No acredita a buen nivel ninguna de las habilidades pedidas. Punto débil: habilidades pedidas: le falta Resolución de problemas, Prevención de riesgos.;Acreditar Resolución de problemas: la vacante lo pide y no figura en el CV.;41639786d6f8a244b34cde0b836e6d9c
3162;191;110;1;25/09/2026;1;3;4;3;2;2,8;2,9;Baja;Punto fuerte: experiencia. Cubre Inglés, Atención al cliente. Punto débil: encaje con el rol.;Acreditar Microsoft Office: la vacante lo pide y no figura en el CV.;f532035cc6b29987cac3fa21883f1e99
3163;34;145;1;25/09/2026;2;1;2;5;2;3,0;3,0;Media;Punto fuerte: retribución. No acredita a buen nivel ninguna de las habilidades pedidas. Punto débil: habilidades pedidas: le falta Prevención de riesgos, Soldadura.;Acreditar Prevención de riesgos: la vacante lo pide y no figura en el CV.;19a6f235332b07f91f5633b04c2e4e92
3164;96;120;1;25/09/2026;1;2;4;5;3;3,3;3,4;Media;Punto fuerte: retribución. Cubre Atención al detalle. Punto débil: encaje con el rol.;Acreditar Pensamiento crítico: la vacante lo pide y no figura en el CV.;4186f381102a944447440cf53f150937
3165;19;214;1;25/09/2026;2;3;4;2;3;3,4;3,4;Media;Punto fuerte: experiencia. Cubre Empatía, Euskera. Punto débil: encaje con el rol.;Acreditar Creatividad: la vacante lo pide y no figura en el CV.;07de0c3b759cac6c75f836ee50a4ea34
3166;114;214;1;25/09/2026;2;1;4;3;2;2,0;1,9;Baja;Punto fuerte: experiencia. No acredita a buen nivel ninguna de las habilidades pedidas. Punto débil: habilidades pedidas: le falta Creatividad, Figma.;Acreditar Creatividad: la vacante lo pide y no figura en el CV.;ecbcbaa2cd87e3d89bdbf4bee1928766
3167;108;68;1;25/09/2026;1;1;4;3;2;2,3;2,8;Baja;Punto fuerte: experiencia. No acredita a buen nivel ninguna de las habilidades pedidas. Punto débil: encaje con el rol.;Acreditar Diseño gráfico: la vacante lo pide y no figura en el CV.;d8dfe0f83e95120fd39310c95ef282a9
3168;164;166;1;25/09/2026;5;3;5;3;4;4,7;4,3;Alta;Punto fuerte: encaje con el rol. Cubre Trabajo en equipo, Logística. Punto débil: habilidades pedidas: le falta SAP.;Acreditar SAP: la vacante lo pide y no figura en el CV.;38e8e7a51bf6f3308187ee8de56882e0
3169;53;98;1;25/09/2026;2;2;4;5;3;3,5;3,7;Media;Punto fuerte: retribución. Cubre Empatía. Punto débil: encaje con el rol.;Acreditar Trabajo bajo presión: la vacante lo pide y no figura en el CV.;d7dc5213f05e3731c1548793a9af61e6
3170;53;18;1;25/09/2026;2;3;5;4;2;3,9;3,9;Media;Punto fuerte: experiencia. Cubre Empatía. Punto débil: encaje con el rol.;Acreditar Trabajo bajo presión: la vacante lo pide y no figura en el CV.;d7dc5213f05e3731c1548793a9af61e6
3171;196;199;1;25/09/2026;2;1;1;3;2;2,3;2,6;Baja;Punto fuerte: retribución. No acredita a buen nivel ninguna de las habilidades pedidas. Punto débil: habilidades pedidas: le falta Análisis estadístico, Pensamiento crítico.;Acreditar Análisis estadístico: la vacante lo pide y no figura en el CV.;2da03ddbeae874c5ecb67ba539526cc3
3172;156;22;1;25/09/2026;3;1;2;3;1;2,7;2,8;Baja;Punto fuerte: encaje con el rol. Cubre Prevención de riesgos. Punto débil: habilidades pedidas: le falta Soldadura, Autonomía.;Acreditar Soldadura: la vacante lo pide y no figura en el CV.;a566a04df4a6ac6960076b84a0fa9402
3173;169;114;1;25/09/2026;5;2;3;3;3;4,0;3,7;Alta;Punto fuerte: encaje con el rol. No acredita a buen nivel ninguna de las habilidades pedidas. Punto débil: habilidades pedidas: le falta Orientación a resultados, Negociación.;Acreditar Orientación a resultados: la vacante lo pide y no figura en el CV.;094f54740365c9e0df07077c26e0c5bc
3174;119;166;1;25/09/2026;5;1;2;4;2;3,4;3,3;Media;Punto fuerte: encaje con el rol. No acredita a buen nivel ninguna de las habilidades pedidas. Punto débil: habilidades pedidas: le falta Trabajo en equipo, Logística.;Acreditar Trabajo en equipo: la vacante lo pide y no figura en el CV.;bf4d833bd31cd6a9f8c9ebb76104ddf7
3175;184;54;1;25/09/2026;5;2;2;5;2;3,4;3,0;Media;Punto fuerte: encaje con el rol. Cubre Google Analytics, Creatividad, WordPress. Punto débil: habilidades pedidas: le falta HubSpot.;Acreditar HubSpot: la vacante lo pide y no figura en el CV.;93509b2332e6bca0da30657de730cbf8
3176;162;128;1;25/09/2026;2;1;1;5;1;2,2;2,6;Baja;Punto fuerte: retribución. No acredita a buen nivel ninguna de las habilidades pedidas. Punto débil: habilidades pedidas: le falta Excel avanzado, Análisis estadístico.;Acreditar Excel avanzado: la vacante lo pide y no figura en el CV.;f9238315c503426a5187792f7e358491
3177;84;197;1;25/09/2026;3;2;2;3;2;3,0;3,2;Media;Punto fuerte: encaje con el rol. Cubre Euskera. Punto débil: habilidades pedidas: le falta Autonomía, Prevención de riesgos.;Acreditar Autonomía: la vacante lo pide y no figura en el CV.;0831ec1ffe1f6dbf748301b6844105b2
3178;62;2;1;25/09/2026;3;1;2;3;2;2,4;2,4;Baja;Punto fuerte: encaje con el rol. No acredita a buen nivel ninguna de las habilidades pedidas. Punto débil: habilidades pedidas: le falta Soldadura, Autonomía.;Acreditar Soldadura: la vacante lo pide y no figura en el CV.;cb24798309bdfcaab479bb037eec32ab
3179;181;171;1;25/09/2026;5;1;2;4;2;3,6;3,5;Media;Punto fuerte: encaje con el rol. No acredita a buen nivel ninguna de las habilidades pedidas. Punto débil: habilidades pedidas: le falta Figma, Empatía.;Acreditar Figma: la vacante lo pide y no figura en el CV.;225c263afcaf1a47fd96d6c55f4da457
3180;80;43;1;25/09/2026;3;1;1;5;2;3,4;3,6;Media;Punto fuerte: retribución. No acredita a buen nivel ninguna de las habilidades pedidas. Punto débil: habilidades pedidas: le falta Redes, Docker.;Acreditar Redes: la vacante lo pide y no figura en el CV.;0ab41c1e90b3e44375989152324bc3dc
3181;200;146;1;25/09/2026;5;2;5;1;3;3,7;3,8;Media;Punto fuerte: encaje con el rol. Cubre JavaScript. Punto débil: retribución.;Acreditar Git: la vacante lo pide y no figura en el CV.;9349e5d3eea543c3dba4fc70654d25c0
3182;137;214;1;25/09/2026;2;3;5;3;4;3,7;3,4;Media;Punto fuerte: experiencia. Cubre Creatividad, Empatía. Punto débil: encaje con el rol.;Acreditar Figma: la vacante lo pide y no figura en el CV.;5b76544032609f36e5ba5e6a0363dd74
3183;162;2;3;25/09/2026;1;2;1;4;1;2,3;2,3;Baja;Revisión manual. Punto fuerte: retribución.;Acreditar Soldadura: la vacante lo pide y no figura en el CV.;f9238315c503426a5187792f7e358491
3184;184;69;3;25/09/2026;3;1;4;4;2;2,3;2,3;Baja;Revisión manual. Punto fuerte: experiencia.;Acreditar Odoo: la vacante lo pide y no figura en el CV.;93509b2332e6bca0da30657de730cbf8
3185;53;18;4;25/09/2026;2;3;4;3;3;3,7;3,7;Media;Revisión manual. Punto fuerte: experiencia.;Acreditar Trabajo bajo presión: la vacante lo pide y no figura en el CV.;d7dc5213f05e3731c1548793a9af61e6
3186;186;244;4;25/09/2026;5;3;5;4;5;5,0;5,0;Alta;Revisión manual. Punto fuerte: encaje con el rol.;Acreditar Diseño gráfico: la vacante lo pide y no figura en el CV.;35dd06e396c18de1a9dc3cfc544ae5ef
3187;77;125;4;25/09/2026;5;4;1;5;3;4,2;4,2;Alta;Revisión manual. Punto fuerte: retribución.;Acreditar Comunicación: la vacante lo pide y no figura en el CV.;6b2ecdff913c1a67b7a1efcffbace6d8
3188;2;179;4;25/09/2026;1;2;2;2;5;2,2;2,2;Baja;Revisión manual. Punto fuerte: probabilidad de entrevista.;Acreditar Negociación: la vacante lo pide y no figura en el CV.;ff6a94069d1ee9118029d75b03c2d938
3189;14;2;4;25/09/2026;2;1;1;5;3;3,0;3,0;Media;Revisión manual. Punto fuerte: retribución.;Acreditar Soldadura: la vacante lo pide y no figura en el CV.;885480c884ed8190dc3fb64ffb791b29
3190;27;214;3;25/09/2026;3;1;4;4;2;2,6;2,6;Baja;Revisión manual. Punto fuerte: encaje con el rol.;Acreditar Creatividad: la vacante lo pide y no figura en el CV.;a0489a87a3728bb0e3d150e106c9569a
3191;169;114;3;25/09/2026;5;3;2;3;4;4,2;4,2;Alta;Revisión manual. Punto fuerte: encaje con el rol.;Acreditar Orientación a resultados: la vacante lo pide y no figura en el CV.;094f54740365c9e0df07077c26e0c5bc
3192;20;56;4;25/09/2026;3;2;5;1;2;2,8;2,8;Baja;Revisión manual. Punto fuerte: experiencia.;Acreditar Java: la vacante lo pide y no figura en el CV.;d63095188ac78085013df7e2e119a597
3193;199;181;3;25/09/2026;4;2;5;3;4;4,3;4,3;Alta;Revisión manual. Punto fuerte: experiencia.;Acreditar Prevención de riesgos: la vacante lo pide y no figura en el CV.;e9c8e60139c9cefab5fa4b719561bbdf
3194;111;17;3;25/09/2026;3;2;5;5;2;3,4;3,4;Media;Revisión manual. Punto fuerte: experiencia.;Acreditar Pensamiento crítico: la vacante lo pide y no figura en el CV.;c45621a527924aa068064fc20c28d2b9
3195;199;178;4;25/09/2026;5;2;4;3;2;2,6;2,6;Baja;Revisión manual. Punto fuerte: experiencia.;Acreditar Salesforce: la vacante lo pide y no figura en el CV.;e9c8e60139c9cefab5fa4b719561bbdf
3196;197;214;3;25/09/2026;2;2;5;3;2;2,8;2,8;Baja;Revisión manual. Punto fuerte: experiencia.;Acreditar Figma: la vacante lo pide y no figura en el CV.;194204f287aa8bd51667b5c2ecbcb0f4
3197;196;211;3;25/09/2026;3;1;2;3;2;2,7;2,7;Baja;Revisión manual. Punto fuerte: retribución.;Acreditar Diseño gráfico: la vacante lo pide y no figura en el CV.;2da03ddbeae874c5ecb67ba539526cc3
3198;197;207;3;25/09/2026;5;3;3;5;5;4,6;4,6;Alta;Revisión manual. Punto fuerte: encaje con el rol.;Acreditar Microsoft Office: la vacante lo pide y no figura en el CV.;194204f287aa8bd51667b5c2ecbcb0f4
3199;88;58;4;25/09/2026;4;1;4;4;3;4,1;4,1;Alta;Revisión manual. Punto fuerte: encaje con el rol.;Acreditar Organización: la vacante lo pide y no figura en el CV.;003d3d1722fa228dec7454b99b38765f
3200;191;110;3;25/09/2026;1;3;3;3;2;2,0;2,0;Baja;Revisión manual. Punto fuerte: experiencia.;Acreditar Microsoft Office: la vacante lo pide y no figura en el CV.;f532035cc6b29987cac3fa21883f1e99
