id;usuario;tipo;clave;valor;peso;fecha_mod
1;1;duro;municipio;Ordizia;;20/06/2026
2;1;duro;radio_km;30;;04/06/2026
3;1;duro;jornada;indiferente;;17/06/2026
4;1;duro;contrato;temporal;;17/06/2026
5;1;duro;salario_min;17000;;03/06/2026
6;1;duro;euskera;C1;;08/06/2026
7;1;duro;permiso_trabajo;si;;19/06/2026
8;1;duro;situacion_actual;desempleado;;20/06/2026
9;1;duro;turnos;si;;13/06/2026
10;1;peso;sector;industria;4;18/06/2026
11;1;peso;idioma;ingles;1;09/06/2026
12;1;peso;movilidad;transporte_publico;3;18/06/2026
13;1;peso;puesto_objetivo;Analista financiero/a;4;17/06/2026
14;1;exclusion;sector;finanzas;;11/06/2026
15;2;duro;municipio;Legazpi;;06/06/2026
16;2;duro;situacion_actual;desempleado;;08/06/2026
17;2;duro;turnos;no;;11/06/2026
18;2;peso;sector;educacion;2;18/06/2026
19;2;peso;sector;consultoria;5;20/06/2026
20;2;peso;sector;logistica;5;04/06/2026
21;2;peso;tamano;pequeña;3;15/06/2026
22;2;peso;idioma;ingles;1;07/06/2026
23;2;peso;estabilidad;indefinido;3;20/06/2026
24;2;peso;movilidad;coche;2;16/06/2026
25;2;peso;puesto_objetivo;Operario/a de producción;3;14/06/2026
26;3;duro;municipio;Pasaia;;03/06/2026
27;3;duro;radio_km;30;;21/06/2026
28;3;duro;jornada;completa;;02/06/2026
29;3;duro;contrato;temporal;;15/06/2026
30;3;duro;salario_min;29000;;19/06/2026
31;3;duro;fecha_inicio_max;31/08/2026;;20/06/2026
32;3;duro;situacion_actual;estudiante;;11/06/2026
33;3;peso;sector;logistica;3;08/06/2026
34;3;peso;tamano;mediana;2;07/06/2026
35;3;peso;estabilidad;indefinido;5;09/06/2026
36;3;peso;puesto_objetivo;Técnico/a de RRHH;3;05/06/2026
37;3;exclusion;ett;si;;20/06/2026
38;3;exclusion;sector;industria;;15/06/2026
39;4;duro;municipio;Bergara;;03/06/2026
40;4;duro;radio_km;10;;05/06/2026
41;4;duro;jornada;parcial;;11/06/2026
42;4;duro;contrato;practicas;;04/06/2026
43;4;duro;salario_min;23000;;16/06/2026
44;4;duro;modalidad;hibrida;;19/06/2026
45;4;duro;situacion_actual;empleado;;20/06/2026
46;4;peso;sector;educacion;2;11/06/2026
47;4;peso;tamano;mediana;1;07/06/2026
48;4;peso;idioma;ingles;4;08/06/2026
49;4;peso;movilidad;transporte_publico;2;08/06/2026
50;4;peso;puesto_objetivo;Técnico/a de logística;4;08/06/2026
51;4;exclusion;ett;si;;08/06/2026
52;4;exclusion;sector;consultoria;;09/06/2026
53;5;duro;municipio;Donostia;;18/06/2026
54;5;duro;radio_km;50;;10/06/2026
55;5;duro;contrato;indefinido;;14/06/2026
56;5;duro;salario_min;29000;;07/06/2026
57;5;duro;modalidad;remoto;;12/06/2026
58;5;duro;situacion_actual;desempleado;;07/06/2026
59;5;duro;turnos;no;;20/06/2026
60;5;peso;sector;tecnologia;5;09/06/2026
61;5;peso;sector;logistica;5;06/06/2026
62;5;peso;sector;construccion;4;24/06/2026
63;5;peso;tamano;grande;1;07/06/2026
64;5;peso;movilidad;transporte_publico;5;16/06/2026
65;5;peso;puesto_objetivo;Analista de datos;4;15/06/2026
66;5;exclusion;ett;si;;08/06/2026
67;6;duro;municipio;Hondarribia;;18/06/2026
68;6;duro;radio_km;20;;17/06/2026
69;6;duro;jornada;parcial;;17/06/2026
70;6;duro;salario_min;18000;;08/06/2026
71;6;duro;situacion_actual;desempleado;;11/06/2026
72;6;peso;sector;consultoria;3;13/06/2026
73;6;peso;sector;logistica;5;17/06/2026
74;6;peso;tamano;grande;4;16/06/2026
75;6;peso;estabilidad;indefinido;3;04/06/2026
76;6;peso;puesto_objetivo;Técnico/a de laboratorio;5;12/06/2026
77;6;exclusion;ett;si;;07/06/2026
78;6;exclusion;palabra;fines de semana;;15/06/2026
79;6;exclusion;sector;logistica;;08/06/2026
80;7;duro;municipio;Pasaia;;27/06/2026
81;7;duro;radio_km;50;;27/06/2026
82;7;duro;salario_min;19000;;08/06/2026
83;7;duro;permiso_trabajo;si;;25/06/2026
84;7;duro;situacion_actual;estudiante;;20/06/2026
85;7;peso;sector;tecnologia;3;20/06/2026
86;7;peso;estabilidad;indefinido;5;09/06/2026
87;7;peso;puesto_objetivo;Técnico/a de RRHH;5;13/06/2026
88;7;exclusion;palabra;turno de noche;;09/06/2026
89;8;duro;municipio;Legazpi;;18/06/2026
90;8;duro;radio_km;10;;12/06/2026
91;8;duro;salario_min;32000;;27/06/2026
92;8;duro;modalidad;presencial;;23/06/2026
93;8;duro;fecha_inicio_max;07/09/2026;;29/06/2026
94;8;duro;situacion_actual;estudiante;;13/06/2026
95;8;peso;sector;comercio;3;28/06/2026
96;8;peso;idioma;ingles;4;19/06/2026
97;8;peso;estabilidad;indefinido;2;15/06/2026
98;8;peso;puesto_objetivo;Ingeniero/a de procesos;3;16/06/2026
99;9;duro;municipio;Legazpi;;15/06/2026
100;9;duro;radio_km;30;;20/06/2026
101;9;duro;contrato;indefinido;;26/06/2026
102;9;duro;salario_min;26000;;23/06/2026
103;9;duro;permiso_trabajo;si;;16/06/2026
104;9;duro;situacion_actual;estudiante;;29/06/2026
105;9;peso;sector;comercio;4;10/06/2026
106;9;peso;sector;salud;2;20/06/2026
107;9;peso;sector;logistica;2;26/06/2026
108;9;peso;tamano;mediana;5;20/06/2026
109;9;peso;idioma;ingles;3;24/06/2026
110;9;peso;estabilidad;indefinido;3;22/06/2026
111;9;peso;movilidad;transporte_publico;3;17/06/2026
112;10;duro;municipio;Zumarraga;;19/06/2026
113;10;duro;radio_km;30;;16/06/2026
114;10;duro;salario_min;24000;;16/06/2026
115;10;duro;modalidad;presencial;;17/06/2026
116;10;duro;situacion_actual;recien_graduado;;15/06/2026
117;10;duro;turnos;no;;30/06/2026
118;10;peso;sector;salud;5;12/06/2026
119;10;peso;sector;hosteleria;2;20/06/2026
120;10;peso;idioma;ingles;1;25/06/2026
121;10;peso;estabilidad;indefinido;5;30/06/2026
122;10;peso;movilidad;coche;3;27/06/2026
123;10;peso;puesto_objetivo;Técnico/a de laboratorio;4;20/06/2026
124;11;duro;municipio;Eibar;;25/06/2026
125;11;duro;radio_km;20;;01/07/2026
126;11;duro;jornada;parcial;;19/06/2026
127;11;duro;contrato;practicas;;12/06/2026
128;11;duro;salario_min;19000;;01/07/2026
129;11;duro;fecha_inicio_max;10/08/2026;;14/06/2026
130;11;duro;permiso_trabajo;si;;15/06/2026
131;11;duro;situacion_actual;recien_graduado;;20/06/2026
132;11;duro;turnos;si;;20/06/2026
133;11;peso;sector;consultoria;3;14/06/2026
134;11;peso;idioma;ingles;2;11/06/2026
135;11;exclusion;ett;si;;21/06/2026
136;11;exclusion;palabra;autónomo;;16/06/2026
137;12;duro;municipio;Donostia;;23/06/2026
138;12;duro;jornada;completa;;30/06/2026
139;12;duro;salario_min;22000;;13/06/2026
140;12;duro;modalidad;presencial;;24/06/2026
141;12;duro;situacion_actual;estudiante;;22/06/2026
142;12;duro;turnos;si;;01/07/2026
143;12;peso;sector;educacion;4;26/06/2026
144;12;peso;sector;consultoria;3;16/06/2026
145;12;peso;tamano;pequeña;3;20/06/2026
146;12;peso;estabilidad;indefinido;4;12/06/2026
147;12;peso;puesto_objetivo;Educador/a;5;16/06/2026
148;12;exclusion;ett;si;;25/06/2026
149;12;exclusion;empresa;44;;15/06/2026
150;13;duro;municipio;Bergara;;30/06/2026
151;13;duro;radio_km;20;;15/06/2026
152;13;duro;euskera;B1;;24/06/2026
153;13;duro;fecha_inicio_max;11/09/2026;;27/06/2026
154;13;duro;situacion_actual;empleado;;03/07/2026
155;13;duro;turnos;no;;15/06/2026
156;13;peso;sector;salud;5;02/07/2026
157;13;peso;movilidad;bici;5;17/06/2026
158;13;exclusion;empresa;14;;24/06/2026
159;14;duro;municipio;Irun;;03/07/2026
160;14;duro;radio_km;10;;16/06/2026
161;14;duro;contrato;temporal;;28/06/2026
162;14;duro;salario_min;16000;;19/06/2026
163;14;duro;modalidad;presencial;;14/06/2026
164;14;duro;situacion_actual;recien_graduado;;15/06/2026
165;14;duro;turnos;si;;04/07/2026
166;14;peso;sector;comercio;2;19/06/2026
167;14;peso;idioma;ingles;2;02/07/2026
168;14;peso;puesto_objetivo;Ingeniero/a de procesos;3;27/06/2026
169;14;exclusion;palabra;turno de noche;;17/06/2026
170;15;duro;municipio;Oñati;;18/06/2026
171;15;duro;contrato;practicas;;24/06/2026
172;15;duro;salario_min;27000;;26/06/2026
173;15;duro;fecha_inicio_max;13/08/2026;;27/06/2026
174;15;duro;situacion_actual;estudiante;;28/06/2026
175;15;duro;turnos;no;;03/07/2026
176;15;peso;sector;logistica;4;21/06/2026
177;15;peso;sector;consultoria;3;04/07/2026
178;15;peso;tamano;mediana;5;01/07/2026
179;15;peso;movilidad;transporte_publico;5;17/06/2026
180;15;peso;puesto_objetivo;Educador/a;3;26/06/2026
181;15;exclusion;empresa;59;;18/06/2026
182;16;duro;municipio;Hernani;;23/06/2026
183;16;duro;radio_km;50;;03/07/2026
184;16;duro;jornada;completa;;23/06/2026
185;16;duro;salario_min;31000;;28/06/2026
186;16;duro;euskera;B2;;03/07/2026
187;16;duro;situacion_actual;recien_graduado;;26/06/2026
188;16;duro;turnos;no;;21/06/2026
189;16;peso;sector;industria;4;18/06/2026
190;16;peso;sector;consultoria;2;01/07/2026
191;16;peso;sector;hosteleria;5;03/07/2026
192;16;peso;tamano;mediana;4;20/06/2026
193;16;peso;puesto_objetivo;Técnico/a de calidad;4;01/07/2026
194;16;exclusion;palabra;fines de semana;;02/07/2026
195;17;duro;municipio;Arrasate;;01/07/2026
196;17;duro;radio_km;10;;24/06/2026
197;17;duro;salario_min;17000;;29/06/2026
198;17;duro;situacion_actual;estudiante;;03/07/2026
199;17;duro;turnos;no;;05/07/2026
200;17;peso;sector;consultoria;5;30/06/2026
201;17;peso;sector;finanzas;3;16/06/2026
202;17;peso;sector;educacion;3;05/07/2026
203;17;peso;tamano;grande;4;21/06/2026
204;17;peso;estabilidad;indefinido;4;04/07/2026
205;17;peso;movilidad;transporte_publico;2;03/07/2026
206;17;peso;puesto_objetivo;Técnico/a de calidad;4;05/07/2026
207;17;exclusion;ett;si;;06/07/2026
208;17;exclusion;palabra;turno de noche;;28/06/2026
209;17;exclusion;sector;hosteleria;;04/07/2026
210;18;duro;municipio;Oñati;;17/06/2026
211;18;duro;radio_km;30;;19/06/2026
212;18;duro;contrato;temporal;;29/06/2026
213;18;duro;salario_min;22000;;22/06/2026
214;18;duro;modalidad;presencial;;05/07/2026
215;18;duro;euskera;B2;;29/06/2026
216;18;duro;situacion_actual;desempleado;;19/06/2026
217;18;peso;sector;tecnologia;3;01/07/2026
218;18;peso;sector;finanzas;3;04/07/2026
219;18;peso;sector;educacion;2;06/07/2026
220;18;peso;tamano;pequeña;2;21/06/2026
221;18;peso;idioma;ingles;3;18/06/2026
222;18;peso;estabilidad;indefinido;3;16/06/2026
223;18;peso;movilidad;transporte_publico;4;26/06/2026
224;18;peso;puesto_objetivo;Camarero/a;4;17/06/2026
225;18;exclusion;ett;si;;21/06/2026
226;19;duro;municipio;Donostia;;02/07/2026
227;19;duro;radio_km;50;;03/07/2026
228;19;duro;jornada;completa;;26/06/2026
229;19;duro;contrato;practicas;;27/06/2026
230;19;duro;salario_min;30000;;04/07/2026
231;19;duro;fecha_inicio_max;14/09/2026;;17/06/2026
232;19;duro;permiso_trabajo;si;;24/06/2026
233;19;duro;situacion_actual;estudiante;;19/06/2026
234;19;peso;sector;consultoria;2;29/06/2026
235;19;peso;sector;logistica;3;04/07/2026
236;19;peso;estabilidad;indefinido;5;17/06/2026
237;19;peso;movilidad;coche;5;22/06/2026
238;19;exclusion;ett;si;;18/06/2026
239;19;exclusion;palabra;comisiones;;28/06/2026
240;20;duro;municipio;Azpeitia;;30/06/2026
241;20;duro;radio_km;30;;22/06/2026
242;20;duro;salario_min;22000;;19/06/2026
243;20;duro;modalidad;remoto;;22/06/2026
244;20;duro;situacion_actual;estudiante;;06/07/2026
245;20;duro;turnos;no;;27/06/2026
246;20;peso;sector;construccion;5;28/06/2026
247;20;peso;sector;industria;4;28/06/2026
248;20;peso;tamano;mediana;1;18/06/2026
249;20;peso;idioma;ingles;1;22/06/2026
250;20;exclusion;ett;si;;21/06/2026
251;20;exclusion;palabra;fines de semana;;24/06/2026
252;21;duro;municipio;Andoain;;21/06/2026
253;21;duro;radio_km;10;;01/07/2026
254;21;duro;salario_min;29000;;24/06/2026
255;21;duro;modalidad;presencial;;22/06/2026
256;21;duro;situacion_actual;estudiante;;29/06/2026
257;21;peso;sector;industria;5;04/07/2026
258;21;peso;sector;hosteleria;3;23/06/2026
259;21;peso;tamano;pequeña;4;25/06/2026
260;21;peso;idioma;ingles;4;26/06/2026
261;21;peso;puesto_objetivo;Recepcionista;5;04/07/2026
262;21;exclusion;empresa;12;;17/06/2026
263;22;duro;municipio;Donostia;;19/06/2026
264;22;duro;radio_km;50;;06/07/2026
265;22;duro;jornada;indiferente;;17/06/2026
266;22;duro;salario_min;26000;;26/06/2026
267;22;duro;euskera;B2;;22/06/2026
268;22;duro;situacion_actual;desempleado;;07/07/2026
269;22;duro;turnos;no;;28/06/2026
270;22;peso;sector;hosteleria;5;26/06/2026
271;22;peso;sector;salud;4;28/06/2026
272;22;peso;sector;finanzas;3;05/07/2026
273;22;peso;tamano;mediana;4;19/06/2026
274;22;peso;movilidad;bici;3;29/06/2026
275;22;exclusion;ett;si;;18/06/2026
276;23;duro;municipio;Irun;;21/06/2026
277;23;duro;radio_km;10;;20/06/2026
278;23;duro;jornada;indiferente;;07/07/2026
279;23;duro;salario_min;25000;;30/06/2026
280;23;duro;euskera;B1;;22/06/2026
281;23;duro;situacion_actual;recien_graduado;;30/06/2026
282;23;duro;turnos;si;;04/07/2026
283;23;peso;sector;finanzas;2;01/07/2026
284;23;peso;sector;consultoria;2;29/06/2026
285;23;peso;tamano;pequeña;5;28/06/2026
286;23;peso;idioma;ingles;4;24/06/2026
287;23;peso;estabilidad;indefinido;5;03/07/2026
288;23;peso;puesto_objetivo;Técnico/a de mantenimiento;4;25/06/2026
289;23;exclusion;ett;si;;30/06/2026
290;24;duro;municipio;Hondarribia;;25/06/2026
291;24;duro;salario_min;22000;;01/07/2026
292;24;duro;situacion_actual;desempleado;;02/07/2026
293;24;duro;turnos;si;;26/06/2026
294;24;peso;sector;educacion;2;23/06/2026
295;24;peso;tamano;grande;4;28/06/2026
296;24;peso;puesto_objetivo;Técnico/a de RRHH;5;05/07/2026
297;24;exclusion;palabra;autónomo;;04/07/2026
298;25;duro;municipio;Irun;;21/06/2026
299;25;duro;salario_min;25000;;06/07/2026
300;25;duro;euskera;B2;;09/07/2026
301;25;duro;fecha_inicio_max;17/09/2026;;02/07/2026
302;25;duro;situacion_actual;recien_graduado;;19/06/2026
303;25;peso;sector;comercio;4;06/07/2026
304;25;peso;sector;industria;3;19/06/2026
305;25;peso;sector;consultoria;2;06/07/2026
306;25;peso;tamano;pequeña;1;24/06/2026
307;25;peso;estabilidad;indefinido;3;19/06/2026
308;25;peso;movilidad;transporte_publico;5;26/06/2026
309;25;peso;puesto_objetivo;Auxiliar contable;4;19/06/2026
310;25;exclusion;ett;si;;09/07/2026
311;26;duro;municipio;Bergara;;29/06/2026
312;26;duro;radio_km;50;;04/07/2026
313;26;duro;jornada;indiferente;;30/06/2026
314;26;duro;contrato;temporal;;07/07/2026
315;26;duro;situacion_actual;estudiante;;29/06/2026
316;26;duro;turnos;si;;09/07/2026
317;26;peso;sector;tecnologia;4;07/07/2026
318;26;peso;idioma;ingles;4;04/07/2026
319;26;peso;estabilidad;indefinido;3;06/07/2026
320;26;peso;puesto_objetivo;Consultor/a junior;5;20/06/2026
321;27;duro;municipio;Arrasate;;19/06/2026
322;27;duro;jornada;completa;;22/06/2026
323;27;duro;salario_min;28000;;30/06/2026
324;27;duro;modalidad;remoto;;25/06/2026
325;27;duro;permiso_trabajo;si;;30/06/2026
326;27;duro;situacion_actual;recien_graduado;;21/06/2026
327;27;peso;sector;salud;2;22/06/2026
328;27;peso;sector;comercio;2;30/06/2026
329;27;peso;estabilidad;indefinido;2;07/07/2026
330;27;peso;puesto_objetivo;Comercial;3;01/07/2026
331;27;exclusion;palabra;fines de semana;;04/07/2026
332;28;duro;municipio;Arrasate;;27/06/2026
333;28;duro;radio_km;10;;01/07/2026
334;28;duro;modalidad;remoto;;02/07/2026
335;28;duro;situacion_actual;estudiante;;27/06/2026
336;28;peso;sector;industria;4;29/06/2026
337;28;peso;sector;educacion;2;05/07/2026
338;28;peso;sector;salud;3;04/07/2026
339;28;peso;tamano;grande;4;04/07/2026
340;28;peso;idioma;ingles;4;10/07/2026
341;28;peso;estabilidad;indefinido;5;10/07/2026
342;28;peso;movilidad;coche;5;06/07/2026
343;28;peso;puesto_objetivo;Ingeniero/a de procesos;5;30/06/2026
344;28;exclusion;palabra;comisiones;;07/07/2026
345;29;duro;municipio;Zarautz;;07/07/2026
346;29;duro;radio_km;10;;04/07/2026
347;29;duro;jornada;completa;;30/06/2026
348;29;duro;contrato;indefinido;;28/06/2026
349;29;duro;euskera;C1;;29/06/2026
350;29;duro;situacion_actual;estudiante;;29/06/2026
351;29;peso;sector;tecnologia;3;23/06/2026
352;29;peso;sector;hosteleria;3;10/07/2026
353;29;peso;sector;consultoria;3;26/06/2026
354;29;peso;tamano;grande;3;29/06/2026
355;29;peso;idioma;ingles;5;29/06/2026
356;29;peso;estabilidad;indefinido;2;30/06/2026
357;29;exclusion;palabra;autónomo;;02/07/2026
358;29;exclusion;empresa;10;;26/06/2026
359;30;duro;municipio;Bergara;;26/06/2026
360;30;duro;radio_km;30;;02/07/2026
361;30;duro;jornada;parcial;;01/07/2026
362;30;duro;salario_min;28000;;24/06/2026
363;30;duro;situacion_actual;estudiante;;07/07/2026
364;30;peso;sector;tecnologia;2;03/07/2026
365;30;peso;sector;comercio;4;06/07/2026
366;30;peso;tamano;grande;1;30/06/2026
367;30;peso;idioma;ingles;3;11/07/2026
368;30;exclusion;ett;si;;06/07/2026
369;30;exclusion;sector;hosteleria;;02/07/2026
370;31;duro;municipio;Donostia;;02/07/2026
371;31;duro;radio_km;10;;03/07/2026
372;31;duro;modalidad;hibrida;;29/06/2026
373;31;duro;euskera;A2;;25/06/2026
374;31;duro;fecha_inicio_max;20/09/2026;;02/07/2026
375;31;duro;permiso_trabajo;si;;11/07/2026
376;31;duro;situacion_actual;estudiante;;08/07/2026
377;31;peso;sector;consultoria;2;23/06/2026
378;31;peso;sector;salud;5;11/07/2026
379;31;peso;sector;finanzas;4;12/07/2026
380;31;peso;tamano;mediana;4;03/07/2026
381;31;peso;movilidad;transporte_publico;2;06/07/2026
382;32;duro;municipio;Donostia;;26/06/2026
383;32;duro;jornada;indiferente;;04/07/2026
384;32;duro;modalidad;hibrida;;02/07/2026
385;32;duro;fecha_inicio_max;22/07/2026;;25/06/2026
386;32;duro;permiso_trabajo;si;;10/07/2026
387;32;duro;situacion_actual;desempleado;;26/06/2026
388;32;peso;sector;finanzas;3;05/07/2026
389;32;peso;tamano;mediana;4;29/06/2026
390;32;peso;estabilidad;indefinido;2;07/07/2026
391;32;peso;movilidad;transporte_publico;3;22/06/2026
392;32;peso;puesto_objetivo;Técnico/a de laboratorio;3;26/06/2026
393;33;duro;municipio;Donostia;;04/07/2026
394;33;duro;radio_km;50;;24/06/2026
395;33;duro;jornada;parcial;;27/06/2026
396;33;duro;contrato;indefinido;;02/07/2026
397;33;duro;salario_min;21000;;10/07/2026
398;33;duro;modalidad;remoto;;25/06/2026
399;33;duro;situacion_actual;desempleado;;27/06/2026
400;33;peso;sector;educacion;2;01/07/2026
401;33;peso;tamano;pequeña;1;11/07/2026
402;33;peso;idioma;ingles;1;10/07/2026
403;33;peso;puesto_objetivo;Técnico/a de laboratorio;5;12/07/2026
404;34;duro;municipio;Azkoitia;;24/06/2026
405;34;duro;radio_km;50;;06/07/2026
406;34;duro;contrato;temporal;;03/07/2026
407;34;duro;salario_min;22000;;25/06/2026
408;34;duro;fecha_inicio_max;22/08/2026;;24/06/2026
409;34;duro;situacion_actual;recien_graduado;;07/07/2026
410;34;duro;turnos;si;;07/07/2026
411;34;peso;sector;industria;5;06/07/2026
412;34;peso;tamano;pequeña;3;05/07/2026
413;34;peso;idioma;ingles;3;29/06/2026
414;34;peso;estabilidad;indefinido;3;06/07/2026
415;34;exclusion;palabra;comisiones;;06/07/2026
416;35;duro;municipio;Legazpi;;11/07/2026
417;35;duro;radio_km;20;;11/07/2026
418;35;duro;jornada;indiferente;;02/07/2026
419;35;duro;salario_min;31000;;07/07/2026
420;35;duro;situacion_actual;empleado;;05/07/2026
421;35;duro;turnos;no;;06/07/2026
422;35;peso;sector;comercio;4;05/07/2026
423;35;peso;sector;finanzas;2;28/06/2026
424;35;peso;sector;salud;5;11/07/2026
425;35;peso;idioma;ingles;5;30/06/2026
426;35;peso;estabilidad;indefinido;5;08/07/2026
427;35;peso;movilidad;bici;3;11/07/2026
428;35;peso;puesto_objetivo;Administrativo/a;3;29/06/2026
429;35;exclusion;empresa;29;;30/06/2026
430;36;duro;municipio;Azkoitia;;27/06/2026
431;36;duro;radio_km;50;;07/07/2026
432;36;duro;jornada;parcial;;12/07/2026
433;36;duro;salario_min;26000;;26/06/2026
434;36;duro;situacion_actual;estudiante;;09/07/2026
435;36;duro;turnos;no;;07/07/2026
436;36;peso;sector;hosteleria;2;08/07/2026
437;36;peso;sector;educacion;4;10/07/2026
438;36;peso;tamano;grande;4;04/07/2026
439;36;peso;idioma;ingles;2;29/06/2026
440;36;peso;estabilidad;indefinido;5;09/07/2026
441;36;peso;movilidad;coche;1;13/07/2026
442;36;peso;puesto_objetivo;Técnico/a de laboratorio;5;08/07/2026
443;36;exclusion;empresa;38;;06/07/2026
444;37;duro;municipio;Irun;;10/07/2026
445;37;duro;radio_km;50;;15/07/2026
446;37;duro;jornada;completa;;12/07/2026
447;37;duro;contrato;indefinido;;03/07/2026
448;37;duro;salario_min;25000;;06/07/2026
449;37;duro;modalidad;remoto;;01/07/2026
450;37;duro;fecha_inicio_max;26/07/2026;;15/07/2026
451;37;duro;situacion_actual;empleado;;29/06/2026
452;37;peso;sector;educacion;2;16/07/2026
453;37;peso;tamano;grande;4;09/07/2026
454;37;peso;movilidad;transporte_publico;2;08/07/2026
455;37;peso;puesto_objetivo;Delineante;5;30/06/2026
456;37;exclusion;ett;si;;04/07/2026
457;37;exclusion;palabra;comisiones;;11/07/2026
458;37;exclusion;sector;tecnologia;;01/07/2026
459;38;duro;municipio;Errenteria;;16/07/2026
460;38;duro;radio_km;50;;05/07/2026
461;38;duro;jornada;completa;;28/06/2026
462;38;duro;contrato;temporal;;17/07/2026
463;38;duro;salario_min;28000;;28/06/2026
464;38;duro;modalidad;presencial;;03/07/2026
465;38;duro;fecha_inicio_max;25/09/2026;;04/07/2026
466;38;duro;situacion_actual;empleado;;29/06/2026
467;38;peso;sector;tecnologia;2;03/07/2026
468;38;peso;sector;comercio;4;10/07/2026
469;38;peso;sector;hosteleria;4;14/07/2026
470;38;peso;tamano;pequeña;2;04/07/2026
471;38;peso;idioma;ingles;2;17/07/2026
472;38;peso;estabilidad;indefinido;4;02/07/2026
473;38;peso;puesto_objetivo;Asesor/a jurídico/a junior;3;01/07/2026
474;38;exclusion;ett;si;;07/07/2026
475;38;exclusion;sector;salud;;17/07/2026
476;38;exclusion;empresa;28;;04/07/2026
477;39;duro;municipio;Eibar;;05/07/2026
478;39;duro;radio_km;10;;11/07/2026
479;39;duro;salario_min;32000;;11/07/2026
480;39;duro;modalidad;remoto;;15/07/2026
481;39;duro;euskera;C1;;11/07/2026
482;39;duro;situacion_actual;recien_graduado;;05/07/2026
483;39;duro;turnos;si;;02/07/2026
484;39;peso;sector;logistica;5;07/07/2026
485;39;peso;idioma;ingles;5;01/07/2026
486;39;peso;estabilidad;indefinido;4;09/07/2026
487;39;peso;movilidad;bici;4;15/07/2026
488;39;exclusion;ett;si;;13/07/2026
489;39;exclusion;sector;finanzas;;09/07/2026
490;40;duro;municipio;Beasain;;16/07/2026
491;40;duro;radio_km;50;;10/07/2026
492;40;duro;jornada;parcial;;06/07/2026
493;40;duro;contrato;indefinido;;15/07/2026
494;40;duro;salario_min;22000;;29/06/2026
495;40;duro;situacion_actual;estudiante;;09/07/2026
496;40;peso;sector;consultoria;5;04/07/2026
497;40;peso;sector;tecnologia;4;18/07/2026
498;40;peso;sector;hosteleria;4;13/07/2026
499;40;peso;tamano;mediana;1;07/07/2026
500;40;peso;idioma;ingles;2;16/07/2026
501;40;peso;estabilidad;indefinido;5;08/07/2026
502;40;peso;puesto_objetivo;Consultor/a junior;4;01/07/2026
503;40;exclusion;sector;salud;;13/07/2026
504;41;duro;municipio;Donostia;;01/07/2026
505;41;duro;radio_km;30;;05/07/2026
506;41;duro;contrato;temporal;;08/07/2026
507;41;duro;salario_min;22000;;13/07/2026
508;41;duro;situacion_actual;estudiante;;09/07/2026
509;41;peso;sector;construccion;3;11/07/2026
510;41;peso;tamano;mediana;1;17/07/2026
511;41;peso;puesto_objetivo;Delineante;3;02/07/2026
512;41;exclusion;sector;logistica;;07/07/2026
513;42;duro;municipio;Andoain;;06/07/2026
514;42;duro;radio_km;50;;06/07/2026
515;42;duro;euskera;C1;;16/07/2026
516;42;duro;situacion_actual;desempleado;;09/07/2026
517;42;duro;turnos;no;;08/07/2026
518;42;peso;sector;construccion;5;15/07/2026
519;42;peso;sector;finanzas;4;06/07/2026
520;42;peso;sector;consultoria;5;02/07/2026
521;42;peso;idioma;ingles;3;16/07/2026
522;42;peso;movilidad;coche;4;01/07/2026
523;42;peso;puesto_objetivo;Recepcionista;4;15/07/2026
524;42;exclusion;ett;si;;18/07/2026
525;43;duro;municipio;Irun;;08/07/2026
526;43;duro;radio_km;50;;30/06/2026
527;43;duro;jornada;parcial;;13/07/2026
528;43;duro;contrato;practicas;;13/07/2026
529;43;duro;salario_min;18000;;02/07/2026
530;43;duro;euskera;B2;;03/07/2026
531;43;duro;permiso_trabajo;si;;05/07/2026
532;43;duro;situacion_actual;recien_graduado;;01/07/2026
533;43;duro;turnos;no;;07/07/2026
534;43;peso;sector;consultoria;4;14/07/2026
535;43;peso;sector;logistica;5;01/07/2026
536;43;peso;idioma;ingles;2;04/07/2026
537;43;peso;estabilidad;indefinido;2;15/07/2026
538;43;peso;movilidad;transporte_publico;4;02/07/2026
539;43;peso;puesto_objetivo;Administrativo/a;4;20/07/2026
540;43;exclusion;sector;hosteleria;;03/07/2026
541;44;duro;municipio;Errenteria;;22/07/2026
542;44;duro;radio_km;50;;17/07/2026
543;44;duro;jornada;completa;;17/07/2026
544;44;duro;salario_min;21000;;12/07/2026
545;44;duro;modalidad;remoto;;13/07/2026
546;44;duro;fecha_inicio_max;30/09/2026;;18/07/2026
547;44;duro;situacion_actual;estudiante;;16/07/2026
548;44;duro;turnos;no;;18/07/2026
549;44;peso;sector;logistica;4;03/07/2026
550;44;peso;estabilidad;indefinido;2;22/07/2026
551;44;peso;puesto_objetivo;Técnico/a de laboratorio;5;05/07/2026
552;44;exclusion;sector;consultoria;;22/07/2026
553;45;duro;municipio;Beasain;;05/07/2026
554;45;duro;radio_km;30;;09/07/2026
555;45;duro;contrato;temporal;;17/07/2026
556;45;duro;modalidad;hibrida;;07/07/2026
557;45;duro;euskera;B1;;11/07/2026
558;45;duro;situacion_actual;empleado;;22/07/2026
559;45;peso;sector;tecnologia;3;10/07/2026
560;45;peso;sector;finanzas;3;21/07/2026
561;45;peso;sector;logistica;5;16/07/2026
562;45;peso;idioma;ingles;1;10/07/2026
563;45;exclusion;palabra;comisiones;;02/07/2026
564;46;duro;municipio;Lasarte-Oria;;23/07/2026
565;46;duro;radio_km;50;;22/07/2026
566;46;duro;contrato;practicas;;15/07/2026
567;46;duro;salario_min;29000;;15/07/2026
568;46;duro;euskera;A2;;18/07/2026
569;46;duro;permiso_trabajo;si;;19/07/2026
570;46;duro;situacion_actual;recien_graduado;;20/07/2026
571;46;peso;sector;educacion;2;16/07/2026
572;46;peso;sector;finanzas;2;07/07/2026
573;46;peso;tamano;pequeña;4;08/07/2026
574;46;peso;movilidad;bici;5;22/07/2026
575;46;peso;puesto_objetivo;Técnico/a de laboratorio;3;16/07/2026
576;46;exclusion;sector;educacion;;22/07/2026
577;47;duro;municipio;Donostia;;12/07/2026
578;47;duro;radio_km;30;;24/07/2026
579;47;duro;jornada;parcial;;23/07/2026
580;47;duro;salario_min;26000;;08/07/2026
581;47;duro;euskera;B2;;04/07/2026
582;47;duro;situacion_actual;empleado;;16/07/2026
583;47;duro;turnos;no;;21/07/2026
584;47;peso;sector;salud;2;11/07/2026
585;47;peso;sector;educacion;2;06/07/2026
586;47;peso;sector;consultoria;2;21/07/2026
587;47;peso;estabilidad;indefinido;4;23/07/2026
588;47;peso;puesto_objetivo;Técnico/a de marketing digital;5;22/07/2026
589;47;exclusion;ett;si;;07/07/2026
590;48;duro;municipio;Beasain;;15/07/2026
591;48;duro;radio_km;20;;15/07/2026
592;48;duro;salario_min;21000;;24/07/2026
593;48;duro;euskera;A2;;23/07/2026
594;48;duro;situacion_actual;desempleado;;11/07/2026
595;48;duro;turnos;si;;15/07/2026
596;48;peso;sector;construccion;2;15/07/2026
597;48;peso;sector;comercio;5;18/07/2026
598;48;peso;tamano;mediana;2;05/07/2026
599;48;peso;estabilidad;indefinido;4;16/07/2026
600;48;peso;movilidad;coche;4;22/07/2026
601;48;exclusion;ett;si;;12/07/2026
602;49;duro;municipio;Tolosa;;09/07/2026
603;49;duro;radio_km;10;;15/07/2026
604;49;duro;salario_min;31000;;14/07/2026
605;49;duro;situacion_actual;estudiante;;12/07/2026
606;49;peso;sector;consultoria;2;05/07/2026
607;49;peso;sector;tecnologia;3;23/07/2026
608;49;peso;tamano;grande;4;24/07/2026
609;49;exclusion;palabra;autónomo;;05/07/2026
610;50;duro;municipio;Pasaia;;11/07/2026
611;50;duro;radio_km;50;;24/07/2026
612;50;duro;jornada;indiferente;;24/07/2026
613;50;duro;salario_min;16000;;20/07/2026
614;50;duro;euskera;A2;;21/07/2026
615;50;duro;situacion_actual;recien_graduado;;11/07/2026
616;50;peso;sector;finanzas;2;12/07/2026
617;50;peso;sector;construccion;5;21/07/2026
618;50;peso;tamano;mediana;5;13/07/2026
619;50;peso;idioma;ingles;3;15/07/2026
620;50;peso;estabilidad;indefinido;5;24/07/2026
621;50;peso;puesto_objetivo;Técnico/a de laboratorio;3;21/07/2026
622;51;duro;municipio;Azpeitia;;08/07/2026
623;51;duro;radio_km;50;;22/07/2026
624;51;duro;jornada;completa;;24/07/2026
625;51;duro;contrato;temporal;;16/07/2026
626;51;duro;fecha_inicio_max;04/08/2026;;13/07/2026
627;51;duro;situacion_actual;desempleado;;24/07/2026
628;51;peso;sector;consultoria;4;22/07/2026
629;51;peso;sector;hosteleria;5;09/07/2026
630;51;peso;sector;logistica;5;14/07/2026
631;51;peso;idioma;ingles;5;17/07/2026
632;51;peso;movilidad;bici;4;09/07/2026
633;51;peso;puesto_objetivo;Técnico/a de marketing digital;4;18/07/2026
634;51;exclusion;empresa;35;;09/07/2026
635;52;duro;municipio;Errenteria;;18/07/2026
636;52;duro;radio_km;10;;18/07/2026
637;52;duro;jornada;completa;;06/07/2026
638;52;duro;salario_min;22000;;14/07/2026
639;52;duro;modalidad;hibrida;;14/07/2026
640;52;duro;situacion_actual;empleado;;18/07/2026
641;52;peso;sector;salud;2;12/07/2026
642;52;peso;sector;logistica;5;18/07/2026
643;52;peso;sector;hosteleria;2;10/07/2026
644;52;peso;puesto_objetivo;Ingeniero/a de procesos;3;17/07/2026
645;52;exclusion;ett;si;;07/07/2026
646;52;exclusion;palabra;turno de noche;;24/07/2026
647;52;exclusion;sector;hosteleria;;05/07/2026
648;53;duro;municipio;Irun;;22/07/2026
649;53;duro;radio_km;50;;05/07/2026
650;53;duro;jornada;parcial;;13/07/2026
651;53;duro;salario_min;19000;;23/07/2026
652;53;duro;fecha_inicio_max;03/10/2026;;05/07/2026
653;53;duro;situacion_actual;recien_graduado;;16/07/2026
654;53;duro;turnos;no;;09/07/2026
655;53;peso;sector;consultoria;3;07/07/2026
656;53;peso;sector;salud;3;07/07/2026
657;53;peso;tamano;pequeña;3;17/07/2026
658;53;peso;idioma;ingles;4;07/07/2026
659;53;peso;estabilidad;indefinido;3;14/07/2026
660;53;peso;movilidad;bici;1;05/07/2026
661;53;peso;puesto_objetivo;Técnico/a de marketing digital;3;05/07/2026
662;53;exclusion;ett;si;;25/07/2026
663;53;exclusion;sector;logistica;;15/07/2026
664;54;duro;municipio;Errenteria;;11/07/2026
665;54;duro;radio_km;20;;16/07/2026
666;54;duro;jornada;completa;;05/07/2026
667;54;duro;salario_min;18000;;22/07/2026
668;54;duro;modalidad;hibrida;;22/07/2026
669;54;duro;fecha_inicio_max;04/08/2026;;13/07/2026
670;54;duro;situacion_actual;desempleado;;22/07/2026
671;54;duro;turnos;si;;13/07/2026
672;54;peso;sector;logistica;5;13/07/2026
673;54;peso;tamano;grande;5;11/07/2026
674;54;peso;estabilidad;indefinido;5;13/07/2026
675;54;peso;movilidad;transporte_publico;4;17/07/2026
676;54;exclusion;sector;hosteleria;;23/07/2026
677;55;duro;municipio;Donostia;;25/07/2026
678;55;duro;radio_km;50;;12/07/2026
679;55;duro;jornada;completa;;10/07/2026
680;55;duro;salario_min;22000;;19/07/2026
681;55;duro;fecha_inicio_max;06/09/2026;;08/07/2026
682;55;duro;situacion_actual;recien_graduado;;13/07/2026
683;55;duro;turnos;si;;16/07/2026
684;55;peso;sector;finanzas;4;10/07/2026
685;55;peso;sector;construccion;3;11/07/2026
686;55;peso;tamano;pequeña;3;08/07/2026
687;55;peso;estabilidad;indefinido;5;17/07/2026
688;56;duro;municipio;Arrasate;;22/07/2026
689;56;duro;radio_km;10;;19/07/2026
690;56;duro;salario_min;31000;;18/07/2026
691;56;duro;modalidad;remoto;;15/07/2026
692;56;duro;situacion_actual;estudiante;;28/07/2026
693;56;peso;sector;consultoria;5;24/07/2026
694;56;peso;sector;hosteleria;3;17/07/2026
695;56;peso;sector;finanzas;3;15/07/2026
696;56;peso;idioma;ingles;5;14/07/2026
697;56;peso;estabilidad;indefinido;5;12/07/2026
698;56;peso;movilidad;coche;1;26/07/2026
699;56;exclusion;ett;si;;22/07/2026
700;56;exclusion;sector;hosteleria;;25/07/2026
701;57;duro;municipio;Donostia;;10/07/2026
702;57;duro;radio_km;30;;29/07/2026
703;57;duro;jornada;parcial;;26/07/2026
704;57;duro;salario_min;21000;;26/07/2026
705;57;duro;modalidad;hibrida;;10/07/2026
706;57;duro;situacion_actual;recien_graduado;;19/07/2026
707;57;duro;turnos;si;;10/07/2026
708;57;peso;sector;finanzas;3;13/07/2026
709;57;peso;sector;educacion;3;17/07/2026
710;57;peso;idioma;ingles;5;29/07/2026
711;57;exclusion;ett;si;;12/07/2026
712;58;duro;municipio;Errenteria;;13/07/2026
713;58;duro;radio_km;50;;20/07/2026
714;58;duro;salario_min;23000;;25/07/2026
715;58;duro;euskera;A2;;27/07/2026
716;58;duro;fecha_inicio_max;09/08/2026;;17/07/2026
717;58;duro;situacion_actual;estudiante;;29/07/2026
718;58;peso;sector;logistica;5;17/07/2026
719;58;peso;sector;educacion;3;24/07/2026
720;58;peso;tamano;grande;1;23/07/2026
721;58;peso;movilidad;bici;5;11/07/2026
722;58;exclusion;ett;si;;14/07/2026
723;58;exclusion;palabra;fines de semana;;21/07/2026
724;58;exclusion;empresa;16;;26/07/2026
725;59;duro;municipio;Irun;;23/07/2026
726;59;duro;radio_km;20;;16/07/2026
727;59;duro;jornada;completa;;25/07/2026
728;59;duro;contrato;indefinido;;28/07/2026
729;59;duro;modalidad;hibrida;;22/07/2026
730;59;duro;euskera;C1;;25/07/2026
731;59;duro;situacion_actual;desempleado;;29/07/2026
732;59;duro;turnos;si;;22/07/2026
733;59;peso;sector;industria;5;17/07/2026
734;59;peso;sector;consultoria;4;14/07/2026
735;59;peso;idioma;ingles;3;20/07/2026
736;59;peso;estabilidad;indefinido;5;28/07/2026
737;59;peso;movilidad;coche;3;16/07/2026
738;59;exclusion;palabra;fines de semana;;24/07/2026
739;60;duro;municipio;Errenteria;;18/07/2026
740;60;duro;radio_km;10;;21/07/2026
741;60;duro;contrato;temporal;;29/07/2026
742;60;duro;salario_min;16000;;16/07/2026
743;60;duro;modalidad;presencial;;23/07/2026
744;60;duro;fecha_inicio_max;09/10/2026;;21/07/2026
745;60;duro;situacion_actual;desempleado;;31/07/2026
746;60;peso;sector;salud;3;16/07/2026
747;60;peso;sector;construccion;5;21/07/2026
748;60;peso;sector;consultoria;2;28/07/2026
749;60;peso;tamano;pequeña;2;24/07/2026
750;60;peso;idioma;ingles;2;22/07/2026
751;60;peso;puesto_objetivo;Educador/a;3;21/07/2026
752;60;exclusion;empresa;41;;26/07/2026
753;61;duro;municipio;Tolosa;;19/07/2026
754;61;duro;radio_km;20;;27/07/2026
755;61;duro;contrato;indefinido;;18/07/2026
756;61;duro;salario_min;17000;;25/07/2026
757;61;duro;euskera;B1;;18/07/2026
758;61;duro;situacion_actual;estudiante;;25/07/2026
759;61;peso;sector;comercio;5;12/07/2026
760;61;peso;idioma;ingles;2;21/07/2026
761;61;peso;estabilidad;indefinido;4;23/07/2026
762;61;peso;movilidad;transporte_publico;2;28/07/2026
763;61;peso;puesto_objetivo;Dependiente/a;3;17/07/2026
764;62;duro;municipio;Irun;;19/07/2026
765;62;duro;radio_km;20;;23/07/2026
766;62;duro;jornada;completa;;20/07/2026
767;62;duro;euskera;C1;;18/07/2026
768;62;duro;situacion_actual;empleado;;01/08/2026
769;62;peso;sector;salud;2;20/07/2026
770;62;peso;sector;educacion;3;29/07/2026
771;62;peso;sector;tecnologia;3;18/07/2026
772;62;peso;idioma;ingles;4;25/07/2026
773;62;peso;estabilidad;indefinido;3;21/07/2026
774;62;peso;movilidad;coche;1;21/07/2026
775;62;peso;puesto_objetivo;Técnico/a de logística;5;23/07/2026
776;63;duro;municipio;Hernani;;12/07/2026
777;63;duro;radio_km;50;;12/07/2026
778;63;duro;contrato;temporal;;14/07/2026
779;63;duro;salario_min;28000;;29/07/2026
780;63;duro;situacion_actual;estudiante;;13/07/2026
781;63;duro;turnos;no;;13/07/2026
782;63;peso;sector;construccion;2;18/07/2026
783;63;peso;estabilidad;indefinido;4;17/07/2026
784;63;peso;movilidad;bici;4;23/07/2026
785;63;peso;puesto_objetivo;Desarrollador/a backend;4;27/07/2026
786;64;duro;municipio;Andoain;;24/07/2026
787;64;duro;radio_km;20;;28/07/2026
788;64;duro;jornada;indiferente;;25/07/2026
789;64;duro;salario_min;26000;;15/07/2026
790;64;duro;modalidad;presencial;;23/07/2026
791;64;duro;euskera;B1;;31/07/2026
792;64;duro;permiso_trabajo;si;;21/07/2026
793;64;duro;situacion_actual;desempleado;;19/07/2026
794;64;peso;sector;logistica;2;24/07/2026
795;64;peso;sector;finanzas;4;23/07/2026
796;64;peso;tamano;pequeña;4;21/07/2026
797;64;peso;idioma;ingles;1;01/08/2026
798;64;peso;movilidad;coche;2;20/07/2026
799;64;exclusion;empresa;38;;24/07/2026
800;65;duro;municipio;Irun;;14/07/2026
801;65;duro;radio_km;10;;16/07/2026
802;65;duro;jornada;completa;;19/07/2026
803;65;duro;contrato;practicas;;13/07/2026
804;65;duro;salario_min;26000;;01/08/2026
805;65;duro;situacion_actual;estudiante;;19/07/2026
806;65;peso;sector;logistica;3;21/07/2026
807;65;peso;sector;comercio;2;21/07/2026
808;65;peso;tamano;mediana;1;16/07/2026
809;65;peso;movilidad;transporte_publico;5;02/08/2026
810;65;exclusion;palabra;comisiones;;21/07/2026
811;66;duro;municipio;Lasarte-Oria;;19/07/2026
812;66;duro;radio_km;10;;13/07/2026
813;66;duro;jornada;completa;;18/07/2026
814;66;duro;salario_min;19000;;01/08/2026
815;66;duro;modalidad;hibrida;;21/07/2026
816;66;duro;fecha_inicio_max;11/10/2026;;02/08/2026
817;66;duro;situacion_actual;estudiante;;20/07/2026
818;66;duro;turnos;si;;30/07/2026
819;66;peso;sector;salud;5;23/07/2026
820;66;peso;sector;hosteleria;5;31/07/2026
821;66;peso;tamano;mediana;4;14/07/2026
822;66;peso;idioma;ingles;4;22/07/2026
823;66;peso;puesto_objetivo;Almacenero/a;5;01/08/2026
824;67;duro;municipio;Hernani;;27/07/2026
825;67;duro;radio_km;10;;18/07/2026
826;67;duro;jornada;indiferente;;27/07/2026
827;67;duro;contrato;temporal;;26/07/2026
828;67;duro;salario_min;22000;;13/07/2026
829;67;duro;euskera;B2;;21/07/2026
830;67;duro;fecha_inicio_max;12/08/2026;;17/07/2026
831;67;duro;situacion_actual;empleado;;16/07/2026
832;67;peso;sector;consultoria;2;17/07/2026
833;67;peso;sector;finanzas;2;20/07/2026
834;67;peso;estabilidad;indefinido;3;17/07/2026
835;67;peso;puesto_objetivo;Consultor/a junior;5;22/07/2026
836;67;exclusion;palabra;fines de semana;;18/07/2026
837;68;duro;municipio;Arrasate;;29/07/2026
838;68;duro;radio_km;10;;31/07/2026
839;68;duro;jornada;parcial;;20/07/2026
840;68;duro;salario_min;29000;;17/07/2026
841;68;duro;modalidad;hibrida;;24/07/2026
842;68;duro;situacion_actual;estudiante;;23/07/2026
843;68;peso;sector;salud;5;16/07/2026
844;68;peso;tamano;pequeña;3;02/08/2026
845;68;peso;idioma;ingles;2;30/07/2026
846;68;peso;puesto_objetivo;Técnico/a de mantenimiento;3;19/07/2026
847;68;exclusion;palabra;autónomo;;01/08/2026
848;69;duro;municipio;Donostia;;20/07/2026
849;69;duro;radio_km;30;;16/07/2026
850;69;duro;jornada;parcial;;28/07/2026
851;69;duro;contrato;practicas;;21/07/2026
852;69;duro;salario_min;29000;;21/07/2026
853;69;duro;permiso_trabajo;si;;22/07/2026
854;69;duro;situacion_actual;recien_graduado;;25/07/2026
855;69;duro;turnos;si;;17/07/2026
856;69;peso;sector;hosteleria;4;16/07/2026
857;69;peso;tamano;mediana;5;13/07/2026
858;69;peso;idioma;ingles;2;24/07/2026
859;69;peso;movilidad;bici;4;28/07/2026
860;70;duro;municipio;Arrasate;;29/07/2026
861;70;duro;radio_km;10;;24/07/2026
862;70;duro;jornada;completa;;23/07/2026
863;70;duro;salario_min;23000;;29/07/2026
864;70;duro;permiso_trabajo;si;;26/07/2026
865;70;duro;situacion_actual;desempleado;;18/07/2026
866;70;duro;turnos;no;;02/08/2026
867;70;peso;sector;tecnologia;3;29/07/2026
868;70;peso;sector;logistica;2;18/07/2026
869;70;peso;estabilidad;indefinido;2;01/08/2026
870;70;peso;movilidad;transporte_publico;3;21/07/2026
871;70;peso;puesto_objetivo;Consultor/a junior;5;15/07/2026
872;70;exclusion;palabra;fines de semana;;25/07/2026
873;71;duro;municipio;Zumarraga;;22/07/2026
874;71;duro;radio_km;20;;30/07/2026
875;71;duro;salario_min;21000;;31/07/2026
876;71;duro;modalidad;hibrida;;20/07/2026
877;71;duro;fecha_inicio_max;12/10/2026;;23/07/2026
878;71;duro;situacion_actual;empleado;;14/07/2026
879;71;peso;sector;industria;5;18/07/2026
880;71;exclusion;palabra;fines de semana;;16/07/2026
881;71;exclusion;sector;consultoria;;17/07/2026
882;72;duro;municipio;Azkoitia;;17/07/2026
883;72;duro;radio_km;20;;25/07/2026
884;72;duro;jornada;completa;;21/07/2026
885;72;duro;contrato;practicas;;22/07/2026
886;72;duro;salario_min;26000;;16/07/2026
887;72;duro;modalidad;presencial;;28/07/2026
888;72;duro;euskera;C1;;28/07/2026
889;72;duro;situacion_actual;estudiante;;19/07/2026
890;72;duro;turnos;si;;17/07/2026
891;72;peso;sector;tecnologia;2;02/08/2026
892;72;peso;sector;consultoria;2;27/07/2026
893;72;peso;tamano;pequeña;2;15/07/2026
894;72;peso;idioma;ingles;4;20/07/2026
895;72;peso;estabilidad;indefinido;4;29/07/2026
896;72;peso;puesto_objetivo;Consultor/a junior;5;27/07/2026
897;73;duro;municipio;Hernani;;21/07/2026
898;73;duro;jornada;parcial;;21/07/2026
899;73;duro;modalidad;remoto;;17/07/2026
900;73;duro;situacion_actual;recien_graduado;;03/08/2026
901;73;duro;turnos;si;;01/08/2026
902;73;peso;sector;construccion;3;29/07/2026
903;73;peso;sector;industria;4;04/08/2026
904;73;peso;tamano;grande;2;25/07/2026
905;73;peso;puesto_objetivo;Técnico/a de mantenimiento;5;24/07/2026
906;73;exclusion;palabra;turno de noche;;31/07/2026
907;73;exclusion;sector;salud;;25/07/2026
908;74;duro;municipio;Azpeitia;;23/07/2026
909;74;duro;radio_km;20;;03/08/2026
910;74;duro;salario_min;28000;;21/07/2026
911;74;duro;modalidad;presencial;;25/07/2026
912;74;duro;situacion_actual;empleado;;20/07/2026
913;74;peso;sector;logistica;4;02/08/2026
914;74;peso;tamano;grande;5;22/07/2026
915;74;peso;idioma;ingles;5;18/07/2026
916;74;peso;estabilidad;indefinido;5;01/08/2026
917;74;exclusion;ett;si;;20/07/2026
918;74;exclusion;palabra;fines de semana;;24/07/2026
919;75;duro;municipio;Bergara;;29/07/2026
920;75;duro;radio_km;30;;20/07/2026
921;75;duro;salario_min;16000;;18/07/2026
922;75;duro;modalidad;presencial;;29/07/2026
923;75;duro;euskera;C1;;18/07/2026
924;75;duro;permiso_trabajo;si;;28/07/2026
925;75;duro;situacion_actual;recien_graduado;;01/08/2026
926;75;peso;sector;logistica;5;24/07/2026
927;75;peso;sector;comercio;3;23/07/2026
928;75;peso;estabilidad;indefinido;2;04/08/2026
929;75;exclusion;ett;si;;02/08/2026
930;76;duro;municipio;Azpeitia;;21/07/2026
931;76;duro;radio_km;30;;22/07/2026
932;76;duro;jornada;parcial;;23/07/2026
933;76;duro;contrato;practicas;;17/07/2026
934;76;duro;modalidad;presencial;;23/07/2026
935;76;duro;euskera;A2;;04/08/2026
936;76;duro;fecha_inicio_max;14/08/2026;;18/07/2026
937;76;duro;situacion_actual;estudiante;;30/07/2026
938;76;peso;sector;tecnologia;2;28/07/2026
939;76;peso;tamano;mediana;5;31/07/2026
940;76;peso;idioma;ingles;3;29/07/2026
941;76;peso;estabilidad;indefinido;3;03/08/2026
942;76;peso;movilidad;bici;5;04/08/2026
943;76;peso;puesto_objetivo;Comercial;4;28/07/2026
944;76;exclusion;empresa;60;;19/07/2026
945;77;duro;municipio;Ordizia;;02/08/2026
946;77;duro;radio_km;50;;29/07/2026
947;77;duro;salario_min;18000;;23/07/2026
948;77;duro;modalidad;presencial;;19/07/2026
949;77;duro;fecha_inicio_max;14/09/2026;;29/07/2026
950;77;duro;situacion_actual;recien_graduado;;31/07/2026
951;77;duro;turnos;no;;02/08/2026
952;77;peso;sector;finanzas;2;02/08/2026
953;77;peso;sector;consultoria;4;27/07/2026
954;77;peso;movilidad;coche;5;26/07/2026
955;77;peso;puesto_objetivo;Auxiliar contable;5;19/07/2026
956;77;exclusion;ett;si;;24/07/2026
957;77;exclusion;palabra;fines de semana;;26/07/2026
958;78;duro;municipio;Eibar;;17/07/2026
959;78;duro;radio_km;30;;28/07/2026
960;78;duro;jornada;parcial;;31/07/2026
961;78;duro;salario_min;18000;;17/07/2026
962;78;duro;modalidad;hibrida;;20/07/2026
963;78;duro;fecha_inicio_max;14/10/2026;;23/07/2026
964;78;duro;situacion_actual;estudiante;;21/07/2026
965;78;peso;sector;construccion;3;22/07/2026
966;78;peso;sector;salud;4;18/07/2026
967;78;peso;tamano;grande;2;17/07/2026
968;78;peso;idioma;ingles;1;18/07/2026
969;78;peso;puesto_objetivo;Analista de datos;5;28/07/2026
970;78;exclusion;sector;salud;;29/07/2026
971;78;exclusion;empresa;60;;29/07/2026
972;79;duro;municipio;Errenteria;;21/07/2026
973;79;duro;radio_km;10;;20/07/2026
974;79;duro;jornada;indiferente;;01/08/2026
975;79;duro;salario_min;27000;;28/07/2026
976;79;duro;situacion_actual;estudiante;;21/07/2026
977;79;peso;sector;salud;5;17/07/2026
978;79;peso;tamano;grande;4;26/07/2026
979;79;peso;idioma;ingles;2;04/08/2026
980;79;peso;movilidad;transporte_publico;5;02/08/2026
981;79;exclusion;sector;industria;;16/07/2026
982;80;duro;municipio;Donostia;;04/08/2026
983;80;duro;radio_km;50;;28/07/2026
984;80;duro;salario_min;26000;;31/07/2026
985;80;duro;fecha_inicio_max;16/09/2026;;21/07/2026
986;80;duro;situacion_actual;desempleado;;05/08/2026
987;80;duro;turnos;si;;02/08/2026
988;80;peso;sector;consultoria;2;30/07/2026
989;80;peso;sector;tecnologia;4;24/07/2026
990;80;peso;idioma;ingles;5;24/07/2026
991;80;peso;puesto_objetivo;Educador/a;5;24/07/2026
992;80;exclusion;ett;si;;29/07/2026
993;80;exclusion;palabra;turno de noche;;21/07/2026
994;80;exclusion;empresa;32;;24/07/2026
995;81;duro;municipio;Oñati;;06/08/2026
996;81;duro;radio_km;50;;06/08/2026
997;81;duro;jornada;parcial;;01/08/2026
998;81;duro;salario_min;29000;;31/07/2026
999;81;duro;euskera;B2;;20/07/2026
1000;81;duro;situacion_actual;empleado;;23/07/2026
1001;81;peso;sector;comercio;3;20/07/2026
1002;81;peso;tamano;pequeña;4;19/07/2026
1003;81;peso;idioma;ingles;2;05/08/2026
1004;82;duro;municipio;Donostia;;26/07/2026
1005;82;duro;radio_km;50;;25/07/2026
1006;82;duro;salario_min;17000;;21/07/2026
1007;82;duro;fecha_inicio_max;17/10/2026;;24/07/2026
1008;82;duro;situacion_actual;recien_graduado;;27/07/2026
1009;82;peso;sector;educacion;4;19/07/2026
1010;82;peso;tamano;mediana;2;03/08/2026
1011;82;peso;puesto_objetivo;Ingeniero/a de procesos;5;25/07/2026
1012;82;exclusion;palabra;autónomo;;20/07/2026
1013;82;exclusion;sector;consultoria;;28/07/2026
1014;83;duro;municipio;Andoain;;31/07/2026
1015;83;duro;radio_km;30;;27/07/2026
1016;83;duro;jornada;indiferente;;07/08/2026
1017;83;duro;contrato;indefinido;;24/07/2026
1018;83;duro;modalidad;remoto;;03/08/2026
1019;83;duro;euskera;B1;;05/08/2026
1020;83;duro;situacion_actual;estudiante;;25/07/2026
1021;83;peso;sector;construccion;5;27/07/2026
1022;83;peso;tamano;grande;2;29/07/2026
1023;83;peso;idioma;ingles;2;19/07/2026
1024;83;peso;estabilidad;indefinido;3;19/07/2026
1025;83;peso;movilidad;coche;5;07/08/2026
1026;83;peso;puesto_objetivo;Ingeniero/a de procesos;3;23/07/2026
1027;83;exclusion;ett;si;;01/08/2026
1028;83;exclusion;palabra;turno de noche;;21/07/2026
1029;84;duro;municipio;Errenteria;;03/08/2026
1030;84;duro;radio_km;20;;20/07/2026
1031;84;duro;jornada;completa;;26/07/2026
1032;84;duro;modalidad;remoto;;04/08/2026
1033;84;duro;permiso_trabajo;si;;01/08/2026
1034;84;duro;situacion_actual;estudiante;;25/07/2026
1035;84;peso;sector;hosteleria;5;25/07/2026
1036;84;peso;sector;industria;2;22/07/2026
1037;84;peso;tamano;grande;1;02/08/2026
1038;84;peso;estabilidad;indefinido;5;02/08/2026
1039;84;exclusion;ett;si;;31/07/2026
1040;84;exclusion;palabra;turno de noche;;27/07/2026
1041;84;exclusion;sector;industria;;27/07/2026
1042;85;duro;municipio;Eibar;;03/08/2026
1043;85;duro;radio_km;20;;28/07/2026
1044;85;duro;jornada;parcial;;23/07/2026
1045;85;duro;contrato;temporal;;05/08/2026
1046;85;duro;salario_min;27000;;25/07/2026
1047;85;duro;modalidad;hibrida;;03/08/2026
1048;85;duro;euskera;B2;;22/07/2026
1049;85;duro;fecha_inicio_max;21/08/2026;;10/08/2026
1050;85;duro;situacion_actual;recien_graduado;;27/07/2026
1051;85;peso;sector;tecnologia;2;26/07/2026
1052;85;peso;sector;consultoria;3;26/07/2026
1053;85;peso;tamano;pequeña;4;06/08/2026
1054;85;peso;idioma;ingles;2;11/08/2026
1055;85;peso;estabilidad;indefinido;5;08/08/2026
1056;85;peso;movilidad;transporte_publico;2;11/08/2026
1057;85;peso;puesto_objetivo;Administrador/a de sistemas;5;28/07/2026
1058;86;duro;municipio;Azpeitia;;01/08/2026
1059;86;duro;radio_km;50;;29/07/2026
1060;86;duro;jornada;parcial;;02/08/2026
1061;86;duro;salario_min;18000;;08/08/2026
1062;86;duro;modalidad;remoto;;27/07/2026
1063;86;duro;euskera;A2;;30/07/2026
1064;86;duro;situacion_actual;recien_graduado;;05/08/2026
1065;86;duro;turnos;no;;09/08/2026
1066;86;peso;sector;educacion;4;03/08/2026
1067;86;peso;sector;salud;2;08/08/2026
1068;86;peso;tamano;grande;5;25/07/2026
1069;86;peso;movilidad;bici;4;07/08/2026
1070;86;exclusion;sector;logistica;;23/07/2026
1071;87;duro;municipio;Eibar;;01/08/2026
1072;87;duro;radio_km;10;;24/07/2026
1073;87;duro;jornada;parcial;;25/07/2026
1074;87;duro;salario_min;17000;;01/08/2026
1075;87;duro;situacion_actual;recien_graduado;;07/08/2026
1076;87;peso;sector;salud;2;11/08/2026
1077;87;peso;tamano;grande;2;10/08/2026
1078;87;peso;estabilidad;indefinido;5;28/07/2026
1079;87;peso;puesto_objetivo;Delineante;5;30/07/2026
1080;87;exclusion;ett;si;;27/07/2026
1081;87;exclusion;empresa;44;;31/07/2026
1082;88;duro;municipio;Zumarraga;;29/07/2026
1083;88;duro;radio_km;50;;02/08/2026
1084;88;duro;modalidad;remoto;;30/07/2026
1085;88;duro;situacion_actual;empleado;;01/08/2026
1086;88;duro;turnos;no;;31/07/2026
1087;88;peso;sector;salud;5;05/08/2026
1088;88;peso;sector;logistica;4;07/08/2026
1089;88;peso;estabilidad;indefinido;4;08/08/2026
1090;88;exclusion;ett;si;;25/07/2026
1091;88;exclusion;palabra;turno de noche;;31/07/2026
1092;89;duro;municipio;Irun;;07/08/2026
1093;89;duro;jornada;completa;;30/07/2026
1094;89;duro;contrato;practicas;;27/07/2026
1095;89;duro;salario_min;20000;;12/08/2026
1096;89;duro;modalidad;presencial;;24/07/2026
1097;89;duro;euskera;C1;;29/07/2026
1098;89;duro;fecha_inicio_max;22/08/2026;;12/08/2026
1099;89;duro;permiso_trabajo;si;;07/08/2026
1100;89;duro;situacion_actual;estudiante;;30/07/2026
1101;89;duro;turnos;no;;31/07/2026
1102;89;peso;sector;tecnologia;2;29/07/2026
1103;89;peso;idioma;ingles;1;01/08/2026
1104;89;peso;estabilidad;indefinido;3;25/07/2026
1105;89;peso;movilidad;bici;2;27/07/2026
1106;89;peso;puesto_objetivo;Administrador/a de sistemas;5;04/08/2026
1107;90;duro;municipio;Tolosa;;02/08/2026
1108;90;duro;radio_km;20;;03/08/2026
1109;90;duro;salario_min;30000;;12/08/2026
1110;90;duro;modalidad;presencial;;23/07/2026
1111;90;duro;euskera;B2;;27/07/2026
1112;90;duro;situacion_actual;desempleado;;11/08/2026
1113;90;peso;sector;construccion;3;12/08/2026
1114;90;peso;sector;tecnologia;5;08/08/2026
1115;90;peso;sector;logistica;2;25/07/2026
1116;90;peso;tamano;pequeña;5;08/08/2026
1117;90;peso;estabilidad;indefinido;5;25/07/2026
1118;90;exclusion;ett;si;;03/08/2026
1119;90;exclusion;empresa;6;;09/08/2026
1120;91;duro;municipio;Donostia;;24/07/2026
1121;91;duro;radio_km;50;;26/07/2026
1122;91;duro;jornada;indiferente;;11/08/2026
1123;91;duro;contrato;indefinido;;03/08/2026
1124;91;duro;modalidad;hibrida;;29/07/2026
1125;91;duro;permiso_trabajo;si;;10/08/2026
1126;91;duro;situacion_actual;estudiante;;13/08/2026
1127;91;peso;sector;comercio;4;30/07/2026
1128;91;peso;tamano;mediana;4;30/07/2026
1129;91;peso;idioma;ingles;5;05/08/2026
1130;92;duro;municipio;Donostia;;05/08/2026
1131;92;duro;radio_km;50;;06/08/2026
1132;92;duro;jornada;indiferente;;13/08/2026
1133;92;duro;situacion_actual;estudiante;;05/08/2026
1134;92;duro;turnos;no;;04/08/2026
1135;92;peso;sector;comercio;4;02/08/2026
1136;92;peso;sector;industria;4;25/07/2026
1137;92;peso;sector;logistica;5;08/08/2026
1138;92;peso;puesto_objetivo;Analista de datos;5;04/08/2026
1139;92;exclusion;palabra;autónomo;;07/08/2026
1140;93;duro;municipio;Donostia;;11/08/2026
1141;93;duro;radio_km;10;;11/08/2026
1142;93;duro;jornada;completa;;08/08/2026
1143;93;duro;salario_min;24000;;31/07/2026
1144;93;duro;modalidad;remoto;;26/07/2026
1145;93;duro;fecha_inicio_max;24/08/2026;;26/07/2026
1146;93;duro;permiso_trabajo;si;;04/08/2026
1147;93;duro;situacion_actual;recien_graduado;;10/08/2026
1148;93;peso;sector;construccion;5;05/08/2026
1149;93;peso;sector;educacion;4;06/08/2026
1150;93;peso;sector;industria;3;25/07/2026
1151;93;peso;tamano;mediana;5;09/08/2026
1152;93;peso;estabilidad;indefinido;5;14/08/2026
1153;93;peso;puesto_objetivo;Dependiente/a;5;30/07/2026
1154;94;duro;municipio;Zarautz;;04/08/2026
1155;94;duro;radio_km;50;;02/08/2026
1156;94;duro;jornada;parcial;;08/08/2026
1157;94;duro;contrato;indefinido;;03/08/2026
1158;94;duro;situacion_actual;empleado;;06/08/2026
1159;94;peso;sector;hosteleria;4;03/08/2026
1160;94;peso;sector;tecnologia;2;07/08/2026
1161;94;peso;tamano;pequeña;5;15/08/2026
1162;94;peso;idioma;ingles;2;15/08/2026
1163;94;peso;estabilidad;indefinido;3;08/08/2026
1164;94;peso;movilidad;bici;2;06/08/2026
1165;94;peso;puesto_objetivo;Comercial;3;15/08/2026
1166;94;exclusion;palabra;fines de semana;;28/07/2026
1167;94;exclusion;empresa;17;;10/08/2026
1168;95;duro;municipio;Azkoitia;;31/07/2026
1169;95;duro;radio_km;20;;07/08/2026
1170;95;duro;jornada;parcial;;02/08/2026
1171;95;duro;salario_min;16000;;27/07/2026
1172;95;duro;modalidad;presencial;;08/08/2026
1173;95;duro;permiso_trabajo;si;;04/08/2026
1174;95;duro;situacion_actual;recien_graduado;;13/08/2026
1175;95;duro;turnos;si;;02/08/2026
1176;95;peso;sector;comercio;3;04/08/2026
1177;95;peso;tamano;pequeña;3;02/08/2026
1178;95;peso;estabilidad;indefinido;4;26/07/2026
1179;95;peso;puesto_objetivo;Educador/a;5;01/08/2026
1180;95;exclusion;ett;si;;03/08/2026
1181;96;duro;municipio;Bergara;;14/08/2026
1182;96;duro;radio_km;10;;02/08/2026
1183;96;duro;jornada;parcial;;08/08/2026
1184;96;duro;salario_min;19000;;11/08/2026
1185;96;duro;modalidad;presencial;;16/08/2026
1186;96;duro;situacion_actual;recien_graduado;;05/08/2026
1187;96;peso;sector;comercio;3;02/08/2026
1188;96;peso;sector;hosteleria;4;09/08/2026
1189;96;peso;sector;consultoria;5;14/08/2026
1190;96;peso;estabilidad;indefinido;5;02/08/2026
1191;96;peso;movilidad;transporte_publico;5;28/07/2026
1192;96;peso;puesto_objetivo;Delineante;5;07/08/2026
1193;96;exclusion;sector;consultoria;;15/08/2026
1194;97;duro;municipio;Tolosa;;09/08/2026
1195;97;duro;radio_km;30;;03/08/2026
1196;97;duro;euskera;A2;;31/07/2026
1197;97;duro;fecha_inicio_max;26/08/2026;;11/08/2026
1198;97;duro;situacion_actual;recien_graduado;;15/08/2026
1199;97;peso;sector;salud;5;29/07/2026
1200;97;peso;sector;finanzas;2;04/08/2026
1201;97;peso;tamano;grande;5;13/08/2026
1202;97;peso;idioma;ingles;2;30/07/2026
1203;97;peso;estabilidad;indefinido;5;16/08/2026
1204;97;peso;puesto_objetivo;Administrativo/a;5;14/08/2026
1205;97;exclusion;ett;si;;08/08/2026
1206;98;duro;municipio;Legazpi;;07/08/2026
1207;98;duro;radio_km;30;;08/08/2026
1208;98;duro;jornada;indiferente;;30/07/2026
1209;98;duro;salario_min;25000;;04/08/2026
1210;98;duro;fecha_inicio_max;28/08/2026;;16/08/2026
1211;98;duro;situacion_actual;empleado;;07/08/2026
1212;98;duro;turnos;si;;14/08/2026
1213;98;peso;sector;comercio;2;13/08/2026
1214;98;peso;tamano;pequeña;3;13/08/2026
1215;98;peso;puesto_objetivo;Administrativo/a;5;16/08/2026
1216;99;duro;municipio;Lasarte-Oria;;06/08/2026
1217;99;duro;radio_km;20;;06/08/2026
1218;99;duro;jornada;parcial;;11/08/2026
1219;99;duro;contrato;indefinido;;04/08/2026
1220;99;duro;salario_min;25000;;09/08/2026
1221;99;duro;modalidad;remoto;;08/08/2026
1222;99;duro;situacion_actual;estudiante;;11/08/2026
1223;99;duro;turnos;si;;01/08/2026
1224;99;peso;sector;consultoria;2;10/08/2026
1225;99;peso;sector;educacion;4;17/08/2026
1226;99;peso;sector;salud;4;04/08/2026
1227;99;peso;tamano;pequeña;5;29/07/2026
1228;99;peso;puesto_objetivo;Cocinero/a;4;30/07/2026
1229;100;duro;municipio;Donostia;;19/08/2026
1230;100;duro;jornada;completa;;14/08/2026
1231;100;duro;salario_min;28000;;15/08/2026
1232;100;duro;situacion_actual;estudiante;;31/07/2026
1233;100;duro;turnos;si;;13/08/2026
1234;100;peso;sector;logistica;5;05/08/2026
1235;100;peso;sector;industria;4;01/08/2026
1236;100;peso;sector;tecnologia;5;01/08/2026
1237;100;peso;idioma;ingles;4;30/07/2026
1238;100;peso;estabilidad;indefinido;3;18/08/2026
1239;100;peso;puesto_objetivo;Administrativo/a;4;09/08/2026
1240;100;exclusion;ett;si;;12/08/2026
1241;100;exclusion;palabra;fines de semana;;15/08/2026
1242;100;exclusion;sector;construccion;;01/08/2026
1243;101;duro;municipio;Lasarte-Oria;;02/08/2026
1244;101;duro;radio_km;30;;06/08/2026
1245;101;duro;jornada;indiferente;;20/08/2026
1246;101;duro;salario_min;24000;;05/08/2026
1247;101;duro;fecha_inicio_max;29/09/2026;;18/08/2026
1248;101;duro;permiso_trabajo;si;;06/08/2026
1249;101;duro;situacion_actual;recien_graduado;;02/08/2026
1250;101;peso;sector;logistica;2;08/08/2026
1251;101;peso;sector;construccion;2;02/08/2026
1252;101;peso;tamano;mediana;1;15/08/2026
1253;101;peso;idioma;ingles;2;01/08/2026
1254;101;peso;puesto_objetivo;Educador/a;3;08/08/2026
1255;102;duro;municipio;Oñati;;09/08/2026
1256;102;duro;jornada;indiferente;;16/08/2026
1257;102;duro;salario_min;20000;;07/08/2026
1258;102;duro;situacion_actual;recien_graduado;;04/08/2026
1259;102;peso;sector;salud;5;03/08/2026
1260;102;peso;sector;educacion;2;04/08/2026
1261;102;peso;tamano;pequeña;2;19/08/2026
1262;102;peso;estabilidad;indefinido;2;17/08/2026
1263;102;peso;puesto_objetivo;Técnico/a de marketing digital;5;12/08/2026
1264;102;exclusion;ett;si;;17/08/2026
1265;103;duro;municipio;Donostia;;05/08/2026
1266;103;duro;jornada;parcial;;04/08/2026
1267;103;duro;contrato;temporal;;09/08/2026
1268;103;duro;modalidad;presencial;;19/08/2026
1269;103;duro;euskera;C1;;08/08/2026
1270;103;duro;situacion_actual;recien_graduado;;11/08/2026
1271;103;peso;sector;salud;3;02/08/2026
1272;103;peso;sector;comercio;2;19/08/2026
1273;103;peso;sector;consultoria;3;16/08/2026
1274;103;peso;idioma;ingles;4;04/08/2026
1275;103;peso;puesto_objetivo;Arquitecto/a técnico/a;3;21/08/2026
1276;104;duro;municipio;Oñati;;18/08/2026
1277;104;duro;radio_km;20;;09/08/2026
1278;104;duro;jornada;indiferente;;10/08/2026
1279;104;duro;contrato;practicas;;14/08/2026
1280;104;duro;salario_min;31000;;18/08/2026
1281;104;duro;modalidad;hibrida;;21/08/2026
1282;104;duro;fecha_inicio_max;30/10/2026;;14/08/2026
1283;104;duro;situacion_actual;recien_graduado;;07/08/2026
1284;104;duro;turnos;no;;13/08/2026
1285;104;peso;sector;salud;4;06/08/2026
1286;104;peso;tamano;mediana;3;11/08/2026
1287;104;peso;idioma;ingles;3;03/08/2026
1288;104;peso;estabilidad;indefinido;3;12/08/2026
1289;104;peso;movilidad;transporte_publico;2;19/08/2026
1290;104;peso;puesto_objetivo;Soldador/a;5;07/08/2026
1291;104;exclusion;ett;si;;09/08/2026
1292;105;duro;municipio;Andoain;;09/08/2026
1293;105;duro;radio_km;30;;16/08/2026
1294;105;duro;contrato;temporal;;10/08/2026
1295;105;duro;salario_min;22000;;19/08/2026
1296;105;duro;modalidad;hibrida;;15/08/2026
1297;105;duro;euskera;B1;;15/08/2026
1298;105;duro;situacion_actual;recien_graduado;;11/08/2026
1299;105;duro;turnos;no;;13/08/2026
1300;105;peso;sector;tecnologia;4;07/08/2026
1301;105;peso;sector;consultoria;4;13/08/2026
1302;105;peso;sector;comercio;5;21/08/2026
1303;105;peso;tamano;grande;3;17/08/2026
1304;105;peso;puesto_objetivo;Técnico/a de RRHH;3;19/08/2026
1305;105;exclusion;palabra;turno de noche;;12/08/2026
1306;105;exclusion;sector;finanzas;;13/08/2026
1307;106;duro;municipio;Irun;;05/08/2026
1308;106;duro;radio_km;10;;12/08/2026
1309;106;duro;jornada;indiferente;;09/08/2026
1310;106;duro;contrato;indefinido;;10/08/2026
1311;106;duro;fecha_inicio_max;02/09/2026;;23/08/2026
1312;106;duro;permiso_trabajo;si;;12/08/2026
1313;106;duro;situacion_actual;estudiante;;16/08/2026
1314;106;duro;turnos;no;;10/08/2026
1315;106;peso;sector;educacion;4;18/08/2026
1316;106;peso;sector;consultoria;5;14/08/2026
1317;106;peso;tamano;grande;3;03/08/2026
1318;106;peso;idioma;ingles;5;11/08/2026
1319;106;peso;movilidad;coche;3;23/08/2026
1320;106;exclusion;sector;educacion;;06/08/2026
1321;107;duro;municipio;Donostia;;03/08/2026
1322;107;duro;radio_km;20;;10/08/2026
1323;107;duro;contrato;indefinido;;19/08/2026
1324;107;duro;salario_min;22000;;04/08/2026
1325;107;duro;modalidad;hibrida;;22/08/2026
1326;107;duro;euskera;B1;;20/08/2026
1327;107;duro;fecha_inicio_max;01/11/2026;;19/08/2026
1328;107;duro;situacion_actual;estudiante;;10/08/2026
1329;107;duro;turnos;si;;10/08/2026
1330;107;peso;sector;construccion;2;07/08/2026
1331;107;peso;sector;salud;2;15/08/2026
1332;107;peso;idioma;ingles;2;10/08/2026
1333;107;peso;movilidad;transporte_publico;4;04/08/2026
1334;107;peso;puesto_objetivo;Educador/a;3;11/08/2026
1335;107;exclusion;ett;si;;09/08/2026
1336;108;duro;municipio;Donostia;;18/08/2026
1337;108;duro;radio_km;30;;10/08/2026
1338;108;duro;jornada;parcial;;09/08/2026
1339;108;duro;salario_min;27000;;17/08/2026
1340;108;duro;fecha_inicio_max;02/10/2026;;06/08/2026
1341;108;duro;permiso_trabajo;si;;19/08/2026
1342;108;duro;situacion_actual;recien_graduado;;09/08/2026
1343;108;peso;sector;construccion;4;16/08/2026
1344;108;peso;estabilidad;indefinido;4;03/08/2026
1345;108;peso;movilidad;bici;1;11/08/2026
1346;108;exclusion;ett;si;;09/08/2026
1347;108;exclusion;palabra;fines de semana;;12/08/2026
1348;109;duro;municipio;Andoain;;18/08/2026
1349;109;duro;radio_km;50;;14/08/2026
1350;109;duro;contrato;indefinido;;11/08/2026
1351;109;duro;salario_min;28000;;03/08/2026
1352;109;duro;fecha_inicio_max;01/11/2026;;16/08/2026
1353;109;duro;situacion_actual;desempleado;;23/08/2026
1354;109;duro;turnos;si;;09/08/2026
1355;109;peso;sector;industria;3;17/08/2026
1356;109;peso;sector;salud;3;07/08/2026
1357;109;peso;tamano;pequeña;3;11/08/2026
1358;109;peso;idioma;ingles;3;10/08/2026
1359;109;peso;estabilidad;indefinido;2;08/08/2026
1360;109;peso;movilidad;coche;4;05/08/2026
1361;109;exclusion;palabra;autónomo;;22/08/2026
1362;110;duro;municipio;Legazpi;;14/08/2026
1363;110;duro;radio_km;50;;13/08/2026
1364;110;duro;contrato;temporal;;13/08/2026
1365;110;duro;salario_min;25000;;19/08/2026
1366;110;duro;euskera;B1;;21/08/2026
1367;110;duro;fecha_inicio_max;03/09/2026;;11/08/2026
1368;110;duro;situacion_actual;desempleado;;24/08/2026
1369;110;duro;turnos;no;;11/08/2026
1370;110;peso;sector;logistica;4;09/08/2026
1371;110;peso;sector;hosteleria;4;24/08/2026
1372;110;peso;sector;educacion;4;23/08/2026
1373;110;peso;movilidad;bici;5;12/08/2026
1374;110;peso;puesto_objetivo;Programador/a junior;5;24/08/2026
1375;111;duro;municipio;Pasaia;;05/08/2026
1376;111;duro;radio_km;20;;23/08/2026
1377;111;duro;jornada;completa;;23/08/2026
1378;111;duro;salario_min;20000;;13/08/2026
1379;111;duro;situacion_actual;desempleado;;17/08/2026
1380;111;peso;sector;educacion;3;12/08/2026
1381;111;peso;sector;finanzas;3;12/08/2026
1382;111;peso;sector;tecnologia;4;19/08/2026
1383;111;peso;tamano;pequeña;3;25/08/2026
1384;111;peso;estabilidad;indefinido;2;21/08/2026
1385;111;peso;movilidad;bici;4;19/08/2026
1386;111;peso;puesto_objetivo;Educador/a;5;07/08/2026
1387;112;duro;municipio;Donostia;;17/08/2026
1388;112;duro;radio_km;30;;09/08/2026
1389;112;duro;jornada;parcial;;06/08/2026
1390;112;duro;salario_min;22000;;08/08/2026
1391;112;duro;fecha_inicio_max;04/11/2026;;07/08/2026
1392;112;duro;situacion_actual;empleado;;13/08/2026
1393;112;duro;turnos;no;;15/08/2026
1394;112;peso;sector;hosteleria;3;14/08/2026
1395;112;peso;tamano;grande;2;20/08/2026
1396;112;peso;estabilidad;indefinido;4;06/08/2026
1397;112;peso;movilidad;bici;2;08/08/2026
1398;113;duro;municipio;Hernani;;16/08/2026
1399;113;duro;radio_km;20;;26/08/2026
1400;113;duro;jornada;indiferente;;17/08/2026
1401;113;duro;salario_min;25000;;22/08/2026
1402;113;duro;modalidad;hibrida;;09/08/2026
1403;113;duro;permiso_trabajo;si;;18/08/2026
1404;113;duro;situacion_actual;empleado;;17/08/2026
1405;113;duro;turnos;no;;24/08/2026
1406;113;peso;sector;hosteleria;3;11/08/2026
1407;113;peso;sector;comercio;2;09/08/2026
1408;113;peso;tamano;pequeña;4;22/08/2026
1409;113;peso;idioma;ingles;1;25/08/2026
1410;113;peso;estabilidad;indefinido;3;14/08/2026
1411;113;peso;puesto_objetivo;Cocinero/a;3;11/08/2026
1412;113;exclusion;palabra;autónomo;;09/08/2026
1413;113;exclusion;empresa;31;;07/08/2026
1414;114;duro;municipio;Zarautz;;16/08/2026
1415;114;duro;radio_km;10;;16/08/2026
1416;114;duro;jornada;parcial;;08/08/2026
1417;114;duro;contrato;practicas;;12/08/2026
1418;114;duro;salario_min;30000;;25/08/2026
1419;114;duro;modalidad;hibrida;;24/08/2026
1420;114;duro;permiso_trabajo;si;;10/08/2026
1421;114;duro;situacion_actual;empleado;;16/08/2026
1422;114;peso;sector;tecnologia;4;19/08/2026
1423;114;peso;sector;logistica;3;15/08/2026
1424;114;peso;tamano;grande;1;09/08/2026
1425;114;peso;idioma;ingles;5;18/08/2026
1426;114;peso;puesto_objetivo;Auxiliar contable;4;20/08/2026
1427;114;exclusion;ett;si;;18/08/2026
1428;115;duro;municipio;Legazpi;;21/08/2026
1429;115;duro;radio_km;20;;21/08/2026
1430;115;duro;jornada;indiferente;;26/08/2026
1431;115;duro;contrato;indefinido;;13/08/2026
1432;115;duro;salario_min;20000;;11/08/2026
1433;115;duro;modalidad;hibrida;;16/08/2026
1434;115;duro;euskera;C1;;26/08/2026
1435;115;duro;situacion_actual;recien_graduado;;12/08/2026
1436;115;peso;sector;comercio;3;19/08/2026
1437;115;peso;sector;industria;4;13/08/2026
1438;115;peso;tamano;mediana;2;19/08/2026
1439;115;peso;idioma;ingles;3;25/08/2026
1440;115;peso;estabilidad;indefinido;3;26/08/2026
1441;115;peso;movilidad;bici;3;18/08/2026
1442;115;exclusion;ett;si;;10/08/2026
1443;115;exclusion;empresa;30;;22/08/2026
1444;116;duro;municipio;Donostia;;25/08/2026
1445;116;duro;radio_km;30;;19/08/2026
1446;116;duro;jornada;parcial;;08/08/2026
1447;116;duro;contrato;indefinido;;16/08/2026
1448;116;duro;salario_min;31000;;23/08/2026
1449;116;duro;modalidad;remoto;;23/08/2026
1450;116;duro;euskera;B2;;19/08/2026
1451;116;duro;fecha_inicio_max;07/09/2026;;17/08/2026
1452;116;duro;situacion_actual;estudiante;;12/08/2026
1453;116;peso;sector;logistica;4;09/08/2026
1454;116;peso;sector;hosteleria;4;15/08/2026
1455;116;peso;sector;educacion;5;22/08/2026
1456;116;peso;tamano;mediana;3;25/08/2026
1457;116;peso;movilidad;transporte_publico;2;26/08/2026
1458;116;peso;puesto_objetivo;Técnico/a de logística;3;11/08/2026
1459;116;exclusion;palabra;autónomo;;10/08/2026
1460;117;duro;municipio;Donostia;;22/08/2026
1461;117;duro;radio_km;50;;26/08/2026
1462;117;duro;jornada;completa;;24/08/2026
1463;117;duro;salario_min;26000;;26/08/2026
1464;117;duro;euskera;B1;;13/08/2026
1465;117;duro;situacion_actual;empleado;;21/08/2026
1466;117;peso;sector;tecnologia;3;24/08/2026
1467;117;peso;tamano;mediana;2;29/08/2026
1468;117;peso;idioma;ingles;1;13/08/2026
1469;117;peso;movilidad;coche;4;22/08/2026
1470;117;peso;puesto_objetivo;Dependiente/a;5;15/08/2026
1471;117;exclusion;sector;consultoria;;13/08/2026
1472;118;duro;municipio;Donostia;;16/08/2026
1473;118;duro;radio_km;20;;23/08/2026
1474;118;duro;jornada;completa;;10/08/2026
1475;118;duro;contrato;temporal;;10/08/2026
1476;118;duro;situacion_actual;desempleado;;21/08/2026
1477;118;duro;turnos;no;;12/08/2026
1478;118;peso;sector;logistica;2;18/08/2026
1479;119;duro;municipio;Donostia;;21/08/2026
1480;119;duro;salario_min;17000;;29/08/2026
1481;119;duro;fecha_inicio_max;07/11/2026;;14/08/2026
1482;119;duro;situacion_actual;estudiante;;20/08/2026
1483;119;duro;turnos;no;;28/08/2026
1484;119;peso;sector;educacion;2;19/08/2026
1485;119;peso;sector;consultoria;3;16/08/2026
1486;119;peso;sector;construccion;2;23/08/2026
1487;119;exclusion;palabra;turno de noche;;20/08/2026
1488;119;exclusion;sector;construccion;;19/08/2026
1489;120;duro;municipio;Andoain;;14/08/2026
1490;120;duro;radio_km;30;;19/08/2026
1491;120;duro;jornada;completa;;28/08/2026
1492;120;duro;salario_min;27000;;15/08/2026
1493;120;duro;modalidad;hibrida;;10/08/2026
1494;120;duro;situacion_actual;recien_graduado;;22/08/2026
1495;120;peso;sector;finanzas;5;24/08/2026
1496;120;peso;sector;logistica;4;24/08/2026
1497;120;peso;idioma;ingles;3;15/08/2026
1498;120;peso;estabilidad;indefinido;2;28/08/2026
1499;120;peso;puesto_objetivo;Consultor/a junior;3;22/08/2026
1500;120;exclusion;palabra;turno de noche;;23/08/2026
1501;120;exclusion;sector;salud;;26/08/2026
1502;121;duro;municipio;Hernani;;24/08/2026
1503;121;duro;contrato;temporal;;18/08/2026
1504;121;duro;salario_min;25000;;24/08/2026
1505;121;duro;modalidad;presencial;;16/08/2026
1506;121;duro;euskera;B1;;21/08/2026
1507;121;duro;fecha_inicio_max;10/09/2026;;26/08/2026
1508;121;duro;situacion_actual;desempleado;;20/08/2026
1509;121;duro;turnos;no;;21/08/2026
1510;121;peso;sector;consultoria;4;24/08/2026
1511;121;peso;sector;tecnologia;4;22/08/2026
1512;121;peso;tamano;grande;2;11/08/2026
1513;121;exclusion;ett;si;;13/08/2026
1514;121;exclusion;palabra;autónomo;;15/08/2026
1515;122;duro;municipio;Pasaia;;23/08/2026
1516;122;duro;radio_km;50;;12/08/2026
1517;122;duro;jornada;indiferente;;30/08/2026
1518;122;duro;contrato;practicas;;11/08/2026
1519;122;duro;permiso_trabajo;si;;20/08/2026
1520;122;duro;situacion_actual;estudiante;;16/08/2026
1521;122;duro;turnos;no;;25/08/2026
1522;122;peso;sector;comercio;4;23/08/2026
1523;122;peso;tamano;mediana;4;15/08/2026
1524;122;peso;movilidad;coche;1;28/08/2026
1525;122;peso;puesto_objetivo;Desarrollador/a backend;5;15/08/2026
1526;122;exclusion;ett;si;;23/08/2026
1527;122;exclusion;sector;construccion;;18/08/2026
1528;123;duro;municipio;Donostia;;25/08/2026
1529;123;duro;radio_km;50;;23/08/2026
1530;123;duro;jornada;indiferente;;27/08/2026
1531;123;duro;modalidad;remoto;;17/08/2026
1532;123;duro;situacion_actual;estudiante;;24/08/2026
1533;123;peso;sector;consultoria;5;19/08/2026
1534;123;peso;idioma;ingles;2;30/08/2026
1535;123;peso;estabilidad;indefinido;4;17/08/2026
1536;123;peso;puesto_objetivo;Recepcionista;5;20/08/2026
1537;123;exclusion;palabra;autónomo;;17/08/2026
1538;124;duro;municipio;Hondarribia;;29/08/2026
1539;124;duro;jornada;completa;;16/08/2026
1540;124;duro;contrato;indefinido;;22/08/2026
1541;124;duro;modalidad;hibrida;;19/08/2026
1542;124;duro;permiso_trabajo;si;;17/08/2026
1543;124;duro;situacion_actual;recien_graduado;;23/08/2026
1544;124;duro;turnos;no;;24/08/2026
1545;124;peso;sector;salud;3;29/08/2026
1546;124;peso;sector;tecnologia;5;25/08/2026
1547;124;peso;sector;construccion;5;25/08/2026
1548;124;peso;tamano;pequeña;3;17/08/2026
1549;124;peso;estabilidad;indefinido;3;18/08/2026
1550;124;peso;puesto_objetivo;Técnico/a de mantenimiento;3;23/08/2026
1551;124;exclusion;palabra;turno de noche;;22/08/2026
1552;125;duro;municipio;Hondarribia;;31/08/2026
1553;125;duro;radio_km;50;;17/08/2026
1554;125;duro;jornada;completa;;21/08/2026
1555;125;duro;contrato;indefinido;;31/08/2026
1556;125;duro;salario_min;26000;;28/08/2026
1557;125;duro;fecha_inicio_max;10/11/2026;;24/08/2026
1558;125;duro;permiso_trabajo;si;;01/09/2026
1559;125;duro;situacion_actual;recien_graduado;;31/08/2026
1560;125;duro;turnos;si;;23/08/2026
1561;125;peso;sector;finanzas;4;19/08/2026
1562;125;peso;sector;hosteleria;3;15/08/2026
1563;125;peso;sector;industria;4;01/09/2026
1564;125;peso;idioma;ingles;1;26/08/2026
1565;125;peso;estabilidad;indefinido;4;19/08/2026
1566;125;peso;puesto_objetivo;Asesor/a jurídico/a junior;3;16/08/2026
1567;126;duro;municipio;Andoain;;23/08/2026
1568;126;duro;contrato;practicas;;28/08/2026
1569;126;duro;salario_min;21000;;19/08/2026
1570;126;duro;modalidad;remoto;;30/08/2026
1571;126;duro;permiso_trabajo;si;;29/08/2026
1572;126;duro;situacion_actual;empleado;;25/08/2026
1573;126;duro;turnos;no;;29/08/2026
1574;126;peso;sector;construccion;5;14/08/2026
1575;126;peso;sector;salud;4;02/09/2026
1576;126;peso;sector;finanzas;4;22/08/2026
1577;126;peso;estabilidad;indefinido;4;27/08/2026
1578;127;duro;municipio;Donostia;;01/09/2026
1579;127;duro;radio_km;30;;26/08/2026
1580;127;duro;contrato;practicas;;02/09/2026
1581;127;duro;salario_min;27000;;14/08/2026
1582;127;duro;euskera;B2;;26/08/2026
1583;127;duro;situacion_actual;recien_graduado;;01/09/2026
1584;127;peso;sector;hosteleria;5;19/08/2026
1585;127;peso;sector;finanzas;5;15/08/2026
1586;127;peso;idioma;ingles;2;19/08/2026
1587;127;peso;estabilidad;indefinido;3;29/08/2026
1588;127;peso;puesto_objetivo;Arquitecto/a técnico/a;4;18/08/2026
1589;127;exclusion;sector;construccion;;19/08/2026
1590;127;exclusion;empresa;13;;24/08/2026
1591;128;duro;municipio;Azpeitia;;14/08/2026
1592;128;duro;radio_km;10;;03/09/2026
1593;128;duro;contrato;practicas;;25/08/2026
1594;128;duro;salario_min;27000;;18/08/2026
1595;128;duro;situacion_actual;desempleado;;01/09/2026
1596;128;peso;sector;hosteleria;3;22/08/2026
1597;128;peso;sector;construccion;2;27/08/2026
1598;128;peso;sector;comercio;2;25/08/2026
1599;128;peso;idioma;ingles;4;14/08/2026
1600;128;peso;puesto_objetivo;Soldador/a;5;16/08/2026
1601;128;exclusion;sector;hosteleria;;21/08/2026
1602;128;exclusion;empresa;3;;16/08/2026
1603;129;duro;municipio;Arrasate;;23/08/2026
1604;129;duro;radio_km;50;;29/08/2026
1605;129;duro;jornada;parcial;;28/08/2026
1606;129;duro;salario_min;23000;;27/08/2026
1607;129;duro;situacion_actual;estudiante;;31/08/2026
1608;129;peso;sector;construccion;5;27/08/2026
1609;129;peso;tamano;grande;1;28/08/2026
1610;129;peso;idioma;ingles;1;16/08/2026
1611;129;peso;puesto_objetivo;Técnico/a de mantenimiento;4;23/08/2026
1612;129;exclusion;ett;si;;18/08/2026
1613;130;duro;municipio;Irun;;17/08/2026
1614;130;duro;radio_km;30;;02/09/2026
1615;130;duro;jornada;parcial;;31/08/2026
1616;130;duro;situacion_actual;desempleado;;01/09/2026
1617;130;peso;sector;industria;4;01/09/2026
1618;130;peso;movilidad;transporte_publico;4;26/08/2026
1619;130;peso;puesto_objetivo;Técnico/a de calidad;3;28/08/2026
1620;130;exclusion;palabra;turno de noche;;25/08/2026
1621;130;exclusion;sector;comercio;;25/08/2026
1622;131;duro;municipio;Lasarte-Oria;;03/09/2026
1623;131;duro;jornada;indiferente;;27/08/2026
1624;131;duro;salario_min;19000;;22/08/2026
1625;131;duro;modalidad;hibrida;;31/08/2026
1626;131;duro;situacion_actual;desempleado;;04/09/2026
1627;131;peso;sector;finanzas;2;22/08/2026
1628;131;peso;sector;logistica;3;29/08/2026
1629;131;peso;estabilidad;indefinido;2;30/08/2026
1630;131;peso;movilidad;coche;1;05/09/2026
1631;131;exclusion;ett;si;;27/08/2026
1632;132;duro;municipio;Arrasate;;01/09/2026
1633;132;duro;permiso_trabajo;si;;19/08/2026
1634;132;duro;situacion_actual;estudiante;;29/08/2026
1635;132;peso;sector;tecnologia;4;05/09/2026
1636;132;peso;tamano;pequeña;4;26/08/2026
1637;132;peso;idioma;ingles;2;21/08/2026
1638;132;peso;estabilidad;indefinido;2;30/08/2026
1639;132;exclusion;sector;consultoria;;22/08/2026
1640;133;duro;municipio;Beasain;;05/09/2026
1641;133;duro;radio_km;50;;29/08/2026
1642;133;duro;jornada;completa;;20/08/2026
1643;133;duro;salario_min;25000;;28/08/2026
1644;133;duro;modalidad;hibrida;;06/09/2026
1645;133;duro;fecha_inicio_max;17/10/2026;;26/08/2026
1646;133;duro;permiso_trabajo;si;;06/09/2026
1647;133;duro;situacion_actual;estudiante;;30/08/2026
1648;133;duro;turnos;si;;05/09/2026
1649;133;peso;sector;salud;5;29/08/2026
1650;133;peso;sector;logistica;4;23/08/2026
1651;133;peso;tamano;pequeña;3;31/08/2026
1652;133;peso;idioma;ingles;1;04/09/2026
1653;133;peso;estabilidad;indefinido;3;01/09/2026
1654;133;peso;movilidad;bici;1;30/08/2026
1655;133;exclusion;ett;si;;24/08/2026
1656;134;duro;municipio;Pasaia;;26/08/2026
1657;134;duro;radio_km;10;;20/08/2026
1658;134;duro;jornada;parcial;;22/08/2026
1659;134;duro;contrato;temporal;;31/08/2026
1660;134;duro;salario_min;23000;;05/09/2026
1661;134;duro;modalidad;hibrida;;30/08/2026
1662;134;duro;fecha_inicio_max;16/11/2026;;28/08/2026
1663;134;duro;situacion_actual;empleado;;30/08/2026
1664;134;duro;turnos;no;;06/09/2026
1665;134;peso;sector;comercio;5;23/08/2026
1666;134;peso;sector;tecnologia;3;26/08/2026
1667;134;peso;tamano;grande;4;02/09/2026
1668;134;peso;idioma;ingles;2;19/08/2026
1669;134;peso;movilidad;transporte_publico;4;03/09/2026
1670;134;peso;puesto_objetivo;Soldador/a;5;21/08/2026
1671;134;exclusion;ett;si;;03/09/2026
1672;135;duro;municipio;Errenteria;;23/08/2026
1673;135;duro;radio_km;20;;05/09/2026
1674;135;duro;jornada;completa;;21/08/2026
1675;135;duro;salario_min;32000;;06/09/2026
1676;135;duro;situacion_actual;desempleado;;01/09/2026
1677;135;duro;turnos;no;;06/09/2026
1678;135;peso;sector;finanzas;3;25/08/2026
1679;135;peso;sector;hosteleria;5;07/09/2026
1680;135;peso;sector;educacion;4;30/08/2026
1681;135;peso;tamano;grande;1;04/09/2026
1682;135;peso;idioma;ingles;4;04/09/2026
1683;135;peso;estabilidad;indefinido;5;29/08/2026
1684;135;peso;movilidad;coche;3;21/08/2026
1685;135;peso;puesto_objetivo;Delineante;4;28/08/2026
1686;136;duro;municipio;Donostia;;30/08/2026
1687;136;duro;radio_km;30;;02/09/2026
1688;136;duro;salario_min;20000;;20/08/2026
1689;136;duro;situacion_actual;recien_graduado;;22/08/2026
1690;136;peso;sector;salud;3;24/08/2026
1691;136;peso;sector;construccion;2;21/08/2026
1692;136;peso;sector;hosteleria;2;27/08/2026
1693;136;peso;idioma;ingles;4;08/09/2026
1694;136;peso;movilidad;bici;3;21/08/2026
1695;136;peso;puesto_objetivo;Técnico/a de mantenimiento;3;26/08/2026
1696;136;exclusion;palabra;autónomo;;31/08/2026
1697;137;duro;municipio;Arrasate;;07/09/2026
1698;137;duro;radio_km;20;;07/09/2026
1699;137;duro;contrato;practicas;;24/08/2026
1700;137;duro;salario_min;26000;;01/09/2026
1701;137;duro;fecha_inicio_max;20/09/2026;;22/08/2026
1702;137;duro;situacion_actual;empleado;;04/09/2026
1703;137;peso;sector;industria;5;25/08/2026
1704;137;peso;tamano;mediana;2;03/09/2026
1705;137;peso;idioma;ingles;1;10/09/2026
1706;137;peso;estabilidad;indefinido;3;21/08/2026
1707;137;peso;puesto_objetivo;Consultor/a junior;3;01/09/2026
1708;137;exclusion;ett;si;;28/08/2026
1709;137;exclusion;sector;educacion;;09/09/2026
1710;138;duro;municipio;Zarautz;;23/08/2026
1711;138;duro;radio_km;50;;26/08/2026
1712;138;duro;jornada;indiferente;;30/08/2026
1713;138;duro;salario_min;19000;;27/08/2026
1714;138;duro;modalidad;remoto;;21/08/2026
1715;138;duro;fecha_inicio_max;20/09/2026;;01/09/2026
1716;138;duro;permiso_trabajo;si;;31/08/2026
1717;138;duro;situacion_actual;estudiante;;29/08/2026
1718;138;duro;turnos;no;;28/08/2026
1719;138;peso;sector;logistica;3;25/08/2026
1720;138;peso;sector;construccion;4;21/08/2026
1721;138;peso;idioma;ingles;4;02/09/2026
1722;138;peso;puesto_objetivo;Técnico/a de laboratorio;4;23/08/2026
1723;138;exclusion;ett;si;;28/08/2026
1724;138;exclusion;palabra;comisiones;;10/09/2026
1725;138;exclusion;empresa;42;;25/08/2026
1726;139;duro;municipio;Bergara;;25/08/2026
1727;139;duro;radio_km;10;;11/09/2026
1728;139;duro;jornada;completa;;01/09/2026
1729;139;duro;contrato;practicas;;09/09/2026
1730;139;duro;fecha_inicio_max;21/10/2026;;23/08/2026
1731;139;duro;permiso_trabajo;si;;29/08/2026
1732;139;duro;situacion_actual;recien_graduado;;24/08/2026
1733;139;duro;turnos;no;;04/09/2026
1734;139;peso;sector;educacion;2;28/08/2026
1735;139;peso;sector;construccion;3;23/08/2026
1736;139;peso;tamano;grande;3;24/08/2026
1737;139;peso;idioma;ingles;5;28/08/2026
1738;139;peso;estabilidad;indefinido;4;09/09/2026
1739;139;peso;movilidad;bici;5;23/08/2026
1740;139;peso;puesto_objetivo;Técnico/a de calidad;4;02/09/2026
1741;139;exclusion;ett;si;;27/08/2026
1742;139;exclusion;sector;comercio;;09/09/2026
1743;139;exclusion;empresa;58;;23/08/2026
1744;140;duro;municipio;Bergara;;10/09/2026
1745;140;duro;radio_km;30;;30/08/2026
1746;140;duro;jornada;completa;;24/08/2026
1747;140;duro;salario_min;26000;;03/09/2026
1748;140;duro;situacion_actual;estudiante;;22/08/2026
1749;140;peso;sector;construccion;5;24/08/2026
1750;140;peso;sector;finanzas;2;23/08/2026
1751;140;peso;tamano;grande;2;29/08/2026
1752;140;peso;estabilidad;indefinido;4;11/09/2026
1753;140;peso;movilidad;transporte_publico;3;04/09/2026
1754;140;peso;puesto_objetivo;Desarrollador/a backend;5;26/08/2026
1755;140;exclusion;empresa;53;;23/08/2026
1756;141;duro;municipio;Donostia;;04/09/2026
1757;141;duro;radio_km;20;;30/08/2026
1758;141;duro;jornada;completa;;27/08/2026
1759;141;duro;contrato;temporal;;26/08/2026
1760;141;duro;modalidad;presencial;;04/09/2026
1761;141;duro;fecha_inicio_max;21/10/2026;;31/08/2026
1762;141;duro;situacion_actual;recien_graduado;;11/09/2026
1763;141;duro;turnos;no;;10/09/2026
1764;141;peso;sector;tecnologia;3;31/08/2026
1765;141;peso;sector;industria;4;03/09/2026
1766;141;peso;tamano;grande;2;31/08/2026
1767;141;peso;estabilidad;indefinido;2;29/08/2026
1768;141;peso;puesto_objetivo;Recepcionista;3;25/08/2026
1769;141;exclusion;ett;si;;10/09/2026
1770;141;exclusion;palabra;comisiones;;25/08/2026
1771;142;duro;municipio;Legazpi;;28/08/2026
1772;142;duro;radio_km;20;;06/09/2026
1773;142;duro;jornada;completa;;05/09/2026
1774;142;duro;salario_min;18000;;11/09/2026
1775;142;duro;situacion_actual;recien_graduado;;24/08/2026
1776;142;peso;sector;educacion;2;29/08/2026
1777;142;peso;sector;industria;5;04/09/2026
1778;142;peso;estabilidad;indefinido;5;09/09/2026
1779;143;duro;municipio;Donostia;;22/08/2026
1780;143;duro;radio_km;20;;26/08/2026
1781;143;duro;jornada;parcial;;07/09/2026
1782;143;duro;contrato;indefinido;;27/08/2026
1783;143;duro;modalidad;hibrida;;01/09/2026
1784;143;duro;situacion_actual;estudiante;;06/09/2026
1785;143;duro;turnos;si;;25/08/2026
1786;143;peso;sector;tecnologia;2;24/08/2026
1787;143;peso;sector;logistica;4;02/09/2026
1788;143;peso;estabilidad;indefinido;5;04/09/2026
1789;143;peso;movilidad;bici;2;01/09/2026
1790;143;peso;puesto_objetivo;Auxiliar contable;5;06/09/2026
1791;143;exclusion;palabra;turno de noche;;30/08/2026
1792;144;duro;municipio;Donostia;;12/09/2026
1793;144;duro;radio_km;20;;28/08/2026
1794;144;duro;contrato;practicas;;03/09/2026
1795;144;duro;situacion_actual;empleado;;26/08/2026
1796;144;peso;sector;educacion;4;01/09/2026
1797;144;peso;sector;industria;2;25/08/2026
1798;144;peso;sector;finanzas;3;13/09/2026
1799;144;peso;tamano;mediana;4;08/09/2026
1800;144;peso;estabilidad;indefinido;4;31/08/2026
1801;144;peso;puesto_objetivo;Analista de datos;3;11/09/2026
1802;144;exclusion;palabra;comisiones;;06/09/2026
1803;144;exclusion;empresa;49;;30/08/2026
1804;145;duro;municipio;Donostia;;11/09/2026
1805;145;duro;radio_km;30;;06/09/2026
1806;145;duro;jornada;indiferente;;26/08/2026
1807;145;duro;salario_min;27000;;07/09/2026
1808;145;duro;modalidad;presencial;;30/08/2026
1809;145;duro;situacion_actual;estudiante;;28/08/2026
1810;145;peso;sector;tecnologia;2;02/09/2026
1811;145;peso;sector;construccion;3;11/09/2026
1812;145;peso;estabilidad;indefinido;2;31/08/2026
1813;145;peso;puesto_objetivo;Consultor/a junior;5;02/09/2026
1814;145;exclusion;empresa;17;;11/09/2026
1815;146;duro;municipio;Donostia;;24/08/2026
1816;146;duro;radio_km;30;;05/09/2026
1817;146;duro;contrato;temporal;;01/09/2026
1818;146;duro;salario_min;30000;;29/08/2026
1819;146;duro;modalidad;remoto;;08/09/2026
1820;146;duro;permiso_trabajo;si;;29/08/2026
1821;146;duro;situacion_actual;desempleado;;30/08/2026
1822;146;duro;turnos;no;;28/08/2026
1823;146;peso;sector;hosteleria;5;06/09/2026
1824;146;peso;sector;consultoria;4;06/09/2026
1825;146;peso;sector;logistica;2;25/08/2026
1826;146;peso;idioma;ingles;5;01/09/2026
1827;146;peso;movilidad;bici;1;24/08/2026
1828;146;peso;puesto_objetivo;Analista financiero/a;3;04/09/2026
1829;146;exclusion;sector;educacion;;05/09/2026
1830;147;duro;municipio;Errenteria;;10/09/2026
1831;147;duro;contrato;temporal;;05/09/2026
1832;147;duro;fecha_inicio_max;23/11/2026;;03/09/2026
1833;147;duro;situacion_actual;desempleado;;07/09/2026
1834;147;peso;sector;construccion;3;27/08/2026
1835;147;peso;sector;educacion;4;03/09/2026
1836;147;peso;sector;industria;5;08/09/2026
1837;147;peso;movilidad;bici;2;12/09/2026
1838;147;peso;puesto_objetivo;Diseñador/a UX;4;27/08/2026
1839;147;exclusion;palabra;fines de semana;;31/08/2026
1840;148;duro;municipio;Azpeitia;;10/09/2026
1841;148;duro;radio_km;10;;04/09/2026
1842;148;duro;jornada;parcial;;26/08/2026
1843;148;duro;salario_min;19000;;14/09/2026
1844;148;duro;situacion_actual;empleado;;02/09/2026
1845;148;peso;sector;industria;3;26/08/2026
1846;148;peso;sector;hosteleria;5;28/08/2026
1847;148;peso;tamano;mediana;4;31/08/2026
1848;148;peso;estabilidad;indefinido;2;30/08/2026
1849;148;peso;puesto_objetivo;Desarrollador/a backend;4;11/09/2026
1850;148;exclusion;ett;si;;14/09/2026
1851;148;exclusion;palabra;autónomo;;09/09/2026
1852;148;exclusion;sector;comercio;;12/09/2026
1853;149;duro;municipio;Errenteria;;09/09/2026
1854;149;duro;salario_min;17000;;05/09/2026
1855;149;duro;modalidad;hibrida;;01/09/2026
1856;149;duro;euskera;A2;;06/09/2026
1857;149;duro;situacion_actual;empleado;;03/09/2026
1858;149;duro;turnos;si;;15/09/2026
1859;149;peso;sector;salud;3;26/08/2026
1860;149;peso;movilidad;transporte_publico;5;08/09/2026
1861;149;peso;puesto_objetivo;Técnico/a de marketing digital;4;09/09/2026
1862;150;duro;municipio;Zarautz;;29/08/2026
1863;150;duro;salario_min;19000;;10/09/2026
1864;150;duro;situacion_actual;estudiante;;15/09/2026
1865;150;duro;turnos;no;;03/09/2026
1866;150;peso;sector;comercio;2;26/08/2026
1867;150;peso;sector;salud;4;12/09/2026
1868;150;peso;tamano;grande;2;02/09/2026
1869;150;peso;idioma;ingles;3;11/09/2026
1870;150;peso;estabilidad;indefinido;3;26/08/2026
1871;150;peso;movilidad;coche;2;05/09/2026
1872;150;peso;puesto_objetivo;Comercial;3;03/09/2026
1873;150;exclusion;ett;si;;13/09/2026
1874;151;duro;municipio;Tolosa;;31/08/2026
1875;151;duro;radio_km;20;;29/08/2026
1876;151;duro;jornada;parcial;;29/08/2026
1877;151;duro;salario_min;26000;;08/09/2026
1878;151;duro;fecha_inicio_max;24/11/2026;;02/09/2026
1879;151;duro;permiso_trabajo;si;;10/09/2026
1880;151;duro;situacion_actual;recien_graduado;;05/09/2026
1881;151;peso;sector;industria;3;27/08/2026
1882;151;peso;sector;tecnologia;4;13/09/2026
1883;151;peso;idioma;ingles;3;30/08/2026
1884;151;peso;movilidad;coche;1;04/09/2026
1885;151;peso;puesto_objetivo;Administrador/a de sistemas;3;26/08/2026
1886;151;exclusion;palabra;fines de semana;;05/09/2026
1887;152;duro;municipio;Donostia;;04/09/2026
1888;152;duro;radio_km;50;;08/09/2026
1889;152;duro;jornada;indiferente;;04/09/2026
1890;152;duro;contrato;indefinido;;28/08/2026
1891;152;duro;fecha_inicio_max;26/09/2026;;08/09/2026
1892;152;duro;situacion_actual;recien_graduado;;12/09/2026
1893;152;duro;turnos;si;;02/09/2026
1894;152;peso;sector;industria;5;29/08/2026
1895;152;peso;sector;tecnologia;3;15/09/2026
1896;152;peso;idioma;ingles;5;05/09/2026
1897;152;peso;movilidad;transporte_publico;2;04/09/2026
1898;152;exclusion;ett;si;;05/09/2026
1899;153;duro;municipio;Tolosa;;30/08/2026
1900;153;duro;radio_km;10;;02/09/2026
1901;153;duro;jornada;parcial;;17/09/2026
1902;153;duro;salario_min;22000;;17/09/2026
1903;153;duro;permiso_trabajo;si;;16/09/2026
1904;153;duro;situacion_actual;estudiante;;07/09/2026
1905;153;peso;sector;salud;3;05/09/2026
1906;153;peso;sector;construccion;3;06/09/2026
1907;153;peso;sector;finanzas;5;29/08/2026
1908;153;peso;tamano;mediana;4;03/09/2026
1909;153;peso;idioma;ingles;2;10/09/2026
1910;153;peso;estabilidad;indefinido;4;01/09/2026
1911;153;exclusion;ett;si;;04/09/2026
1912;154;duro;municipio;Donostia;;02/09/2026
1913;154;duro;radio_km;30;;03/09/2026
1914;154;duro;jornada;parcial;;31/08/2026
1915;154;duro;contrato;practicas;;03/09/2026
1916;154;duro;salario_min;32000;;09/09/2026
1917;154;duro;modalidad;hibrida;;08/09/2026
1918;154;duro;situacion_actual;recien_graduado;;06/09/2026
1919;154;peso;sector;consultoria;4;04/09/2026
1920;154;peso;sector;tecnologia;4;14/09/2026
1921;154;peso;sector;hosteleria;2;01/09/2026
1922;154;peso;tamano;grande;3;03/09/2026
1923;154;peso;idioma;ingles;4;30/08/2026
1924;154;peso;estabilidad;indefinido;4;15/09/2026
1925;154;peso;movilidad;transporte_publico;3;30/08/2026
1926;154;peso;puesto_objetivo;Asesor/a jurídico/a junior;4;10/09/2026
1927;154;exclusion;palabra;turno de noche;;17/09/2026
1928;155;duro;municipio;Lasarte-Oria;;04/09/2026
1929;155;duro;radio_km;50;;12/09/2026
1930;155;duro;jornada;parcial;;11/09/2026
1931;155;duro;contrato;temporal;;14/09/2026
1932;155;duro;salario_min;20000;;13/09/2026
1933;155;duro;modalidad;hibrida;;09/09/2026
1934;155;duro;euskera;A2;;04/09/2026
1935;155;duro;permiso_trabajo;si;;19/09/2026
1936;155;duro;situacion_actual;recien_graduado;;08/09/2026
1937;155;peso;sector;comercio;3;19/09/2026
1938;155;peso;sector;consultoria;4;12/09/2026
1939;155;peso;tamano;pequeña;5;10/09/2026
1940;155;peso;estabilidad;indefinido;4;14/09/2026
1941;155;peso;puesto_objetivo;Desarrollador/a backend;4;12/09/2026
1942;155;exclusion;palabra;autónomo;;05/09/2026
1943;155;exclusion;sector;educacion;;10/09/2026
1944;156;duro;municipio;Hondarribia;;06/09/2026
1945;156;duro;radio_km;20;;03/09/2026
1946;156;duro;jornada;parcial;;16/09/2026
1947;156;duro;contrato;practicas;;08/09/2026
1948;156;duro;salario_min;24000;;10/09/2026
1949;156;duro;fecha_inicio_max;30/10/2026;;03/09/2026
1950;156;duro;situacion_actual;desempleado;;19/09/2026
1951;156;duro;turnos;si;;07/09/2026
1952;156;peso;sector;construccion;3;20/09/2026
1953;156;peso;sector;tecnologia;2;20/09/2026
1954;156;peso;sector;hosteleria;2;19/09/2026
1955;156;peso;tamano;pequeña;1;11/09/2026
1956;156;peso;movilidad;bici;2;16/09/2026
1957;156;peso;puesto_objetivo;Delineante;5;13/09/2026
1958;156;exclusion;ett;si;;02/09/2026
1959;157;duro;municipio;Pasaia;;17/09/2026
1960;157;duro;radio_km;20;;09/09/2026
1961;157;duro;jornada;completa;;05/09/2026
1962;157;duro;salario_min;22000;;02/09/2026
1963;157;duro;modalidad;hibrida;;13/09/2026
1964;157;duro;euskera;C1;;12/09/2026
1965;157;duro;fecha_inicio_max;01/10/2026;;19/09/2026
1966;157;duro;situacion_actual;empleado;;04/09/2026
1967;157;duro;turnos;no;;21/09/2026
1968;157;peso;sector;educacion;5;18/09/2026
1969;157;peso;sector;hosteleria;2;07/09/2026
1970;157;peso;tamano;grande;4;18/09/2026
1971;157;peso;idioma;ingles;4;02/09/2026
1972;157;peso;estabilidad;indefinido;3;13/09/2026
1973;157;peso;movilidad;bici;1;17/09/2026
1974;157;exclusion;empresa;25;;12/09/2026
1975;158;duro;municipio;Hondarribia;;01/09/2026
1976;158;duro;radio_km;50;;03/09/2026
1977;158;duro;contrato;temporal;;10/09/2026
1978;158;duro;salario_min;18000;;16/09/2026
1979;158;duro;fecha_inicio_max;30/11/2026;;19/09/2026
1980;158;duro;situacion_actual;desempleado;;05/09/2026
1981;158;duro;turnos;si;;20/09/2026
1982;158;peso;sector;salud;4;13/09/2026
1983;158;peso;sector;hosteleria;5;05/09/2026
1984;158;peso;movilidad;coche;3;01/09/2026
1985;158;exclusion;palabra;comisiones;;05/09/2026
1986;158;exclusion;empresa;1;;14/09/2026
1987;159;duro;municipio;Hernani;;18/09/2026
1988;159;duro;jornada;indiferente;;07/09/2026
1989;159;duro;contrato;temporal;;19/09/2026
1990;159;duro;salario_min;19000;;04/09/2026
1991;159;duro;euskera;B1;;08/09/2026
1992;159;duro;situacion_actual;recien_graduado;;21/09/2026
1993;159;duro;turnos;si;;05/09/2026
1994;159;peso;sector;hosteleria;2;08/09/2026
1995;159;peso;sector;consultoria;2;03/09/2026
1996;159;peso;sector;salud;4;14/09/2026
1997;159;peso;tamano;pequeña;1;15/09/2026
1998;159;peso;idioma;ingles;1;06/09/2026
1999;159;peso;estabilidad;indefinido;5;06/09/2026
2000;159;peso;movilidad;coche;4;05/09/2026
2001;159;peso;puesto_objetivo;Operario/a de producción;3;18/09/2026
2002;159;exclusion;sector;comercio;;14/09/2026
2003;160;duro;municipio;Zarautz;;03/09/2026
2004;160;duro;radio_km;10;;06/09/2026
2005;160;duro;salario_min;17000;;16/09/2026
2006;160;duro;modalidad;remoto;;12/09/2026
2007;160;duro;euskera;B1;;02/09/2026
2008;160;duro;fecha_inicio_max;02/10/2026;;08/09/2026
2009;160;duro;permiso_trabajo;si;;10/09/2026
2010;160;duro;situacion_actual;recien_graduado;;14/09/2026
2011;160;peso;sector;finanzas;4;15/09/2026
2012;160;peso;tamano;grande;3;12/09/2026
2013;160;peso;estabilidad;indefinido;3;14/09/2026
2014;160;peso;puesto_objetivo;Diseñador/a UX;3;17/09/2026
2015;160;exclusion;palabra;comisiones;;22/09/2026
2016;161;duro;municipio;Pasaia;;05/09/2026
2017;161;duro;radio_km;50;;05/09/2026
2018;161;duro;contrato;temporal;;08/09/2026
2019;161;duro;salario_min;22000;;22/09/2026
2020;161;duro;modalidad;remoto;;12/09/2026
2021;161;duro;euskera;C1;;20/09/2026
2022;161;duro;permiso_trabajo;si;;20/09/2026
2023;161;duro;situacion_actual;recien_graduado;;18/09/2026
2024;161;peso;sector;tecnologia;2;13/09/2026
2025;161;peso;idioma;ingles;3;16/09/2026
2026;161;peso;estabilidad;indefinido;5;16/09/2026
2027;161;peso;movilidad;transporte_publico;2;16/09/2026
2028;161;peso;puesto_objetivo;Administrativo/a;5;08/09/2026
2029;161;exclusion;ett;si;;07/09/2026
2030;161;exclusion;empresa;3;;14/09/2026
2031;162;duro;municipio;Donostia;;12/09/2026
2032;162;duro;radio_km;20;;15/09/2026
2033;162;duro;contrato;temporal;;15/09/2026
2034;162;duro;salario_min;19000;;24/09/2026
2035;162;duro;situacion_actual;desempleado;;07/09/2026
2036;162;duro;turnos;si;;07/09/2026
2037;162;peso;sector;educacion;3;07/09/2026
2038;162;peso;sector;hosteleria;5;24/09/2026
2039;162;peso;sector;tecnologia;5;06/09/2026
2040;162;peso;tamano;pequeña;1;07/09/2026
2041;162;peso;idioma;ingles;3;07/09/2026
2042;162;peso;estabilidad;indefinido;3;05/09/2026
2043;162;peso;puesto_objetivo;Diseñador/a UX;5;23/09/2026
2044;162;exclusion;palabra;autónomo;;19/09/2026
2045;163;duro;municipio;Donostia;;04/09/2026
2046;163;duro;radio_km;10;;13/09/2026
2047;163;duro;contrato;indefinido;;04/09/2026
2048;163;duro;situacion_actual;estudiante;;10/09/2026
2049;163;peso;sector;comercio;4;22/09/2026
2050;163;peso;sector;finanzas;2;16/09/2026
2051;163;peso;estabilidad;indefinido;2;08/09/2026
2052;163;peso;movilidad;transporte_publico;4;11/09/2026
2053;163;peso;puesto_objetivo;Técnico/a de laboratorio;4;12/09/2026
2054;163;exclusion;ett;si;;21/09/2026
2055;163;exclusion;palabra;autónomo;;06/09/2026
2056;164;duro;municipio;Tolosa;;19/09/2026
2057;164;duro;radio_km;30;;15/09/2026
2058;164;duro;jornada;indiferente;;05/09/2026
2059;164;duro;salario_min;22000;;12/09/2026
2060;164;duro;modalidad;presencial;;06/09/2026
2061;164;duro;situacion_actual;estudiante;;24/09/2026
2062;164;duro;turnos;no;;20/09/2026
2063;164;peso;sector;logistica;2;20/09/2026
2064;164;peso;sector;salud;5;06/09/2026
2065;164;peso;movilidad;transporte_publico;5;12/09/2026
2066;165;duro;municipio;Ordizia;;18/09/2026
2067;165;duro;radio_km;30;;17/09/2026
2068;165;duro;contrato;practicas;;15/09/2026
2069;165;duro;salario_min;20000;;24/09/2026
2070;165;duro;modalidad;hibrida;;17/09/2026
2071;165;duro;situacion_actual;estudiante;;10/09/2026
2072;165;peso;sector;industria;5;16/09/2026
2073;165;peso;sector;logistica;4;22/09/2026
2074;165;peso;tamano;pequeña;4;12/09/2026
2075;165;peso;idioma;ingles;3;08/09/2026
2076;165;peso;movilidad;bici;2;20/09/2026
2077;165;peso;puesto_objetivo;Comercial;4;18/09/2026
2078;165;exclusion;ett;si;;23/09/2026
2079;165;exclusion;empresa;49;;14/09/2026
2080;166;duro;municipio;Donostia;;13/09/2026
2081;166;duro;jornada;indiferente;;11/09/2026
2082;166;duro;contrato;practicas;;20/09/2026
2083;166;duro;salario_min;25000;;23/09/2026
2084;166;duro;fecha_inicio_max;06/10/2026;;08/09/2026
2085;166;duro;situacion_actual;estudiante;;06/09/2026
2086;166;duro;turnos;si;;10/09/2026
2087;166;peso;sector;tecnologia;4;13/09/2026
2088;166;peso;tamano;mediana;3;11/09/2026
2089;166;peso;idioma;ingles;5;21/09/2026
2090;166;peso;estabilidad;indefinido;2;24/09/2026
2091;166;peso;movilidad;bici;2;11/09/2026
2092;166;exclusion;empresa;59;;19/09/2026
2093;167;duro;municipio;Tolosa;;23/09/2026
2094;167;duro;radio_km;10;;18/09/2026
2095;167;duro;jornada;completa;;24/09/2026
2096;167;duro;contrato;temporal;;10/09/2026
2097;167;duro;modalidad;presencial;;10/09/2026
2098;167;duro;permiso_trabajo;si;;12/09/2026
2099;167;duro;situacion_actual;estudiante;;24/09/2026
2100;167;peso;sector;tecnologia;4;14/09/2026
2101;167;peso;tamano;pequeña;2;09/09/2026
2102;167;peso;puesto_objetivo;Consultor/a junior;4;11/09/2026
2103;168;duro;municipio;Lasarte-Oria;;24/09/2026
2104;168;duro;radio_km;30;;24/09/2026
2105;168;duro;jornada;indiferente;;12/09/2026
2106;168;duro;salario_min;25000;;17/09/2026
2107;168;duro;situacion_actual;desempleado;;21/09/2026
2108;168;duro;turnos;no;;09/09/2026
2109;168;peso;sector;logistica;3;09/09/2026
2110;168;peso;tamano;mediana;2;21/09/2026
2111;168;peso;estabilidad;indefinido;4;20/09/2026
2112;168;peso;movilidad;bici;1;13/09/2026
2113;168;peso;puesto_objetivo;Delineante;4;23/09/2026
2114;169;duro;municipio;Errenteria;;24/09/2026
2115;169;duro;jornada;indiferente;;09/09/2026
2116;169;duro;salario_min;19000;;18/09/2026
2117;169;duro;modalidad;hibrida;;18/09/2026
2118;169;duro;situacion_actual;recien_graduado;;08/09/2026
2119;169;duro;turnos;si;;20/09/2026
2120;169;peso;sector;comercio;3;09/09/2026
2121;169;peso;idioma;ingles;2;07/09/2026
2122;169;peso;puesto_objetivo;Auxiliar contable;5;23/09/2026
2123;170;duro;municipio;Azpeitia;;22/09/2026
2124;170;duro;radio_km;50;;09/09/2026
2125;170;duro;jornada;parcial;;10/09/2026
2126;170;duro;contrato;temporal;;17/09/2026
2127;170;duro;modalidad;presencial;;11/09/2026
2128;170;duro;situacion_actual;estudiante;;12/09/2026
2129;170;peso;sector;tecnologia;2;20/09/2026
2130;170;peso;idioma;ingles;4;10/09/2026
2131;170;peso;movilidad;coche;2;09/09/2026
2132;170;peso;puesto_objetivo;Ingeniero/a de procesos;3;09/09/2026
2133;171;duro;municipio;Zumarraga;;25/09/2026
2134;171;duro;radio_km;10;;24/09/2026
2135;171;duro;jornada;parcial;;16/09/2026
2136;171;duro;contrato;temporal;;15/09/2026
2137;171;duro;modalidad;hibrida;;14/09/2026
2138;171;duro;euskera;C1;;08/09/2026
2139;171;duro;situacion_actual;recien_graduado;;12/09/2026
2140;171;duro;turnos;si;;13/09/2026
2141;171;peso;sector;educacion;3;16/09/2026
2142;171;peso;sector;finanzas;2;15/09/2026
2143;171;peso;sector;logistica;5;16/09/2026
2144;171;peso;tamano;grande;5;17/09/2026
2145;171;peso;estabilidad;indefinido;4;11/09/2026
2146;171;peso;movilidad;bici;1;21/09/2026
2147;171;peso;puesto_objetivo;Diseñador/a UX;3;15/09/2026
2148;172;duro;municipio;Zumarraga;;19/09/2026
2149;172;duro;radio_km;20;;19/09/2026
2150;172;duro;salario_min;30000;;09/09/2026
2151;172;duro;modalidad;presencial;;08/09/2026
2152;172;duro;euskera;C1;;19/09/2026
2153;172;duro;situacion_actual;desempleado;;08/09/2026
2154;172;duro;turnos;no;;24/09/2026
2155;172;peso;sector;construccion;5;11/09/2026
2156;172;peso;tamano;grande;3;25/09/2026
2157;172;peso;idioma;ingles;3;21/09/2026
2158;173;duro;municipio;Pasaia;;19/09/2026
2159;173;duro;jornada;indiferente;;25/09/2026
2160;173;duro;contrato;temporal;;12/09/2026
2161;173;duro;salario_min;26000;;16/09/2026
2162;173;duro;modalidad;remoto;;10/09/2026
2163;173;duro;situacion_actual;recien_graduado;;23/09/2026
2164;173;duro;turnos;si;;16/09/2026
2165;173;peso;sector;consultoria;3;13/09/2026
2166;173;peso;sector;construccion;5;25/09/2026
2167;173;peso;tamano;grande;5;20/09/2026
2168;173;peso;estabilidad;indefinido;5;15/09/2026
2169;173;peso;movilidad;transporte_publico;4;24/09/2026
2170;173;exclusion;ett;si;;10/09/2026
2171;173;exclusion;palabra;autónomo;;21/09/2026
2172;174;duro;municipio;Donostia;;15/09/2026
2173;174;duro;jornada;completa;;20/09/2026
2174;174;duro;contrato;indefinido;;25/09/2026
2175;174;duro;salario_min;31000;;08/09/2026
2176;174;duro;euskera;B1;;25/09/2026
2177;174;duro;situacion_actual;desempleado;;23/09/2026
2178;174;duro;turnos;no;;20/09/2026
2179;174;peso;sector;consultoria;4;15/09/2026
2180;174;peso;tamano;grande;5;23/09/2026
2181;174;peso;idioma;ingles;4;10/09/2026
2182;174;peso;estabilidad;indefinido;5;13/09/2026
2183;174;peso;puesto_objetivo;Analista de datos;5;13/09/2026
2184;174;exclusion;palabra;autónomo;;24/09/2026
2185;174;exclusion;sector;comercio;;13/09/2026
2186;175;duro;municipio;Zarautz;;21/09/2026
2187;175;duro;radio_km;30;;16/09/2026
2188;175;duro;contrato;indefinido;;22/09/2026
2189;175;duro;salario_min;21000;;21/09/2026
2190;175;duro;fecha_inicio_max;09/10/2026;;20/09/2026
2191;175;duro;situacion_actual;estudiante;;18/09/2026
2192;175;peso;sector;salud;2;19/09/2026
2193;175;peso;sector;finanzas;2;12/09/2026
2194;175;peso;idioma;ingles;2;24/09/2026
2195;175;peso;estabilidad;indefinido;2;23/09/2026
2196;175;peso;movilidad;transporte_publico;2;16/09/2026
2197;175;peso;puesto_objetivo;Técnico/a de laboratorio;5;17/09/2026
2198;175;exclusion;empresa;32;;23/09/2026
2199;176;duro;municipio;Pasaia;;15/09/2026
2200;176;duro;radio_km;30;;24/09/2026
2201;176;duro;jornada;parcial;;17/09/2026
2202;176;duro;salario_min;24000;;14/09/2026
2203;176;duro;euskera;B2;;17/09/2026
2204;176;duro;situacion_actual;empleado;;12/09/2026
2205;176;duro;turnos;no;;14/09/2026
2206;176;peso;sector;finanzas;3;24/09/2026
2207;176;peso;sector;industria;3;18/09/2026
2208;176;peso;sector;hosteleria;5;11/09/2026
2209;176;peso;movilidad;coche;3;18/09/2026
2210;176;peso;puesto_objetivo;Programador/a junior;3;17/09/2026
2211;176;exclusion;ett;si;;12/09/2026
2212;176;exclusion;sector;salud;;20/09/2026
2213;177;duro;municipio;Andoain;;12/09/2026
2214;177;duro;radio_km;50;;25/09/2026
2215;177;duro;jornada;completa;;19/09/2026
2216;177;duro;salario_min;26000;;18/09/2026
2217;177;duro;fecha_inicio_max;11/10/2026;;16/09/2026
2218;177;duro;situacion_actual;desempleado;;16/09/2026
2219;177;peso;sector;tecnologia;2;15/09/2026
2220;177;peso;sector;finanzas;2;25/09/2026
2221;177;peso;idioma;ingles;4;19/09/2026
2222;177;peso;estabilidad;indefinido;4;14/09/2026
2223;178;duro;municipio;Donostia;;17/09/2026
2224;178;duro;radio_km;50;;21/09/2026
2225;178;duro;jornada;parcial;;14/09/2026
2226;178;duro;salario_min;24000;;25/09/2026
2227;178;duro;modalidad;remoto;;17/09/2026
2228;178;duro;euskera;B1;;13/09/2026
2229;178;duro;fecha_inicio_max;12/10/2026;;15/09/2026
2230;178;duro;permiso_trabajo;si;;12/09/2026
2231;178;duro;situacion_actual;empleado;;17/09/2026
2232;178;peso;sector;finanzas;4;21/09/2026
2233;178;peso;sector;consultoria;5;18/09/2026
2234;178;peso;sector;comercio;4;15/09/2026
2235;178;peso;tamano;pequeña;4;14/09/2026
2236;178;peso;idioma;ingles;4;12/09/2026
2237;178;peso;puesto_objetivo;Operario/a de producción;3;13/09/2026
2238;178;exclusion;sector;consultoria;;23/09/2026
2239;179;duro;municipio;Donostia;;16/09/2026
2240;179;duro;radio_km;30;;14/09/2026
2241;179;duro;jornada;completa;;14/09/2026
2242;179;duro;salario_min;21000;;15/09/2026
2243;179;duro;situacion_actual;estudiante;;12/09/2026
2244;179;peso;sector;salud;2;18/09/2026
2245;179;peso;sector;construccion;5;17/09/2026
2246;179;peso;sector;industria;2;12/09/2026
2247;179;peso;movilidad;transporte_publico;4;14/09/2026
2248;180;duro;municipio;Donostia;;20/09/2026
2249;180;duro;radio_km;20;;24/09/2026
2250;180;duro;salario_min;32000;;19/09/2026
2251;180;duro;modalidad;presencial;;15/09/2026
2252;180;duro;euskera;B1;;12/09/2026
2253;180;duro;situacion_actual;desempleado;;25/09/2026
2254;180;duro;turnos;si;;23/09/2026
2255;180;peso;sector;finanzas;2;18/09/2026
2256;180;peso;sector;industria;4;12/09/2026
2257;180;peso;sector;logistica;3;25/09/2026
2258;180;peso;idioma;ingles;5;13/09/2026
2259;180;exclusion;palabra;turno de noche;;23/09/2026
2260;180;exclusion;sector;consultoria;;14/09/2026
2261;181;duro;municipio;Beasain;;20/09/2026
2262;181;duro;radio_km;20;;13/09/2026
2263;181;duro;jornada;indiferente;;18/09/2026
2264;181;duro;contrato;temporal;;17/09/2026
2265;181;duro;salario_min;28000;;15/09/2026
2266;181;duro;euskera;B1;;20/09/2026
2267;181;duro;fecha_inicio_max;12/11/2026;;14/09/2026
2268;181;duro;permiso_trabajo;si;;14/09/2026
2269;181;duro;situacion_actual;desempleado;;16/09/2026
2270;181;duro;turnos;si;;22/09/2026
2271;181;peso;sector;industria;4;23/09/2026
2272;181;peso;sector;consultoria;2;19/09/2026
2273;181;peso;idioma;ingles;5;22/09/2026
2274;181;peso;estabilidad;indefinido;4;20/09/2026
2275;181;peso;movilidad;transporte_publico;1;13/09/2026
2276;181;peso;puesto_objetivo;Técnico/a de marketing digital;5;24/09/2026
2277;181;exclusion;ett;si;;25/09/2026
2278;182;duro;municipio;Lasarte-Oria;;15/09/2026
2279;182;duro;jornada;parcial;;18/09/2026
2280;182;duro;modalidad;hibrida;;15/09/2026
2281;182;duro;euskera;A2;;18/09/2026
2282;182;duro;situacion_actual;desempleado;;18/09/2026
2283;182;duro;turnos;si;;16/09/2026
2284;182;peso;sector;finanzas;4;22/09/2026
2285;182;peso;sector;industria;4;17/09/2026
2286;182;peso;tamano;pequeña;3;21/09/2026
2287;182;peso;estabilidad;indefinido;5;17/09/2026
2288;182;peso;movilidad;coche;2;15/09/2026
2289;182;peso;puesto_objetivo;Analista de datos;3;18/09/2026
2290;183;duro;municipio;Donostia;;25/09/2026
2291;183;duro;radio_km;20;;15/09/2026
2292;183;duro;salario_min;16000;;23/09/2026
2293;183;duro;situacion_actual;estudiante;;21/09/2026
2294;183;peso;sector;industria;5;16/09/2026
2295;183;peso;sector;comercio;2;17/09/2026
2296;183;peso;sector;consultoria;3;17/09/2026
2297;183;peso;tamano;grande;2;20/09/2026
2298;183;peso;idioma;ingles;5;18/09/2026
2299;183;peso;estabilidad;indefinido;2;24/09/2026
2300;183;peso;puesto_objetivo;Operario/a de producción;3;15/09/2026
2301;183;exclusion;ett;si;;21/09/2026
2302;183;exclusion;palabra;comisiones;;21/09/2026
2303;183;exclusion;sector;hosteleria;;18/09/2026
2304;184;duro;municipio;Tolosa;;22/09/2026
2305;184;duro;radio_km;10;;15/09/2026
2306;184;duro;jornada;parcial;;20/09/2026
2307;184;duro;contrato;indefinido;;20/09/2026
2308;184;duro;salario_min;19000;;21/09/2026
2309;184;duro;situacion_actual;recien_graduado;;15/09/2026
2310;184;duro;turnos;si;;19/09/2026
2311;184;peso;sector;industria;5;15/09/2026
2312;184;peso;tamano;grande;1;25/09/2026
2313;184;peso;idioma;ingles;2;19/09/2026
2314;184;peso;movilidad;bici;5;17/09/2026
2315;184;peso;puesto_objetivo;Técnico/a de marketing digital;4;24/09/2026
2316;185;duro;municipio;Donostia;;22/09/2026
2317;185;duro;radio_km;30;;16/09/2026
2318;185;duro;fecha_inicio_max;14/11/2026;;15/09/2026
2319;185;duro;situacion_actual;estudiante;;20/09/2026
2320;185;peso;sector;consultoria;4;23/09/2026
2321;185;peso;sector;educacion;5;21/09/2026
2322;185;peso;sector;comercio;5;17/09/2026
2323;185;peso;puesto_objetivo;Desarrollador/a backend;3;18/09/2026
2324;185;exclusion;ett;si;;24/09/2026
2325;185;exclusion;palabra;fines de semana;;23/09/2026
2326;185;exclusion;sector;logistica;;19/09/2026
2327;186;duro;municipio;Tolosa;;18/09/2026
2328;186;duro;radio_km;20;;20/09/2026
2329;186;duro;jornada;parcial;;17/09/2026
2330;186;duro;salario_min;24000;;24/09/2026
2331;186;duro;situacion_actual;recien_graduado;;16/09/2026
2332;186;duro;turnos;no;;25/09/2026
2333;186;peso;sector;logistica;5;16/09/2026
2334;186;peso;sector;industria;3;19/09/2026
2335;186;peso;sector;finanzas;3;22/09/2026
2336;186;peso;tamano;pequeña;4;19/09/2026
2337;186;peso;estabilidad;indefinido;2;17/09/2026
2338;186;peso;puesto_objetivo;Técnico/a de logística;4;20/09/2026
2339;186;exclusion;ett;si;;25/09/2026
2340;187;duro;municipio;Azpeitia;;24/09/2026
2341;187;duro;radio_km;10;;21/09/2026
2342;187;duro;jornada;completa;;25/09/2026
2343;187;duro;contrato;practicas;;18/09/2026
2344;187;duro;modalidad;hibrida;;17/09/2026
2345;187;duro;euskera;B2;;24/09/2026
2346;187;duro;situacion_actual;estudiante;;20/09/2026
2347;187;peso;sector;industria;2;19/09/2026
2348;187;peso;sector;tecnologia;2;25/09/2026
2349;187;peso;sector;logistica;4;23/09/2026
2350;187;peso;tamano;grande;5;25/09/2026
2351;187;peso;idioma;ingles;1;25/09/2026
2352;187;exclusion;ett;si;;25/09/2026
2353;187;exclusion;sector;comercio;;20/09/2026
2354;187;exclusion;empresa;2;;19/09/2026
2355;188;duro;municipio;Andoain;;25/09/2026
2356;188;duro;radio_km;50;;16/09/2026
2357;188;duro;salario_min;28000;;16/09/2026
2358;188;duro;modalidad;hibrida;;16/09/2026
2359;188;duro;situacion_actual;estudiante;;24/09/2026
2360;188;peso;sector;educacion;4;19/09/2026
2361;188;peso;sector;tecnologia;2;22/09/2026
2362;188;peso;sector;industria;5;18/09/2026
2363;188;peso;tamano;mediana;5;23/09/2026
2364;188;peso;estabilidad;indefinido;5;18/09/2026
2365;188;peso;puesto_objetivo;Programador/a junior;5;16/09/2026
2366;188;exclusion;sector;construccion;;20/09/2026
2367;189;duro;municipio;Irun;;25/09/2026
2368;189;duro;jornada;completa;;16/09/2026
2369;189;duro;contrato;practicas;;19/09/2026
2370;189;duro;salario_min;32000;;24/09/2026
2371;189;duro;modalidad;presencial;;24/09/2026
2372;189;duro;fecha_inicio_max;15/11/2026;;19/09/2026
2373;189;duro;situacion_actual;desempleado;;19/09/2026
2374;189;peso;sector;tecnologia;3;24/09/2026
2375;189;peso;sector;industria;4;17/09/2026
2376;189;peso;sector;educacion;5;17/09/2026
2377;189;peso;tamano;pequeña;1;22/09/2026
2378;189;peso;estabilidad;indefinido;5;21/09/2026
2379;189;peso;movilidad;transporte_publico;2;21/09/2026
2380;189;exclusion;ett;si;;18/09/2026
2381;189;exclusion;palabra;turno de noche;;18/09/2026
2382;190;duro;municipio;Zarautz;;25/09/2026
2383;190;duro;radio_km;50;;17/09/2026
2384;190;duro;jornada;indiferente;;24/09/2026
2385;190;duro;contrato;temporal;;17/09/2026
2386;190;duro;salario_min;29000;;19/09/2026
2387;190;duro;situacion_actual;estudiante;;19/09/2026
2388;190;peso;sector;construccion;3;21/09/2026
2389;190;peso;sector;consultoria;4;20/09/2026
2390;190;peso;sector;logistica;2;19/09/2026
2391;190;peso;tamano;grande;5;17/09/2026
2392;190;peso;idioma;ingles;4;17/09/2026
2393;190;peso;estabilidad;indefinido;3;25/09/2026
2394;190;exclusion;ett;si;;19/09/2026
2395;190;exclusion;palabra;turno de noche;;25/09/2026
2396;190;exclusion;sector;hosteleria;;22/09/2026
2397;191;duro;municipio;Bergara;;18/09/2026
2398;191;duro;radio_km;20;;25/09/2026
2399;191;duro;jornada;completa;;21/09/2026
2400;191;duro;contrato;temporal;;21/09/2026
2401;191;duro;salario_min;30000;;22/09/2026
2402;191;duro;modalidad;remoto;;20/09/2026
2403;191;duro;situacion_actual;estudiante;;18/09/2026
2404;191;peso;sector;salud;2;19/09/2026
2405;191;peso;sector;logistica;4;17/09/2026
2406;191;peso;sector;tecnologia;5;21/09/2026
2407;191;peso;estabilidad;indefinido;5;22/09/2026
2408;191;peso;movilidad;coche;3;17/09/2026
2409;192;duro;municipio;Errenteria;;23/09/2026
2410;192;duro;radio_km;10;;17/09/2026
2411;192;duro;modalidad;hibrida;;19/09/2026
2412;192;duro;fecha_inicio_max;17/10/2026;;22/09/2026
2413;192;duro;permiso_trabajo;si;;24/09/2026
2414;192;duro;situacion_actual;recien_graduado;;19/09/2026
2415;192;duro;turnos;si;;21/09/2026
2416;192;peso;sector;consultoria;3;21/09/2026
2417;192;peso;tamano;pequeña;3;21/09/2026
2418;192;peso;idioma;ingles;5;24/09/2026
2419;192;peso;puesto_objetivo;Comercial;3;25/09/2026
2420;193;duro;municipio;Errenteria;;23/09/2026
2421;193;duro;radio_km;20;;23/09/2026
2422;193;duro;jornada;parcial;;19/09/2026
2423;193;duro;contrato;indefinido;;24/09/2026
2424;193;duro;salario_min;30000;;18/09/2026
2425;193;duro;euskera;B1;;21/09/2026
2426;193;duro;situacion_actual;desempleado;;23/09/2026
2427;193;duro;turnos;no;;22/09/2026
2428;193;peso;sector;logistica;2;23/09/2026
2429;193;peso;sector;finanzas;3;25/09/2026
2430;193;peso;sector;consultoria;2;23/09/2026
2431;193;peso;idioma;ingles;2;22/09/2026
2432;193;peso;estabilidad;indefinido;3;18/09/2026
2433;193;exclusion;ett;si;;19/09/2026
2434;193;exclusion;sector;industria;;25/09/2026
2435;194;duro;municipio;Errenteria;;23/09/2026
2436;194;duro;radio_km;50;;19/09/2026
2437;194;duro;jornada;indiferente;;22/09/2026
2438;194;duro;contrato;indefinido;;22/09/2026
2439;194;duro;euskera;B1;;21/09/2026
2440;194;duro;situacion_actual;empleado;;25/09/2026
2441;194;peso;sector;logistica;5;25/09/2026
2442;194;peso;sector;consultoria;2;20/09/2026
2443;194;peso;sector;salud;3;23/09/2026
2444;194;peso;estabilidad;indefinido;4;24/09/2026
2445;194;peso;movilidad;bici;3;23/09/2026
2446;194;peso;puesto_objetivo;Técnico/a de calidad;3;25/09/2026
2447;194;exclusion;ett;si;;21/09/2026
2448;194;exclusion;palabra;turno de noche;;25/09/2026
2449;195;duro;municipio;Hernani;;21/09/2026
2450;195;duro;radio_km;50;;22/09/2026
2451;195;duro;jornada;parcial;;21/09/2026
2452;195;duro;contrato;indefinido;;25/09/2026
2453;195;duro;salario_min;31000;;19/09/2026
2454;195;duro;fecha_inicio_max;18/11/2026;;24/09/2026
2455;195;duro;situacion_actual;desempleado;;24/09/2026
2456;195;duro;turnos;si;;22/09/2026
2457;195;peso;sector;consultoria;4;19/09/2026
2458;195;peso;sector;construccion;2;20/09/2026
2459;195;peso;sector;comercio;2;23/09/2026
2460;195;peso;tamano;mediana;1;22/09/2026
2461;195;peso;idioma;ingles;2;25/09/2026
2462;195;peso;estabilidad;indefinido;3;25/09/2026
2463;195;peso;puesto_objetivo;Consultor/a junior;3;24/09/2026
2464;195;exclusion;ett;si;;21/09/2026
2465;196;duro;municipio;Eibar;;22/09/2026
2466;196;duro;radio_km;30;;22/09/2026
2467;196;duro;jornada;completa;;24/09/2026
2468;196;duro;salario_min;26000;;20/09/2026
2469;196;duro;euskera;A2;;24/09/2026
2470;196;duro;situacion_actual;recien_graduado;;21/09/2026
2471;196;peso;sector;industria;5;23/09/2026
2472;196;peso;sector;salud;4;23/09/2026
2473;196;peso;sector;hosteleria;2;20/09/2026
2474;196;peso;tamano;pequeña;1;22/09/2026
2475;196;peso;puesto_objetivo;Educador/a;5;21/09/2026
2476;196;exclusion;palabra;comisiones;;24/09/2026
2477;196;exclusion;sector;logistica;;21/09/2026
2478;197;duro;municipio;Irun;;22/09/2026
2479;197;duro;radio_km;10;;23/09/2026
2480;197;duro;contrato;temporal;;24/09/2026
2481;197;duro;salario_min;17000;;25/09/2026
2482;197;duro;modalidad;remoto;;21/09/2026
2483;197;duro;fecha_inicio_max;21/10/2026;;25/09/2026
2484;197;duro;situacion_actual;empleado;;25/09/2026
2485;197;duro;turnos;si;;21/09/2026
2486;197;peso;sector;tecnologia;2;21/09/2026
2487;197;peso;sector;finanzas;4;21/09/2026
2488;197;peso;estabilidad;indefinido;4;25/09/2026
2489;197;peso;movilidad;coche;5;22/09/2026
2490;197;peso;puesto_objetivo;Técnico/a de RRHH;4;23/09/2026
2491;197;exclusion;sector;hosteleria;;22/09/2026
2492;198;duro;municipio;Donostia;;23/09/2026
2493;198;duro;radio_km;30;;23/09/2026
2494;198;duro;euskera;B2;;21/09/2026
2495;198;duro;fecha_inicio_max;20/11/2026;;21/09/2026
2496;198;duro;situacion_actual;estudiante;;24/09/2026
2497;198;peso;sector;hosteleria;4;22/09/2026
2498;198;peso;idioma;ingles;5;22/09/2026
2499;198;peso;estabilidad;indefinido;3;21/09/2026
2500;198;peso;movilidad;bici;5;21/09/2026
2501;199;duro;municipio;Irun;;22/09/2026
2502;199;duro;radio_km;50;;23/09/2026
2503;199;duro;jornada;completa;;24/09/2026
2504;199;duro;contrato;temporal;;24/09/2026
2505;199;duro;salario_min;26000;;23/09/2026
2506;199;duro;euskera;C1;;25/09/2026
2507;199;duro;situacion_actual;desempleado;;24/09/2026
2508;199;peso;sector;logistica;3;22/09/2026
2509;199;peso;sector;educacion;3;22/09/2026
2510;199;peso;idioma;ingles;1;24/09/2026
2511;199;peso;estabilidad;indefinido;3;22/09/2026
2512;199;peso;puesto_objetivo;Recepcionista;5;22/09/2026
2513;199;exclusion;palabra;comisiones;;22/09/2026
2514;200;duro;municipio;Beasain;;24/09/2026
2515;200;duro;radio_km;30;;22/09/2026
2516;200;duro;salario_min;16000;;25/09/2026
2517;200;duro;euskera;B1;;23/09/2026
2518;200;duro;fecha_inicio_max;21/12/2026;;24/09/2026
2519;200;duro;situacion_actual;estudiante;;22/09/2026
2520;200;peso;sector;consultoria;4;22/09/2026
2521;200;peso;sector;tecnologia;4;23/09/2026
2522;200;peso;sector;finanzas;2;25/09/2026
2523;200;peso;tamano;pequeña;4;22/09/2026
2524;200;peso;movilidad;bici;1;24/09/2026
2525;200;peso;puesto_objetivo;Programador/a junior;5;22/09/2026
2526;200;exclusion;empresa;51;;23/09/2026
